series,outer_model,block_bits,dimension,message_exponent,message_bits,output_bits,outer_rows,bad_weight,step_bits,state_bits,epochs_per_region,margin_bits,dominant_weight,dominant_log_surprisal,dominant_witness_at_grid_edge,a_minimum_distance,kernel_minimum_distance,kernel_weight_four,map_tag,map_source,notes
"extended BCH [8,4,4] exact",fixed,8,4,16,65536,131072,16384,13107,64,14,256,1.1711253544330646,4,-7.1,0,16,4,48,nested-bf1e9a894c05f123,workstreams/finite_asymptotic_theory/landscape_db/activation_pilot_v1/maps/t64_s14.json,Activation-aware Q1 only; unselected nested chain; nearest binary64; no full-distance claim.
"extended BCH [32,16,8] exact",fixed,32,16,16,65536,131072,4096,13107,64,14,64,5.612589712034172,8,-6.3,0,16,4,48,nested-bf1e9a894c05f123,workstreams/finite_asymptotic_theory/landscape_db/activation_pilot_v1/maps/t64_s14.json,Activation-aware Q1 only; unselected nested chain; nearest binary64; no full-distance claim.
"extended BCH [128,64,22] exact",fixed,128,64,16,65536,131072,1024,13107,64,14,16,35.55780813711561,22,-5.7,0,16,4,48,nested-bf1e9a894c05f123,workstreams/finite_asymptotic_theory/landscape_db/activation_pilot_v1/maps/t64_s14.json,Activation-aware Q1 only; unselected nested chain; nearest binary64; no full-distance claim.
"Philips shortened-XBCH [64,32,12] exact",fixed,64,32,16,65536,131072,2048,13107,64,14,32,13.729725132697592,12,-6.2,0,16,4,48,nested-bf1e9a894c05f123,workstreams/finite_asymptotic_theory/landscape_db/activation_pilot_v1/maps/t64_s14.json,Activation-aware Q1 only; unselected nested chain; nearest binary64; no full-distance claim.
"RM(1,3) [8,4,4] exact",fixed,8,4,16,65536,131072,16384,13107,64,14,256,1.1711253544330646,4,-7.1,0,16,4,48,nested-bf1e9a894c05f123,workstreams/finite_asymptotic_theory/landscape_db/activation_pilot_v1/maps/t64_s14.json,Activation-aware Q1 only; unselected nested chain; nearest binary64; no full-distance claim.
"RM(2,5) [32,16,8] exact",fixed,32,16,16,65536,131072,4096,13107,64,14,64,5.612589712034172,8,-6.3,0,16,4,48,nested-bf1e9a894c05f123,workstreams/finite_asymptotic_theory/landscape_db/activation_pilot_v1/maps/t64_s14.json,Activation-aware Q1 only; unselected nested chain; nearest binary64; no full-distance claim.
"RM(3,7) [128,64,16] exact",fixed,128,64,16,65536,131072,1024,13107,64,14,16,14.27844972102629,16,-6.3,0,16,4,48,nested-bf1e9a894c05f123,workstreams/finite_asymptotic_theory/landscape_db/activation_pilot_v1/maps/t64_s14.json,Activation-aware Q1 only; unselected nested chain; nearest binary64; no full-distance claim.
"RM(4,9) [512,256,32] exact",fixed,512,256,16,65536,131072,256,13107,64,14,4,42.497519366025955,32,-5.9,0,16,4,48,nested-bf1e9a894c05f123,workstreams/finite_asymptotic_theory/landscape_db/activation_pilot_v1/maps/t64_s14.json,Activation-aware Q1 only; unselected nested chain; nearest binary64; no full-distance claim.
"random full-rank [64,32] reused",random-ensemble-average,64,32,16,65536,131072,2048,13107,64,14,32,5.385429681102744,7,-7.2,0,16,4,48,nested-bf1e9a894c05f123,workstreams/finite_asymptotic_theory/landscape_db/activation_pilot_v1/maps/t64_s14.json,Activation-aware Q1 only; unselected nested chain; nearest binary64; no full-distance claim.
"random full-rank [128,64] reused",random-ensemble-average,128,64,16,65536,131072,1024,13107,64,14,16,24.95716048232669,13,-6.6,0,16,4,48,nested-bf1e9a894c05f123,workstreams/finite_asymptotic_theory/landscape_db/activation_pilot_v1/maps/t64_s14.json,Activation-aware Q1 only; unselected nested chain; nearest binary64; no full-distance claim.
"random full-rank [512,256] reused",random-ensemble-average,512,256,16,65536,131072,256,13107,64,14,4,139.32624683206078,52,-5.2,0,16,4,48,nested-bf1e9a894c05f123,workstreams/finite_asymptotic_theory/landscape_db/activation_pilot_v1/maps/t64_s14.json,Activation-aware Q1 only; unselected nested chain; nearest binary64; no full-distance claim.
"extended BCH [8,4,4] exact",fixed,8,4,20,1048576,2097152,262144,209715,64,14,4096,-3.3353018062119264,4,-9.8,0,16,4,48,nested-bf1e9a894c05f123,workstreams/finite_asymptotic_theory/landscape_db/activation_pilot_v1/maps/t64_s14.json,Activation-aware Q1 only; unselected nested chain; nearest binary64; no full-distance claim.
"extended BCH [32,16,8] exact",fixed,32,16,20,1048576,2097152,65536,209715,64,14,1024,1.155380852400658,8,-9.1,0,16,4,48,nested-bf1e9a894c05f123,workstreams/finite_asymptotic_theory/landscape_db/activation_pilot_v1/maps/t64_s14.json,Activation-aware Q1 only; unselected nested chain; nearest binary64; no full-distance claim.
"extended BCH [128,64,22] exact",fixed,128,64,20,1048576,2097152,16384,209715,64,14,256,31.243163966359326,22,-8.5,0,16,4,48,nested-bf1e9a894c05f123,workstreams/finite_asymptotic_theory/landscape_db/activation_pilot_v1/maps/t64_s14.json,Activation-aware Q1 only; unselected nested chain; nearest binary64; no full-distance claim.
"Philips shortened-XBCH [64,32,12] exact",fixed,64,32,20,1048576,2097152,32768,209715,64,14,512,9.309976474598042,12,-9.0,0,16,4,48,nested-bf1e9a894c05f123,workstreams/finite_asymptotic_theory/landscape_db/activation_pilot_v1/maps/t64_s14.json,Activation-aware Q1 only; unselected nested chain; nearest binary64; no full-distance claim.
"RM(1,3) [8,4,4] exact",fixed,8,4,20,1048576,2097152,262144,209715,64,14,4096,-3.3353018062119264,4,-9.8,0,16,4,48,nested-bf1e9a894c05f123,workstreams/finite_asymptotic_theory/landscape_db/activation_pilot_v1/maps/t64_s14.json,Activation-aware Q1 only; unselected nested chain; nearest binary64; no full-distance claim.
"RM(2,5) [32,16,8] exact",fixed,32,16,20,1048576,2097152,65536,209715,64,14,1024,1.155380852400658,8,-9.1,0,16,4,48,nested-bf1e9a894c05f123,workstreams/finite_asymptotic_theory/landscape_db/activation_pilot_v1/maps/t64_s14.json,Activation-aware Q1 only; unselected nested chain; nearest binary64; no full-distance claim.
"RM(3,7) [128,64,16] exact",fixed,128,64,20,1048576,2097152,16384,209715,64,14,256,9.823263332344737,16,-9.1,0,16,4,48,nested-bf1e9a894c05f123,workstreams/finite_asymptotic_theory/landscape_db/activation_pilot_v1/maps/t64_s14.json,Activation-aware Q1 only; unselected nested chain; nearest binary64; no full-distance claim.
"RM(4,9) [512,256,32] exact",fixed,512,256,20,1048576,2097152,4096,209715,64,14,64,38.16369166653844,32,-8.6,0,16,4,48,nested-bf1e9a894c05f123,workstreams/finite_asymptotic_theory/landscape_db/activation_pilot_v1/maps/t64_s14.json,Activation-aware Q1 only; unselected nested chain; nearest binary64; no full-distance claim.
"random full-rank [64,32] reused",random-ensemble-average,64,32,20,1048576,2097152,32768,209715,64,14,512,0.879760720027547,7,-10.0,0,16,4,48,nested-bf1e9a894c05f123,workstreams/finite_asymptotic_theory/landscape_db/activation_pilot_v1/maps/t64_s14.json,Activation-aware Q1 only; unselected nested chain; nearest binary64; no full-distance claim.
"random full-rank [128,64] reused",random-ensemble-average,128,64,20,1048576,2097152,16384,209715,64,14,256,20.48567534239645,13,-9.4,0,16,4,48,nested-bf1e9a894c05f123,workstreams/finite_asymptotic_theory/landscape_db/activation_pilot_v1/maps/t64_s14.json,Activation-aware Q1 only; unselected nested chain; nearest binary64; no full-distance claim.
"random full-rank [512,256] reused",random-ensemble-average,512,256,20,1048576,2097152,4096,209715,64,14,64,135.24418758992346,54,-7.9,0,16,4,48,nested-bf1e9a894c05f123,workstreams/finite_asymptotic_theory/landscape_db/activation_pilot_v1/maps/t64_s14.json,Activation-aware Q1 only; unselected nested chain; nearest binary64; no full-distance claim.
"extended BCH [8,4,4] exact",fixed,8,4,16,65536,131072,16384,13107,64,16,256,2.9957007907611026,4,-7.0,0,16,6,0,nested-3beb4674c57a0302,workstreams/finite_asymptotic_theory/landscape_db/activation_pilot_v1/maps/t64_s16.json,Activation-aware Q1 only; unselected nested chain; nearest binary64; no full-distance claim.
"extended BCH [32,16,8] exact",fixed,32,16,16,65536,131072,4096,13107,64,16,64,6.831088942823192,8,-6.1,0,16,6,0,nested-3beb4674c57a0302,workstreams/finite_asymptotic_theory/landscape_db/activation_pilot_v1/maps/t64_s16.json,Activation-aware Q1 only; unselected nested chain; nearest binary64; no full-distance claim.
"extended BCH [128,64,22] exact",fixed,128,64,16,65536,131072,1024,13107,64,16,16,36.268860717350705,22,-5.7,0,16,6,0,nested-3beb4674c57a0302,workstreams/finite_asymptotic_theory/landscape_db/activation_pilot_v1/maps/t64_s16.json,Activation-aware Q1 only; unselected nested chain; nearest binary64; no full-distance claim.
"Philips shortened-XBCH [64,32,12] exact",fixed,64,32,16,65536,131072,2048,13107,64,16,32,14.11361720518146,12,-6.2,0,16,6,0,nested-3beb4674c57a0302,workstreams/finite_asymptotic_theory/landscape_db/activation_pilot_v1/maps/t64_s16.json,Activation-aware Q1 only; unselected nested chain; nearest binary64; no full-distance claim.
"RM(1,3) [8,4,4] exact",fixed,8,4,16,65536,131072,16384,13107,64,16,256,2.9957007907611026,4,-7.0,0,16,6,0,nested-3beb4674c57a0302,workstreams/finite_asymptotic_theory/landscape_db/activation_pilot_v1/maps/t64_s16.json,Activation-aware Q1 only; unselected nested chain; nearest binary64; no full-distance claim.
"RM(2,5) [32,16,8] exact",fixed,32,16,16,65536,131072,4096,13107,64,16,64,6.831088942823192,8,-6.1,0,16,6,0,nested-3beb4674c57a0302,workstreams/finite_asymptotic_theory/landscape_db/activation_pilot_v1/maps/t64_s16.json,Activation-aware Q1 only; unselected nested chain; nearest binary64; no full-distance claim.
"RM(3,7) [128,64,16] exact",fixed,128,64,16,65536,131072,1024,13107,64,16,16,14.465731164072295,16,-6.3,0,16,6,0,nested-3beb4674c57a0302,workstreams/finite_asymptotic_theory/landscape_db/activation_pilot_v1/maps/t64_s16.json,Activation-aware Q1 only; unselected nested chain; nearest binary64; no full-distance claim.
"RM(4,9) [512,256,32] exact",fixed,512,256,16,65536,131072,256,13107,64,16,4,42.861379248060686,32,-5.8,0,16,6,0,nested-3beb4674c57a0302,workstreams/finite_asymptotic_theory/landscape_db/activation_pilot_v1/maps/t64_s16.json,Activation-aware Q1 only; unselected nested chain; nearest binary64; no full-distance claim.
"random full-rank [64,32] reused",random-ensemble-average,64,32,16,65536,131072,2048,13107,64,16,32,5.441201780968722,7,-7.2,0,16,6,0,nested-3beb4674c57a0302,workstreams/finite_asymptotic_theory/landscape_db/activation_pilot_v1/maps/t64_s16.json,Activation-aware Q1 only; unselected nested chain; nearest binary64; no full-distance claim.
"random full-rank [128,64] reused",random-ensemble-average,128,64,16,65536,131072,1024,13107,64,16,16,25.0837329940169,13,-6.6,0,16,6,0,nested-3beb4674c57a0302,workstreams/finite_asymptotic_theory/landscape_db/activation_pilot_v1/maps/t64_s16.json,Activation-aware Q1 only; unselected nested chain; nearest binary64; no full-distance claim.
"random full-rank [512,256] reused",random-ensemble-average,512,256,16,65536,131072,256,13107,64,16,4,140.49196225357736,51,-5.2,0,16,6,0,nested-3beb4674c57a0302,workstreams/finite_asymptotic_theory/landscape_db/activation_pilot_v1/maps/t64_s16.json,Activation-aware Q1 only; unselected nested chain; nearest binary64; no full-distance claim.
"extended BCH [8,4,4] exact",fixed,8,4,20,1048576,2097152,262144,209715,64,16,4096,-1.0939744463115713,4,-9.8,0,16,6,0,nested-3beb4674c57a0302,workstreams/finite_asymptotic_theory/landscape_db/activation_pilot_v1/maps/t64_s16.json,Activation-aware Q1 only; unselected nested chain; nearest binary64; no full-distance claim.
"extended BCH [32,16,8] exact",fixed,32,16,20,1048576,2097152,65536,209715,64,16,1024,2.841580191876581,8,-8.9,0,16,6,0,nested-3beb4674c57a0302,workstreams/finite_asymptotic_theory/landscape_db/activation_pilot_v1/maps/t64_s16.json,Activation-aware Q1 only; unselected nested chain; nearest binary64; no full-distance claim.
"extended BCH [128,64,22] exact",fixed,128,64,20,1048576,2097152,16384,209715,64,16,256,32.331591568035876,22,-8.4,0,16,6,0,nested-3beb4674c57a0302,workstreams/finite_asymptotic_theory/landscape_db/activation_pilot_v1/maps/t64_s16.json,Activation-aware Q1 only; unselected nested chain; nearest binary64; no full-distance claim.
"Philips shortened-XBCH [64,32,12] exact",fixed,64,32,20,1048576,2097152,32768,209715,64,16,512,10.085776531963607,12,-8.9,0,16,6,0,nested-3beb4674c57a0302,workstreams/finite_asymptotic_theory/landscape_db/activation_pilot_v1/maps/t64_s16.json,Activation-aware Q1 only; unselected nested chain; nearest binary64; no full-distance claim.
"RM(1,3) [8,4,4] exact",fixed,8,4,20,1048576,2097152,262144,209715,64,16,4096,-1.0939744463115713,4,-9.8,0,16,6,0,nested-3beb4674c57a0302,workstreams/finite_asymptotic_theory/landscape_db/activation_pilot_v1/maps/t64_s16.json,Activation-aware Q1 only; unselected nested chain; nearest binary64; no full-distance claim.
"RM(2,5) [32,16,8] exact",fixed,32,16,20,1048576,2097152,65536,209715,64,16,1024,2.841580191876581,8,-8.9,0,16,6,0,nested-3beb4674c57a0302,workstreams/finite_asymptotic_theory/landscape_db/activation_pilot_v1/maps/t64_s16.json,Activation-aware Q1 only; unselected nested chain; nearest binary64; no full-distance claim.
"RM(3,7) [128,64,16] exact",fixed,128,64,20,1048576,2097152,16384,209715,64,16,256,10.412191997458052,16,-9.1,0,16,6,0,nested-3beb4674c57a0302,workstreams/finite_asymptotic_theory/landscape_db/activation_pilot_v1/maps/t64_s16.json,Activation-aware Q1 only; unselected nested chain; nearest binary64; no full-distance claim.
"RM(4,9) [512,256,32] exact",fixed,512,256,20,1048576,2097152,4096,209715,64,16,64,38.935961944309184,32,-8.6,0,16,6,0,nested-3beb4674c57a0302,workstreams/finite_asymptotic_theory/landscape_db/activation_pilot_v1/maps/t64_s16.json,Activation-aware Q1 only; unselected nested chain; nearest binary64; no full-distance claim.
"random full-rank [64,32] reused",random-ensemble-average,64,32,20,1048576,2097152,32768,209715,64,16,512,1.3421466341703778,7,-10.0,0,16,6,0,nested-3beb4674c57a0302,workstreams/finite_asymptotic_theory/landscape_db/activation_pilot_v1/maps/t64_s16.json,Activation-aware Q1 only; unselected nested chain; nearest binary64; no full-distance claim.
"random full-rank [128,64] reused",random-ensemble-average,128,64,20,1048576,2097152,16384,209715,64,16,256,21.015421652204648,13,-9.4,0,16,6,0,nested-3beb4674c57a0302,workstreams/finite_asymptotic_theory/landscape_db/activation_pilot_v1/maps/t64_s16.json,Activation-aware Q1 only; unselected nested chain; nearest binary64; no full-distance claim.
"random full-rank [512,256] reused",random-ensemble-average,512,256,20,1048576,2097152,4096,209715,64,16,64,136.75090238161943,53,-8.0,0,16,6,0,nested-3beb4674c57a0302,workstreams/finite_asymptotic_theory/landscape_db/activation_pilot_v1/maps/t64_s16.json,Activation-aware Q1 only; unselected nested chain; nearest binary64; no full-distance claim.
"extended BCH [8,4,4] exact",fixed,8,4,16,65536,131072,16384,13107,64,18,256,4.750542454580852,4,-6.9,0,16,6,0,nested-585ae2dafa3c09f1,workstreams/finite_asymptotic_theory/landscape_db/activation_pilot_v1/maps/t64_s18.json,Activation-aware Q1 only; unselected nested chain; nearest binary64; no full-distance claim.
"extended BCH [32,16,8] exact",fixed,32,16,16,65536,131072,4096,13107,64,18,64,7.877356579269074,8,-6.0,0,16,6,0,nested-585ae2dafa3c09f1,workstreams/finite_asymptotic_theory/landscape_db/activation_pilot_v1/maps/t64_s18.json,Activation-aware Q1 only; unselected nested chain; nearest binary64; no full-distance claim.
"extended BCH [128,64,22] exact",fixed,128,64,16,65536,131072,1024,13107,64,18,16,36.479535160434125,22,-5.7,0,16,6,0,nested-585ae2dafa3c09f1,workstreams/finite_asymptotic_theory/landscape_db/activation_pilot_v1/maps/t64_s18.json,Activation-aware Q1 only; unselected nested chain; nearest binary64; no full-distance claim.
"Philips shortened-XBCH [64,32,12] exact",fixed,64,32,16,65536,131072,2048,13107,64,18,32,14.225516095816312,12,-6.2,0,16,6,0,nested-585ae2dafa3c09f1,workstreams/finite_asymptotic_theory/landscape_db/activation_pilot_v1/maps/t64_s18.json,Activation-aware Q1 only; unselected nested chain; nearest binary64; no full-distance claim.
"RM(1,3) [8,4,4] exact",fixed,8,4,16,65536,131072,16384,13107,64,18,256,4.750542454580852,4,-6.9,0,16,6,0,nested-585ae2dafa3c09f1,workstreams/finite_asymptotic_theory/landscape_db/activation_pilot_v1/maps/t64_s18.json,Activation-aware Q1 only; unselected nested chain; nearest binary64; no full-distance claim.
"RM(2,5) [32,16,8] exact",fixed,32,16,16,65536,131072,4096,13107,64,18,64,7.877356579269074,8,-6.0,0,16,6,0,nested-585ae2dafa3c09f1,workstreams/finite_asymptotic_theory/landscape_db/activation_pilot_v1/maps/t64_s18.json,Activation-aware Q1 only; unselected nested chain; nearest binary64; no full-distance claim.
"RM(3,7) [128,64,16] exact",fixed,128,64,16,65536,131072,1024,13107,64,18,16,14.51431252335668,16,-6.3,0,16,6,0,nested-585ae2dafa3c09f1,workstreams/finite_asymptotic_theory/landscape_db/activation_pilot_v1/maps/t64_s18.json,Activation-aware Q1 only; unselected nested chain; nearest binary64; no full-distance claim.
"RM(4,9) [512,256,32] exact",fixed,512,256,16,65536,131072,256,13107,64,18,4,42.969463892695344,32,-5.8,0,16,6,0,nested-585ae2dafa3c09f1,workstreams/finite_asymptotic_theory/landscape_db/activation_pilot_v1/maps/t64_s18.json,Activation-aware Q1 only; unselected nested chain; nearest binary64; no full-distance claim.
"random full-rank [64,32] reused",random-ensemble-average,64,32,16,65536,131072,2048,13107,64,18,32,5.45519992266567,7,-7.2,0,16,6,0,nested-585ae2dafa3c09f1,workstreams/finite_asymptotic_theory/landscape_db/activation_pilot_v1/maps/t64_s18.json,Activation-aware Q1 only; unselected nested chain; nearest binary64; no full-distance claim.
"random full-rank [128,64] reused",random-ensemble-average,128,64,16,65536,131072,1024,13107,64,18,16,25.115953762528978,13,-6.6,0,16,6,0,nested-585ae2dafa3c09f1,workstreams/finite_asymptotic_theory/landscape_db/activation_pilot_v1/maps/t64_s18.json,Activation-aware Q1 only; unselected nested chain; nearest binary64; no full-distance claim.
"random full-rank [512,256] reused",random-ensemble-average,512,256,16,65536,131072,256,13107,64,18,4,140.85805219440104,51,-5.2,0,16,6,0,nested-585ae2dafa3c09f1,workstreams/finite_asymptotic_theory/landscape_db/activation_pilot_v1/maps/t64_s18.json,Activation-aware Q1 only; unselected nested chain; nearest binary64; no full-distance claim.
"extended BCH [8,4,4] exact",fixed,8,4,20,1048576,2097152,262144,209715,64,18,4096,0.7824169983016037,4,-9.7,0,16,6,0,nested-585ae2dafa3c09f1,workstreams/finite_asymptotic_theory/landscape_db/activation_pilot_v1/maps/t64_s18.json,Activation-aware Q1 only; unselected nested chain; nearest binary64; no full-distance claim.
"extended BCH [32,16,8] exact",fixed,32,16,20,1048576,2097152,65536,209715,64,18,1024,3.989606337190835,8,-8.7,0,16,6,0,nested-585ae2dafa3c09f1,workstreams/finite_asymptotic_theory/landscape_db/activation_pilot_v1/maps/t64_s18.json,Activation-aware Q1 only; unselected nested chain; nearest binary64; no full-distance claim.
"extended BCH [128,64,22] exact",fixed,128,64,20,1048576,2097152,16384,209715,64,18,256,32.6689720543209,22,-8.4,0,16,6,0,nested-585ae2dafa3c09f1,workstreams/finite_asymptotic_theory/landscape_db/activation_pilot_v1/maps/t64_s18.json,Activation-aware Q1 only; unselected nested chain; nearest binary64; no full-distance claim.
"Philips shortened-XBCH [64,32,12] exact",fixed,64,32,20,1048576,2097152,32768,209715,64,18,512,10.316104280788128,12,-8.9,0,16,6,0,nested-585ae2dafa3c09f1,workstreams/finite_asymptotic_theory/landscape_db/activation_pilot_v1/maps/t64_s18.json,Activation-aware Q1 only; unselected nested chain; nearest binary64; no full-distance claim.
"RM(1,3) [8,4,4] exact",fixed,8,4,20,1048576,2097152,262144,209715,64,18,4096,0.7824169983016037,4,-9.7,0,16,6,0,nested-585ae2dafa3c09f1,workstreams/finite_asymptotic_theory/landscape_db/activation_pilot_v1/maps/t64_s18.json,Activation-aware Q1 only; unselected nested chain; nearest binary64; no full-distance claim.
"RM(2,5) [32,16,8] exact",fixed,32,16,20,1048576,2097152,65536,209715,64,18,1024,3.989606337190835,8,-8.7,0,16,6,0,nested-585ae2dafa3c09f1,workstreams/finite_asymptotic_theory/landscape_db/activation_pilot_v1/maps/t64_s18.json,Activation-aware Q1 only; unselected nested chain; nearest binary64; no full-distance claim.
"RM(3,7) [128,64,16] exact",fixed,128,64,20,1048576,2097152,16384,209715,64,18,256,10.561346749254687,16,-9.1,0,16,6,0,nested-585ae2dafa3c09f1,workstreams/finite_asymptotic_theory/landscape_db/activation_pilot_v1/maps/t64_s18.json,Activation-aware Q1 only; unselected nested chain; nearest binary64; no full-distance claim.
"RM(4,9) [512,256,32] exact",fixed,512,256,20,1048576,2097152,4096,209715,64,18,64,39.136977204358836,32,-8.6,0,16,6,0,nested-585ae2dafa3c09f1,workstreams/finite_asymptotic_theory/landscape_db/activation_pilot_v1/maps/t64_s18.json,Activation-aware Q1 only; unselected nested chain; nearest binary64; no full-distance claim.
"random full-rank [64,32] reused",random-ensemble-average,64,32,20,1048576,2097152,32768,209715,64,18,512,1.4570926195276446,7,-10.0,0,16,6,0,nested-585ae2dafa3c09f1,workstreams/finite_asymptotic_theory/landscape_db/activation_pilot_v1/maps/t64_s18.json,Activation-aware Q1 only; unselected nested chain; nearest binary64; no full-distance claim.
"random full-rank [128,64] reused",random-ensemble-average,128,64,20,1048576,2097152,16384,209715,64,18,256,21.148250032803052,13,-9.4,0,16,6,0,nested-585ae2dafa3c09f1,workstreams/finite_asymptotic_theory/landscape_db/activation_pilot_v1/maps/t64_s18.json,Activation-aware Q1 only; unselected nested chain; nearest binary64; no full-distance claim.
"random full-rank [512,256] reused",random-ensemble-average,512,256,20,1048576,2097152,4096,209715,64,18,64,137.1938708738747,53,-8.0,0,16,6,0,nested-585ae2dafa3c09f1,workstreams/finite_asymptotic_theory/landscape_db/activation_pilot_v1/maps/t64_s18.json,Activation-aware Q1 only; unselected nested chain; nearest binary64; no full-distance claim.
"extended BCH [8,4,4] exact",fixed,8,4,16,65536,131072,16384,13107,64,20,256,6.449592059932114,4,-6.8,0,16,6,0,nested-39ca968752438628,workstreams/finite_asymptotic_theory/landscape_db/activation_pilot_v1/maps/t64_s20.json,Activation-aware Q1 only; unselected nested chain; nearest binary64; no full-distance claim.
"extended BCH [32,16,8] exact",fixed,32,16,16,65536,131072,4096,13107,64,20,64,8.802647916984132,8,-5.8,0,16,6,0,nested-39ca968752438628,workstreams/finite_asymptotic_theory/landscape_db/activation_pilot_v1/maps/t64_s20.json,Activation-aware Q1 only; unselected nested chain; nearest binary64; no full-distance claim.
"extended BCH [128,64,22] exact",fixed,128,64,16,65536,131072,1024,13107,64,20,16,36.53467288084165,22,-5.7,0,16,6,0,nested-39ca968752438628,workstreams/finite_asymptotic_theory/landscape_db/activation_pilot_v1/maps/t64_s20.json,Activation-aware Q1 only; unselected nested chain; nearest binary64; no full-distance claim.
"Philips shortened-XBCH [64,32,12] exact",fixed,64,32,16,65536,131072,2048,13107,64,20,32,14.257651547005299,12,-6.1,0,16,6,0,nested-39ca968752438628,workstreams/finite_asymptotic_theory/landscape_db/activation_pilot_v1/maps/t64_s20.json,Activation-aware Q1 only; unselected nested chain; nearest binary64; no full-distance claim.
"RM(1,3) [8,4,4] exact",fixed,8,4,16,65536,131072,16384,13107,64,20,256,6.449592059932114,4,-6.8,0,16,6,0,nested-39ca968752438628,workstreams/finite_asymptotic_theory/landscape_db/activation_pilot_v1/maps/t64_s20.json,Activation-aware Q1 only; unselected nested chain; nearest binary64; no full-distance claim.
"RM(2,5) [32,16,8] exact",fixed,32,16,16,65536,131072,4096,13107,64,20,64,8.802647916984132,8,-5.8,0,16,6,0,nested-39ca968752438628,workstreams/finite_asymptotic_theory/landscape_db/activation_pilot_v1/maps/t64_s20.json,Activation-aware Q1 only; unselected nested chain; nearest binary64; no full-distance claim.
"RM(3,7) [128,64,16] exact",fixed,128,64,16,65536,131072,1024,13107,64,20,16,14.526576167363675,16,-6.3,0,16,6,0,nested-39ca968752438628,workstreams/finite_asymptotic_theory/landscape_db/activation_pilot_v1/maps/t64_s20.json,Activation-aware Q1 only; unselected nested chain; nearest binary64; no full-distance claim.
"RM(4,9) [512,256,32] exact",fixed,512,256,16,65536,131072,256,13107,64,20,4,42.997106410111336,32,-5.8,0,16,6,0,nested-39ca968752438628,workstreams/finite_asymptotic_theory/landscape_db/activation_pilot_v1/maps/t64_s20.json,Activation-aware Q1 only; unselected nested chain; nearest binary64; no full-distance claim.
"random full-rank [64,32] reused",random-ensemble-average,64,32,16,65536,131072,2048,13107,64,20,32,5.458709440699608,7,-7.2,0,16,6,0,nested-39ca968752438628,workstreams/finite_asymptotic_theory/landscape_db/activation_pilot_v1/maps/t64_s20.json,Activation-aware Q1 only; unselected nested chain; nearest binary64; no full-distance claim.
"random full-rank [128,64] reused",random-ensemble-average,128,64,16,65536,131072,1024,13107,64,20,16,25.124041656351952,13,-6.6,0,16,6,0,nested-39ca968752438628,workstreams/finite_asymptotic_theory/landscape_db/activation_pilot_v1/maps/t64_s20.json,Activation-aware Q1 only; unselected nested chain; nearest binary64; no full-distance claim.
"random full-rank [512,256] reused",random-ensemble-average,512,256,16,65536,131072,256,13107,64,20,4,140.95704395767328,51,-5.2,0,16,6,0,nested-39ca968752438628,workstreams/finite_asymptotic_theory/landscape_db/activation_pilot_v1/maps/t64_s20.json,Activation-aware Q1 only; unselected nested chain; nearest binary64; no full-distance claim.
"extended BCH [8,4,4] exact",fixed,8,4,20,1048576,2097152,262144,209715,64,20,4096,2.5351341416938133,4,-9.6,0,16,6,0,nested-39ca968752438628,workstreams/finite_asymptotic_theory/landscape_db/activation_pilot_v1/maps/t64_s20.json,Activation-aware Q1 only; unselected nested chain; nearest binary64; no full-distance claim.
"extended BCH [32,16,8] exact",fixed,32,16,20,1048576,2097152,65536,209715,64,20,1024,5.014252757709643,8,-8.6,0,16,6,0,nested-39ca968752438628,workstreams/finite_asymptotic_theory/landscape_db/activation_pilot_v1/maps/t64_s20.json,Activation-aware Q1 only; unselected nested chain; nearest binary64; no full-distance claim.
"extended BCH [128,64,22] exact",fixed,128,64,20,1048576,2097152,16384,209715,64,20,256,32.75808274639438,22,-8.4,0,16,6,0,nested-39ca968752438628,workstreams/finite_asymptotic_theory/landscape_db/activation_pilot_v1/maps/t64_s20.json,Activation-aware Q1 only; unselected nested chain; nearest binary64; no full-distance claim.
"Philips shortened-XBCH [64,32,12] exact",fixed,64,32,20,1048576,2097152,32768,209715,64,20,512,10.376205020162582,12,-8.9,0,16,6,0,nested-39ca968752438628,workstreams/finite_asymptotic_theory/landscape_db/activation_pilot_v1/maps/t64_s20.json,Activation-aware Q1 only; unselected nested chain; nearest binary64; no full-distance claim.
"RM(1,3) [8,4,4] exact",fixed,8,4,20,1048576,2097152,262144,209715,64,20,4096,2.5351341416938133,4,-9.6,0,16,6,0,nested-39ca968752438628,workstreams/finite_asymptotic_theory/landscape_db/activation_pilot_v1/maps/t64_s20.json,Activation-aware Q1 only; unselected nested chain; nearest binary64; no full-distance claim.
"RM(2,5) [32,16,8] exact",fixed,32,16,20,1048576,2097152,65536,209715,64,20,1024,5.014252757709643,8,-8.6,0,16,6,0,nested-39ca968752438628,workstreams/finite_asymptotic_theory/landscape_db/activation_pilot_v1/maps/t64_s20.json,Activation-aware Q1 only; unselected nested chain; nearest binary64; no full-distance claim.
"RM(3,7) [128,64,16] exact",fixed,128,64,20,1048576,2097152,16384,209715,64,20,256,10.598768266099825,16,-9.1,0,16,6,0,nested-39ca968752438628,workstreams/finite_asymptotic_theory/landscape_db/activation_pilot_v1/maps/t64_s20.json,Activation-aware Q1 only; unselected nested chain; nearest binary64; no full-distance claim.
"RM(4,9) [512,256,32] exact",fixed,512,256,20,1048576,2097152,4096,209715,64,20,64,39.18781259615541,32,-8.6,0,16,6,0,nested-39ca968752438628,workstreams/finite_asymptotic_theory/landscape_db/activation_pilot_v1/maps/t64_s20.json,Activation-aware Q1 only; unselected nested chain; nearest binary64; no full-distance claim.
"random full-rank [64,32] reused",random-ensemble-average,64,32,20,1048576,2097152,32768,209715,64,20,512,1.485914316964651,7,-10.0,0,16,6,0,nested-39ca968752438628,workstreams/finite_asymptotic_theory/landscape_db/activation_pilot_v1/maps/t64_s20.json,Activation-aware Q1 only; unselected nested chain; nearest binary64; no full-distance claim.
"random full-rank [128,64] reused",random-ensemble-average,128,64,20,1048576,2097152,16384,209715,64,20,256,21.18149350444583,13,-9.4,0,16,6,0,nested-39ca968752438628,workstreams/finite_asymptotic_theory/landscape_db/activation_pilot_v1/maps/t64_s20.json,Activation-aware Q1 only; unselected nested chain; nearest binary64; no full-distance claim.
"random full-rank [512,256] reused",random-ensemble-average,512,256,20,1048576,2097152,4096,209715,64,20,64,137.31077516662575,53,-8.0,0,16,6,0,nested-39ca968752438628,workstreams/finite_asymptotic_theory/landscape_db/activation_pilot_v1/maps/t64_s20.json,Activation-aware Q1 only; unselected nested chain; nearest binary64; no full-distance claim.
"extended BCH [8,4,4] exact",fixed,8,4,16,65536,131072,16384,13107,128,14,128,1.170902250959038,4,-7.1,0,48,4,992,nested-243d22763919c26c,workstreams/finite_asymptotic_theory/landscape_db/activation_pilot_v1/maps/t128_s14.json,Activation-aware Q1 only; unselected nested chain; nearest binary64; no full-distance claim.
"extended BCH [32,16,8] exact",fixed,32,16,16,65536,131072,4096,13107,128,14,32,5.590548106890581,8,-6.3,0,48,4,992,nested-243d22763919c26c,workstreams/finite_asymptotic_theory/landscape_db/activation_pilot_v1/maps/t128_s14.json,Activation-aware Q1 only; unselected nested chain; nearest binary64; no full-distance claim.
"extended BCH [128,64,22] exact",fixed,128,64,16,65536,131072,1024,13107,128,14,8,35.503361345388896,22,-5.7,0,48,4,992,nested-243d22763919c26c,workstreams/finite_asymptotic_theory/landscape_db/activation_pilot_v1/maps/t128_s14.json,Activation-aware Q1 only; unselected nested chain; nearest binary64; no full-distance claim.
"Philips shortened-XBCH [64,32,12] exact",fixed,64,32,16,65536,131072,2048,13107,128,14,16,13.701278902209722,12,-6.2,0,48,4,992,nested-243d22763919c26c,workstreams/finite_asymptotic_theory/landscape_db/activation_pilot_v1/maps/t128_s14.json,Activation-aware Q1 only; unselected nested chain; nearest binary64; no full-distance claim.
"RM(1,3) [8,4,4] exact",fixed,8,4,16,65536,131072,16384,13107,128,14,128,1.170902250959038,4,-7.1,0,48,4,992,nested-243d22763919c26c,workstreams/finite_asymptotic_theory/landscape_db/activation_pilot_v1/maps/t128_s14.json,Activation-aware Q1 only; unselected nested chain; nearest binary64; no full-distance claim.
"RM(2,5) [32,16,8] exact",fixed,32,16,16,65536,131072,4096,13107,128,14,32,5.590548106890581,8,-6.3,0,48,4,992,nested-243d22763919c26c,workstreams/finite_asymptotic_theory/landscape_db/activation_pilot_v1/maps/t128_s14.json,Activation-aware Q1 only; unselected nested chain; nearest binary64; no full-distance claim.
"RM(3,7) [128,64,16] exact",fixed,128,64,16,65536,131072,1024,13107,128,14,8,14.255115590250071,16,-6.3,0,48,4,992,nested-243d22763919c26c,workstreams/finite_asymptotic_theory/landscape_db/activation_pilot_v1/maps/t128_s14.json,Activation-aware Q1 only; unselected nested chain; nearest binary64; no full-distance claim.
"RM(4,9) [512,256,32] exact",fixed,512,256,16,65536,131072,256,13107,128,14,2,42.45571295060871,32,-5.9,0,48,4,992,nested-243d22763919c26c,workstreams/finite_asymptotic_theory/landscape_db/activation_pilot_v1/maps/t128_s14.json,Activation-aware Q1 only; unselected nested chain; nearest binary64; no full-distance claim.
"random full-rank [64,32] reused",random-ensemble-average,64,32,16,65536,131072,2048,13107,128,14,16,5.3868287440786595,7,-7.2,0,48,4,992,nested-243d22763919c26c,workstreams/finite_asymptotic_theory/landscape_db/activation_pilot_v1/maps/t128_s14.json,Activation-aware Q1 only; unselected nested chain; nearest binary64; no full-distance claim.
"random full-rank [128,64] reused",random-ensemble-average,128,64,16,65536,131072,1024,13107,128,14,8,24.94312592690437,13,-6.6,0,48,4,992,nested-243d22763919c26c,workstreams/finite_asymptotic_theory/landscape_db/activation_pilot_v1/maps/t128_s14.json,Activation-aware Q1 only; unselected nested chain; nearest binary64; no full-distance claim.
"random full-rank [512,256] reused",random-ensemble-average,512,256,16,65536,131072,256,13107,128,14,2,139.23498779456932,52,-5.2,0,48,4,992,nested-243d22763919c26c,workstreams/finite_asymptotic_theory/landscape_db/activation_pilot_v1/maps/t128_s14.json,Activation-aware Q1 only; unselected nested chain; nearest binary64; no full-distance claim.
"extended BCH [8,4,4] exact",fixed,8,4,20,1048576,2097152,262144,209715,128,14,2048,-3.050917670007879,4,-9.9,0,48,4,992,nested-243d22763919c26c,workstreams/finite_asymptotic_theory/landscape_db/activation_pilot_v1/maps/t128_s14.json,Activation-aware Q1 only; unselected nested chain; nearest binary64; no full-distance claim.
"extended BCH [32,16,8] exact",fixed,32,16,20,1048576,2097152,65536,209715,128,14,512,1.4508287676764482,8,-9.1,0,48,4,992,nested-243d22763919c26c,workstreams/finite_asymptotic_theory/landscape_db/activation_pilot_v1/maps/t128_s14.json,Activation-aware Q1 only; unselected nested chain; nearest binary64; no full-distance claim.
"extended BCH [128,64,22] exact",fixed,128,64,20,1048576,2097152,16384,209715,128,14,128,31.529224738172964,22,-8.5,0,48,4,992,nested-243d22763919c26c,workstreams/finite_asymptotic_theory/landscape_db/activation_pilot_v1/maps/t128_s14.json,Activation-aware Q1 only; unselected nested chain; nearest binary64; no full-distance claim.
"Philips shortened-XBCH [64,32,12] exact",fixed,64,32,20,1048576,2097152,32768,209715,128,14,256,9.597141004916395,12,-9.0,0,48,4,992,nested-243d22763919c26c,workstreams/finite_asymptotic_theory/landscape_db/activation_pilot_v1/maps/t128_s14.json,Activation-aware Q1 only; unselected nested chain; nearest binary64; no full-distance claim.
"RM(1,3) [8,4,4] exact",fixed,8,4,20,1048576,2097152,262144,209715,128,14,2048,-3.050917670007879,4,-9.9,0,48,4,992,nested-243d22763919c26c,workstreams/finite_asymptotic_theory/landscape_db/activation_pilot_v1/maps/t128_s14.json,Activation-aware Q1 only; unselected nested chain; nearest binary64; no full-distance claim.
"RM(2,5) [32,16,8] exact",fixed,32,16,20,1048576,2097152,65536,209715,128,14,512,1.4508287676764482,8,-9.1,0,48,4,992,nested-243d22763919c26c,workstreams/finite_asymptotic_theory/landscape_db/activation_pilot_v1/maps/t128_s14.json,Activation-aware Q1 only; unselected nested chain; nearest binary64; no full-distance claim.
"RM(3,7) [128,64,16] exact",fixed,128,64,20,1048576,2097152,16384,209715,128,14,128,10.114554784224245,16,-9.1,0,48,4,992,nested-243d22763919c26c,workstreams/finite_asymptotic_theory/landscape_db/activation_pilot_v1/maps/t128_s14.json,Activation-aware Q1 only; unselected nested chain; nearest binary64; no full-distance claim.
"RM(4,9) [512,256,32] exact",fixed,512,256,20,1048576,2097152,4096,209715,128,14,32,38.44371245295386,32,-8.6,0,48,4,992,nested-243d22763919c26c,workstreams/finite_asymptotic_theory/landscape_db/activation_pilot_v1/maps/t128_s14.json,Activation-aware Q1 only; unselected nested chain; nearest binary64; no full-distance claim.
"random full-rank [64,32] reused",random-ensemble-average,64,32,20,1048576,2097152,32768,209715,128,14,256,1.1703980734543944,7,-10.0,0,48,4,992,nested-243d22763919c26c,workstreams/finite_asymptotic_theory/landscape_db/activation_pilot_v1/maps/t128_s14.json,Activation-aware Q1 only; unselected nested chain; nearest binary64; no full-distance claim.
"random full-rank [128,64] reused",random-ensemble-average,128,64,20,1048576,2097152,16384,209715,128,14,128,20.775397505651487,13,-9.4,0,48,4,992,nested-243d22763919c26c,workstreams/finite_asymptotic_theory/landscape_db/activation_pilot_v1/maps/t128_s14.json,Activation-aware Q1 only; unselected nested chain; nearest binary64; no full-distance claim.
"random full-rank [512,256] reused",random-ensemble-average,512,256,20,1048576,2097152,4096,209715,128,14,32,135.52478114542302,54,-7.9,0,48,4,992,nested-243d22763919c26c,workstreams/finite_asymptotic_theory/landscape_db/activation_pilot_v1/maps/t128_s14.json,Activation-aware Q1 only; unselected nested chain; nearest binary64; no full-distance claim.
"extended BCH [8,4,4] exact",fixed,8,4,16,65536,131072,16384,13107,128,16,128,2.940610523360227,4,-7.0,0,32,4,480,nested-00044e579b028e57,workstreams/finite_asymptotic_theory/landscape_db/activation_pilot_v1/maps/t128_s16.json,Activation-aware Q1 only; unselected nested chain; nearest binary64; no full-distance claim.
"extended BCH [32,16,8] exact",fixed,32,16,16,65536,131072,4096,13107,128,16,32,6.7029076320666725,8,-6.1,0,32,4,480,nested-00044e579b028e57,workstreams/finite_asymptotic_theory/landscape_db/activation_pilot_v1/maps/t128_s16.json,Activation-aware Q1 only; unselected nested chain; nearest binary64; no full-distance claim.
"extended BCH [128,64,22] exact",fixed,128,64,16,65536,131072,1024,13107,128,16,8,36.106089036347186,22,-5.7,0,32,4,480,nested-00044e579b028e57,workstreams/finite_asymptotic_theory/landscape_db/activation_pilot_v1/maps/t128_s16.json,Activation-aware Q1 only; unselected nested chain; nearest binary64; no full-distance claim.
"Philips shortened-XBCH [64,32,12] exact",fixed,64,32,16,65536,131072,2048,13107,128,16,16,14.017588628633275,12,-6.2,0,32,4,480,nested-00044e579b028e57,workstreams/finite_asymptotic_theory/landscape_db/activation_pilot_v1/maps/t128_s16.json,Activation-aware Q1 only; unselected nested chain; nearest binary64; no full-distance claim.
"RM(1,3) [8,4,4] exact",fixed,8,4,16,65536,131072,16384,13107,128,16,128,2.940610523360227,4,-7.0,0,32,4,480,nested-00044e579b028e57,workstreams/finite_asymptotic_theory/landscape_db/activation_pilot_v1/maps/t128_s16.json,Activation-aware Q1 only; unselected nested chain; nearest binary64; no full-distance claim.
"RM(2,5) [32,16,8] exact",fixed,32,16,16,65536,131072,4096,13107,128,16,32,6.7029076320666725,8,-6.1,0,32,4,480,nested-00044e579b028e57,workstreams/finite_asymptotic_theory/landscape_db/activation_pilot_v1/maps/t128_s16.json,Activation-aware Q1 only; unselected nested chain; nearest binary64; no full-distance claim.
"RM(3,7) [128,64,16] exact",fixed,128,64,16,65536,131072,1024,13107,128,16,8,14.384665027398178,16,-6.3,0,32,4,480,nested-00044e579b028e57,workstreams/finite_asymptotic_theory/landscape_db/activation_pilot_v1/maps/t128_s16.json,Activation-aware Q1 only; unselected nested chain; nearest binary64; no full-distance claim.
"RM(4,9) [512,256,32] exact",fixed,512,256,16,65536,131072,256,13107,128,16,2,42.72712734308707,32,-5.9,0,32,4,480,nested-00044e579b028e57,workstreams/finite_asymptotic_theory/landscape_db/activation_pilot_v1/maps/t128_s16.json,Activation-aware Q1 only; unselected nested chain; nearest binary64; no full-distance claim.
"random full-rank [64,32] reused",random-ensemble-average,64,32,16,65536,131072,2048,13107,128,16,16,5.412256160330892,7,-7.2,0,32,4,480,nested-00044e579b028e57,workstreams/finite_asymptotic_theory/landscape_db/activation_pilot_v1/maps/t128_s16.json,Activation-aware Q1 only; unselected nested chain; nearest binary64; no full-distance claim.
"random full-rank [128,64] reused",random-ensemble-average,128,64,16,65536,131072,1024,13107,128,16,8,25.02288252607753,13,-6.6,0,32,4,480,nested-00044e579b028e57,workstreams/finite_asymptotic_theory/landscape_db/activation_pilot_v1/maps/t128_s16.json,Activation-aware Q1 only; unselected nested chain; nearest binary64; no full-distance claim.
"random full-rank [512,256] reused",random-ensemble-average,512,256,16,65536,131072,256,13107,128,16,2,140.21080549078252,51,-5.3,0,32,4,480,nested-00044e579b028e57,workstreams/finite_asymptotic_theory/landscape_db/activation_pilot_v1/maps/t128_s16.json,Activation-aware Q1 only; unselected nested chain; nearest binary64; no full-distance claim.
"extended BCH [8,4,4] exact",fixed,8,4,20,1048576,2097152,262144,209715,128,16,2048,-1.0219079916458058,4,-9.8,0,32,4,480,nested-00044e579b028e57,workstreams/finite_asymptotic_theory/landscape_db/activation_pilot_v1/maps/t128_s16.json,Activation-aware Q1 only; unselected nested chain; nearest binary64; no full-distance claim.
"extended BCH [32,16,8] exact",fixed,32,16,20,1048576,2097152,65536,209715,128,16,512,2.9063770124471513,8,-8.9,0,32,4,480,nested-00044e579b028e57,workstreams/finite_asymptotic_theory/landscape_db/activation_pilot_v1/maps/t128_s16.json,Activation-aware Q1 only; unselected nested chain; nearest binary64; no full-distance claim.
"extended BCH [128,64,22] exact",fixed,128,64,20,1048576,2097152,16384,209715,128,16,128,32.39118844188722,22,-8.4,0,32,4,480,nested-00044e579b028e57,workstreams/finite_asymptotic_theory/landscape_db/activation_pilot_v1/maps/t128_s16.json,Activation-aware Q1 only; unselected nested chain; nearest binary64; no full-distance claim.
"Philips shortened-XBCH [64,32,12] exact",fixed,64,32,20,1048576,2097152,32768,209715,128,16,256,10.150365831530305,12,-8.9,0,32,4,480,nested-00044e579b028e57,workstreams/finite_asymptotic_theory/landscape_db/activation_pilot_v1/maps/t128_s16.json,Activation-aware Q1 only; unselected nested chain; nearest binary64; no full-distance claim.
"RM(1,3) [8,4,4] exact",fixed,8,4,20,1048576,2097152,262144,209715,128,16,2048,-1.0219079916458058,4,-9.8,0,32,4,480,nested-00044e579b028e57,workstreams/finite_asymptotic_theory/landscape_db/activation_pilot_v1/maps/t128_s16.json,Activation-aware Q1 only; unselected nested chain; nearest binary64; no full-distance claim.
"RM(2,5) [32,16,8] exact",fixed,32,16,20,1048576,2097152,65536,209715,128,16,512,2.9063770124471513,8,-8.9,0,32,4,480,nested-00044e579b028e57,workstreams/finite_asymptotic_theory/landscape_db/activation_pilot_v1/maps/t128_s16.json,Activation-aware Q1 only; unselected nested chain; nearest binary64; no full-distance claim.
"RM(3,7) [128,64,16] exact",fixed,128,64,20,1048576,2097152,16384,209715,128,16,128,10.480503920143601,16,-9.1,0,32,4,480,nested-00044e579b028e57,workstreams/finite_asymptotic_theory/landscape_db/activation_pilot_v1/maps/t128_s16.json,Activation-aware Q1 only; unselected nested chain; nearest binary64; no full-distance claim.
"RM(4,9) [512,256,32] exact",fixed,512,256,20,1048576,2097152,4096,209715,128,16,32,38.99840615828336,32,-8.6,0,32,4,480,nested-00044e579b028e57,workstreams/finite_asymptotic_theory/landscape_db/activation_pilot_v1/maps/t128_s16.json,Activation-aware Q1 only; unselected nested chain; nearest binary64; no full-distance claim.
"random full-rank [64,32] reused",random-ensemble-average,64,32,20,1048576,2097152,32768,209715,128,16,256,1.4119894222164358,7,-10.0,0,32,4,480,nested-00044e579b028e57,workstreams/finite_asymptotic_theory/landscape_db/activation_pilot_v1/maps/t128_s16.json,Activation-aware Q1 only; unselected nested chain; nearest binary64; no full-distance claim.
"random full-rank [128,64] reused",random-ensemble-average,128,64,20,1048576,2097152,16384,209715,128,16,128,21.084135126336196,13,-9.4,0,32,4,480,nested-00044e579b028e57,workstreams/finite_asymptotic_theory/landscape_db/activation_pilot_v1/maps/t128_s16.json,Activation-aware Q1 only; unselected nested chain; nearest binary64; no full-distance claim.
"random full-rank [512,256] reused",random-ensemble-average,512,256,20,1048576,2097152,4096,209715,128,16,32,136.80515159947635,53,-8.0,0,32,4,480,nested-00044e579b028e57,workstreams/finite_asymptotic_theory/landscape_db/activation_pilot_v1/maps/t128_s16.json,Activation-aware Q1 only; unselected nested chain; nearest binary64; no full-distance claim.
"extended BCH [8,4,4] exact",fixed,8,4,16,65536,131072,16384,13107,128,18,128,4.685895939575962,4,-6.9,0,32,4,64,nested-0fa90bd15a210940,workstreams/finite_asymptotic_theory/landscape_db/activation_pilot_v1/maps/t128_s18.json,Activation-aware Q1 only; unselected nested chain; nearest binary64; no full-distance claim.
"extended BCH [32,16,8] exact",fixed,32,16,16,65536,131072,4096,13107,128,18,32,7.743241922842004,8,-6.0,0,32,4,64,nested-0fa90bd15a210940,workstreams/finite_asymptotic_theory/landscape_db/activation_pilot_v1/maps/t128_s18.json,Activation-aware Q1 only; unselected nested chain; nearest binary64; no full-distance claim.
"extended BCH [128,64,22] exact",fixed,128,64,16,65536,131072,1024,13107,128,18,8,36.32317613016576,22,-5.7,0,32,4,64,nested-0fa90bd15a210940,workstreams/finite_asymptotic_theory/landscape_db/activation_pilot_v1/maps/t128_s18.json,Activation-aware Q1 only; unselected nested chain; nearest binary64; no full-distance claim.
"Philips shortened-XBCH [64,32,12] exact",fixed,64,32,16,65536,131072,2048,13107,128,18,16,14.12834184163482,12,-6.2,0,32,4,64,nested-0fa90bd15a210940,workstreams/finite_asymptotic_theory/landscape_db/activation_pilot_v1/maps/t128_s18.json,Activation-aware Q1 only; unselected nested chain; nearest binary64; no full-distance claim.
"RM(1,3) [8,4,4] exact",fixed,8,4,16,65536,131072,16384,13107,128,18,128,4.685895939575962,4,-6.9,0,32,4,64,nested-0fa90bd15a210940,workstreams/finite_asymptotic_theory/landscape_db/activation_pilot_v1/maps/t128_s18.json,Activation-aware Q1 only; unselected nested chain; nearest binary64; no full-distance claim.
"RM(2,5) [32,16,8] exact",fixed,32,16,16,65536,131072,4096,13107,128,18,32,7.743241922842004,8,-6.0,0,32,4,64,nested-0fa90bd15a210940,workstreams/finite_asymptotic_theory/landscape_db/activation_pilot_v1/maps/t128_s18.json,Activation-aware Q1 only; unselected nested chain; nearest binary64; no full-distance claim.
"RM(3,7) [128,64,16] exact",fixed,128,64,16,65536,131072,1024,13107,128,18,8,14.430950204209662,16,-6.3,0,32,4,64,nested-0fa90bd15a210940,workstreams/finite_asymptotic_theory/landscape_db/activation_pilot_v1/maps/t128_s18.json,Activation-aware Q1 only; unselected nested chain; nearest binary64; no full-distance claim.
"RM(4,9) [512,256,32] exact",fixed,512,256,16,65536,131072,256,13107,128,18,2,42.8308096957393,32,-5.8,0,32,4,64,nested-0fa90bd15a210940,workstreams/finite_asymptotic_theory/landscape_db/activation_pilot_v1/maps/t128_s18.json,Activation-aware Q1 only; unselected nested chain; nearest binary64; no full-distance claim.
"random full-rank [64,32] reused",random-ensemble-average,64,32,16,65536,131072,2048,13107,128,18,16,5.423032323486573,7,-7.2,0,32,4,64,nested-0fa90bd15a210940,workstreams/finite_asymptotic_theory/landscape_db/activation_pilot_v1/maps/t128_s18.json,Activation-aware Q1 only; unselected nested chain; nearest binary64; no full-distance claim.
"random full-rank [128,64] reused",random-ensemble-average,128,64,16,65536,131072,1024,13107,128,18,8,25.05236100707801,13,-6.6,0,32,4,64,nested-0fa90bd15a210940,workstreams/finite_asymptotic_theory/landscape_db/activation_pilot_v1/maps/t128_s18.json,Activation-aware Q1 only; unselected nested chain; nearest binary64; no full-distance claim.
"random full-rank [512,256] reused",random-ensemble-average,512,256,16,65536,131072,256,13107,128,18,2,140.6015989055363,51,-5.2,0,32,4,64,nested-0fa90bd15a210940,workstreams/finite_asymptotic_theory/landscape_db/activation_pilot_v1/maps/t128_s18.json,Activation-aware Q1 only; unselected nested chain; nearest binary64; no full-distance claim.
"extended BCH [8,4,4] exact",fixed,8,4,20,1048576,2097152,262144,209715,128,18,2048,0.7969109328497012,4,-9.7,0,32,4,64,nested-0fa90bd15a210940,workstreams/finite_asymptotic_theory/landscape_db/activation_pilot_v1/maps/t128_s18.json,Activation-aware Q1 only; unselected nested chain; nearest binary64; no full-distance claim.
"extended BCH [32,16,8] exact",fixed,32,16,20,1048576,2097152,65536,209715,128,18,512,3.9970001355981792,8,-8.7,0,32,4,64,nested-0fa90bd15a210940,workstreams/finite_asymptotic_theory/landscape_db/activation_pilot_v1/maps/t128_s18.json,Activation-aware Q1 only; unselected nested chain; nearest binary64; no full-distance claim.
"extended BCH [128,64,22] exact",fixed,128,64,20,1048576,2097152,16384,209715,128,18,128,32.676105134876295,22,-8.4,0,32,4,64,nested-0fa90bd15a210940,workstreams/finite_asymptotic_theory/landscape_db/activation_pilot_v1/maps/t128_s18.json,Activation-aware Q1 only; unselected nested chain; nearest binary64; no full-distance claim.
"Philips shortened-XBCH [64,32,12] exact",fixed,64,32,20,1048576,2097152,32768,209715,128,18,256,10.327473437967509,12,-8.9,0,32,4,64,nested-0fa90bd15a210940,workstreams/finite_asymptotic_theory/landscape_db/activation_pilot_v1/maps/t128_s18.json,Activation-aware Q1 only; unselected nested chain; nearest binary64; no full-distance claim.
"RM(1,3) [8,4,4] exact",fixed,8,4,20,1048576,2097152,262144,209715,128,18,2048,0.7969109328497012,4,-9.7,0,32,4,64,nested-0fa90bd15a210940,workstreams/finite_asymptotic_theory/landscape_db/activation_pilot_v1/maps/t128_s18.json,Activation-aware Q1 only; unselected nested chain; nearest binary64; no full-distance claim.
"RM(2,5) [32,16,8] exact",fixed,32,16,20,1048576,2097152,65536,209715,128,18,512,3.9970001355981792,8,-8.7,0,32,4,64,nested-0fa90bd15a210940,workstreams/finite_asymptotic_theory/landscape_db/activation_pilot_v1/maps/t128_s18.json,Activation-aware Q1 only; unselected nested chain; nearest binary64; no full-distance claim.
"RM(3,7) [128,64,16] exact",fixed,128,64,20,1048576,2097152,16384,209715,128,18,128,10.574568717368043,16,-9.1,0,32,4,64,nested-0fa90bd15a210940,workstreams/finite_asymptotic_theory/landscape_db/activation_pilot_v1/maps/t128_s18.json,Activation-aware Q1 only; unselected nested chain; nearest binary64; no full-distance claim.
"RM(4,9) [512,256,32] exact",fixed,512,256,20,1048576,2097152,4096,209715,128,18,32,39.146235977698936,32,-8.6,0,32,4,64,nested-0fa90bd15a210940,workstreams/finite_asymptotic_theory/landscape_db/activation_pilot_v1/maps/t128_s18.json,Activation-aware Q1 only; unselected nested chain; nearest binary64; no full-distance claim.
"random full-rank [64,32] reused",random-ensemble-average,64,32,20,1048576,2097152,32768,209715,128,18,256,1.4731045538694756,7,-10.0,0,32,4,64,nested-0fa90bd15a210940,workstreams/finite_asymptotic_theory/landscape_db/activation_pilot_v1/maps/t128_s18.json,Activation-aware Q1 only; unselected nested chain; nearest binary64; no full-distance claim.
"random full-rank [128,64] reused",random-ensemble-average,128,64,20,1048576,2097152,16384,209715,128,18,128,21.162444057855605,13,-9.4,0,32,4,64,nested-0fa90bd15a210940,workstreams/finite_asymptotic_theory/landscape_db/activation_pilot_v1/maps/t128_s18.json,Activation-aware Q1 only; unselected nested chain; nearest binary64; no full-distance claim.
"random full-rank [512,256] reused",random-ensemble-average,512,256,20,1048576,2097152,4096,209715,128,18,32,137.1956373509368,53,-8.0,0,32,4,64,nested-0fa90bd15a210940,workstreams/finite_asymptotic_theory/landscape_db/activation_pilot_v1/maps/t128_s18.json,Activation-aware Q1 only; unselected nested chain; nearest binary64; no full-distance claim.
"extended BCH [8,4,4] exact",fixed,8,4,16,65536,131072,16384,13107,128,19,128,5.544014192405242,4,-6.9,0,32,4,32,nested-3e4b4e228ad72a81,workstreams/finite_asymptotic_theory/landscape_db/activation_pilot_v1/maps/t128_s19.json,Activation-aware Q1 only; unselected nested chain; nearest binary64; no full-distance claim.
"extended BCH [32,16,8] exact",fixed,32,16,16,65536,131072,4096,13107,128,19,32,8.222401600893889,8,-5.9,0,32,4,32,nested-3e4b4e228ad72a81,workstreams/finite_asymptotic_theory/landscape_db/activation_pilot_v1/maps/t128_s19.json,Activation-aware Q1 only; unselected nested chain; nearest binary64; no full-distance claim.
"extended BCH [128,64,22] exact",fixed,128,64,16,65536,131072,1024,13107,128,19,8,36.3610655058729,22,-5.7,0,32,4,32,nested-3e4b4e228ad72a81,workstreams/finite_asymptotic_theory/landscape_db/activation_pilot_v1/maps/t128_s19.json,Activation-aware Q1 only; unselected nested chain; nearest binary64; no full-distance claim.
"Philips shortened-XBCH [64,32,12] exact",fixed,64,32,16,65536,131072,2048,13107,128,19,16,14.14965039683738,12,-6.2,0,32,4,32,nested-3e4b4e228ad72a81,workstreams/finite_asymptotic_theory/landscape_db/activation_pilot_v1/maps/t128_s19.json,Activation-aware Q1 only; unselected nested chain; nearest binary64; no full-distance claim.
"RM(1,3) [8,4,4] exact",fixed,8,4,16,65536,131072,16384,13107,128,19,128,5.544014192405242,4,-6.9,0,32,4,32,nested-3e4b4e228ad72a81,workstreams/finite_asymptotic_theory/landscape_db/activation_pilot_v1/maps/t128_s19.json,Activation-aware Q1 only; unselected nested chain; nearest binary64; no full-distance claim.
"RM(2,5) [32,16,8] exact",fixed,32,16,16,65536,131072,4096,13107,128,19,32,8.222401600893889,8,-5.9,0,32,4,32,nested-3e4b4e228ad72a81,workstreams/finite_asymptotic_theory/landscape_db/activation_pilot_v1/maps/t128_s19.json,Activation-aware Q1 only; unselected nested chain; nearest binary64; no full-distance claim.
"RM(3,7) [128,64,16] exact",fixed,128,64,16,65536,131072,1024,13107,128,19,8,14.438740337585413,16,-6.3,0,32,4,32,nested-3e4b4e228ad72a81,workstreams/finite_asymptotic_theory/landscape_db/activation_pilot_v1/maps/t128_s19.json,Activation-aware Q1 only; unselected nested chain; nearest binary64; no full-distance claim.
"RM(4,9) [512,256,32] exact",fixed,512,256,16,65536,131072,256,13107,128,19,2,42.84942813049158,32,-5.8,0,32,4,32,nested-3e4b4e228ad72a81,workstreams/finite_asymptotic_theory/landscape_db/activation_pilot_v1/maps/t128_s19.json,Activation-aware Q1 only; unselected nested chain; nearest binary64; no full-distance claim.
"random full-rank [64,32] reused",random-ensemble-average,64,32,16,65536,131072,2048,13107,128,19,16,5.4248346574352295,7,-7.2,0,32,4,32,nested-3e4b4e228ad72a81,workstreams/finite_asymptotic_theory/landscape_db/activation_pilot_v1/maps/t128_s19.json,Activation-aware Q1 only; unselected nested chain; nearest binary64; no full-distance claim.
"random full-rank [128,64] reused",random-ensemble-average,128,64,16,65536,131072,1024,13107,128,19,8,25.057294184255905,13,-6.6,0,32,4,32,nested-3e4b4e228ad72a81,workstreams/finite_asymptotic_theory/landscape_db/activation_pilot_v1/maps/t128_s19.json,Activation-aware Q1 only; unselected nested chain; nearest binary64; no full-distance claim.
"random full-rank [512,256] reused",random-ensemble-average,512,256,16,65536,131072,256,13107,128,19,2,140.67201306300615,51,-5.2,0,32,4,32,nested-3e4b4e228ad72a81,workstreams/finite_asymptotic_theory/landscape_db/activation_pilot_v1/maps/t128_s19.json,Activation-aware Q1 only; unselected nested chain; nearest binary64; no full-distance claim.
"extended BCH [8,4,4] exact",fixed,8,4,20,1048576,2097152,262144,209715,128,19,2048,1.6330964481493182,4,-9.6,0,32,4,32,nested-3e4b4e228ad72a81,workstreams/finite_asymptotic_theory/landscape_db/activation_pilot_v1/maps/t128_s19.json,Activation-aware Q1 only; unselected nested chain; nearest binary64; no full-distance claim.
"extended BCH [32,16,8] exact",fixed,32,16,20,1048576,2097152,65536,209715,128,19,512,4.506078382516838,8,-8.7,0,32,4,32,nested-3e4b4e228ad72a81,workstreams/finite_asymptotic_theory/landscape_db/activation_pilot_v1/maps/t128_s19.json,Activation-aware Q1 only; unselected nested chain; nearest binary64; no full-distance claim.
"extended BCH [128,64,22] exact",fixed,128,64,20,1048576,2097152,16384,209715,128,19,128,32.72654808562949,22,-8.4,0,32,4,32,nested-3e4b4e228ad72a81,workstreams/finite_asymptotic_theory/landscape_db/activation_pilot_v1/maps/t128_s19.json,Activation-aware Q1 only; unselected nested chain; nearest binary64; no full-distance claim.
"Philips shortened-XBCH [64,32,12] exact",fixed,64,32,20,1048576,2097152,32768,209715,128,19,256,10.358489038418389,12,-8.9,0,32,4,32,nested-3e4b4e228ad72a81,workstreams/finite_asymptotic_theory/landscape_db/activation_pilot_v1/maps/t128_s19.json,Activation-aware Q1 only; unselected nested chain; nearest binary64; no full-distance claim.
"RM(1,3) [8,4,4] exact",fixed,8,4,20,1048576,2097152,262144,209715,128,19,2048,1.6330964481493182,4,-9.6,0,32,4,32,nested-3e4b4e228ad72a81,workstreams/finite_asymptotic_theory/landscape_db/activation_pilot_v1/maps/t128_s19.json,Activation-aware Q1 only; unselected nested chain; nearest binary64; no full-distance claim.
"RM(2,5) [32,16,8] exact",fixed,32,16,20,1048576,2097152,65536,209715,128,19,512,4.506078382516838,8,-8.7,0,32,4,32,nested-3e4b4e228ad72a81,workstreams/finite_asymptotic_theory/landscape_db/activation_pilot_v1/maps/t128_s19.json,Activation-aware Q1 only; unselected nested chain; nearest binary64; no full-distance claim.
"RM(3,7) [128,64,16] exact",fixed,128,64,20,1048576,2097152,16384,209715,128,19,128,10.590323813726599,16,-9.1,0,32,4,32,nested-3e4b4e228ad72a81,workstreams/finite_asymptotic_theory/landscape_db/activation_pilot_v1/maps/t128_s19.json,Activation-aware Q1 only; unselected nested chain; nearest binary64; no full-distance claim.
"RM(4,9) [512,256,32] exact",fixed,512,256,20,1048576,2097152,4096,209715,128,19,32,39.17122523075786,32,-8.6,0,32,4,32,nested-3e4b4e228ad72a81,workstreams/finite_asymptotic_theory/landscape_db/activation_pilot_v1/maps/t128_s19.json,Activation-aware Q1 only; unselected nested chain; nearest binary64; no full-distance claim.
"random full-rank [64,32] reused",random-ensemble-average,64,32,20,1048576,2097152,32768,209715,128,19,256,1.4832808981381282,7,-10.0,0,32,4,32,nested-3e4b4e228ad72a81,workstreams/finite_asymptotic_theory/landscape_db/activation_pilot_v1/maps/t128_s19.json,Activation-aware Q1 only; unselected nested chain; nearest binary64; no full-distance claim.
"random full-rank [128,64] reused",random-ensemble-average,128,64,20,1048576,2097152,16384,209715,128,19,128,21.17552269731188,13,-9.4,0,32,4,32,nested-3e4b4e228ad72a81,workstreams/finite_asymptotic_theory/landscape_db/activation_pilot_v1/maps/t128_s19.json,Activation-aware Q1 only; unselected nested chain; nearest binary64; no full-distance claim.
"random full-rank [512,256] reused",random-ensemble-average,512,256,20,1048576,2097152,4096,209715,128,19,32,137.26455226909343,53,-8.0,0,32,4,32,nested-3e4b4e228ad72a81,workstreams/finite_asymptotic_theory/landscape_db/activation_pilot_v1/maps/t128_s19.json,Activation-aware Q1 only; unselected nested chain; nearest binary64; no full-distance claim.
"extended BCH [8,4,4] exact",fixed,8,4,16,65536,131072,16384,13107,128,20,128,6.3769980309962655,4,-6.8,0,32,6,0,nested-62749ddc503cd376,workstreams/finite_asymptotic_theory/landscape_db/activation_pilot_v1/maps/t128_s20.json,Activation-aware Q1 only; unselected nested chain; nearest binary64; no full-distance claim.
"extended BCH [32,16,8] exact",fixed,32,16,16,65536,131072,4096,13107,128,20,32,8.627906995077725,8,-5.8,0,32,6,0,nested-62749ddc503cd376,workstreams/finite_asymptotic_theory/landscape_db/activation_pilot_v1/maps/t128_s20.json,Activation-aware Q1 only; unselected nested chain; nearest binary64; no full-distance claim.
"extended BCH [128,64,22] exact",fixed,128,64,16,65536,131072,1024,13107,128,20,8,36.38021202713637,22,-5.7,0,32,6,0,nested-62749ddc503cd376,workstreams/finite_asymptotic_theory/landscape_db/activation_pilot_v1/maps/t128_s20.json,Activation-aware Q1 only; unselected nested chain; nearest binary64; no full-distance claim.
"Philips shortened-XBCH [64,32,12] exact",fixed,64,32,16,65536,131072,2048,13107,128,20,16,14.160544822925882,12,-6.2,0,32,6,0,nested-62749ddc503cd376,workstreams/finite_asymptotic_theory/landscape_db/activation_pilot_v1/maps/t128_s20.json,Activation-aware Q1 only; unselected nested chain; nearest binary64; no full-distance claim.
"RM(1,3) [8,4,4] exact",fixed,8,4,16,65536,131072,16384,13107,128,20,128,6.3769980309962655,4,-6.8,0,32,6,0,nested-62749ddc503cd376,workstreams/finite_asymptotic_theory/landscape_db/activation_pilot_v1/maps/t128_s20.json,Activation-aware Q1 only; unselected nested chain; nearest binary64; no full-distance claim.
"RM(2,5) [32,16,8] exact",fixed,32,16,16,65536,131072,4096,13107,128,20,32,8.627906995077725,8,-5.8,0,32,6,0,nested-62749ddc503cd376,workstreams/finite_asymptotic_theory/landscape_db/activation_pilot_v1/maps/t128_s20.json,Activation-aware Q1 only; unselected nested chain; nearest binary64; no full-distance claim.
"RM(3,7) [128,64,16] exact",fixed,128,64,16,65536,131072,1024,13107,128,20,8,14.442643694404905,16,-6.3,0,32,6,0,nested-62749ddc503cd376,workstreams/finite_asymptotic_theory/landscape_db/activation_pilot_v1/maps/t128_s20.json,Activation-aware Q1 only; unselected nested chain; nearest binary64; no full-distance claim.
"RM(4,9) [512,256,32] exact",fixed,512,256,16,65536,131072,256,13107,128,20,2,42.858784096743896,32,-5.8,0,32,6,0,nested-62749ddc503cd376,workstreams/finite_asymptotic_theory/landscape_db/activation_pilot_v1/maps/t128_s20.json,Activation-aware Q1 only; unselected nested chain; nearest binary64; no full-distance claim.
"random full-rank [64,32] reused",random-ensemble-average,64,32,16,65536,131072,2048,13107,128,20,16,5.4257362759541135,7,-7.2,0,32,6,0,nested-62749ddc503cd376,workstreams/finite_asymptotic_theory/landscape_db/activation_pilot_v1/maps/t128_s20.json,Activation-aware Q1 only; unselected nested chain; nearest binary64; no full-distance claim.
"random full-rank [128,64] reused",random-ensemble-average,128,64,16,65536,131072,1024,13107,128,20,8,25.05976288287527,13,-6.6,0,32,6,0,nested-62749ddc503cd376,workstreams/finite_asymptotic_theory/landscape_db/activation_pilot_v1/maps/t128_s20.json,Activation-aware Q1 only; unselected nested chain; nearest binary64; no full-distance claim.
"random full-rank [512,256] reused",random-ensemble-average,512,256,16,65536,131072,256,13107,128,20,2,140.70788633218592,51,-5.2,0,32,6,0,nested-62749ddc503cd376,workstreams/finite_asymptotic_theory/landscape_db/activation_pilot_v1/maps/t128_s20.json,Activation-aware Q1 only; unselected nested chain; nearest binary64; no full-distance claim.
"extended BCH [8,4,4] exact",fixed,8,4,20,1048576,2097152,262144,209715,128,20,2048,2.535134667867042,4,-9.6,0,32,6,0,nested-62749ddc503cd376,workstreams/finite_asymptotic_theory/landscape_db/activation_pilot_v1/maps/t128_s20.json,Activation-aware Q1 only; unselected nested chain; nearest binary64; no full-distance claim.
"extended BCH [32,16,8] exact",fixed,32,16,20,1048576,2097152,65536,209715,128,20,512,5.008301450927885,8,-8.6,0,32,6,0,nested-62749ddc503cd376,workstreams/finite_asymptotic_theory/landscape_db/activation_pilot_v1/maps/t128_s20.json,Activation-aware Q1 only; unselected nested chain; nearest binary64; no full-distance claim.
"extended BCH [128,64,22] exact",fixed,128,64,20,1048576,2097152,16384,209715,128,20,128,32.75202359990284,22,-8.4,0,32,6,0,nested-62749ddc503cd376,workstreams/finite_asymptotic_theory/landscape_db/activation_pilot_v1/maps/t128_s20.json,Activation-aware Q1 only; unselected nested chain; nearest binary64; no full-distance claim.
"Philips shortened-XBCH [64,32,12] exact",fixed,64,32,20,1048576,2097152,32768,209715,128,20,256,10.3742019033901,12,-8.9,0,32,6,0,nested-62749ddc503cd376,workstreams/finite_asymptotic_theory/landscape_db/activation_pilot_v1/maps/t128_s20.json,Activation-aware Q1 only; unselected nested chain; nearest binary64; no full-distance claim.
"RM(1,3) [8,4,4] exact",fixed,8,4,20,1048576,2097152,262144,209715,128,20,2048,2.535134667867042,4,-9.6,0,32,6,0,nested-62749ddc503cd376,workstreams/finite_asymptotic_theory/landscape_db/activation_pilot_v1/maps/t128_s20.json,Activation-aware Q1 only; unselected nested chain; nearest binary64; no full-distance claim.
"RM(2,5) [32,16,8] exact",fixed,32,16,20,1048576,2097152,65536,209715,128,20,512,5.008301450927885,8,-8.6,0,32,6,0,nested-62749ddc503cd376,workstreams/finite_asymptotic_theory/landscape_db/activation_pilot_v1/maps/t128_s20.json,Activation-aware Q1 only; unselected nested chain; nearest binary64; no full-distance claim.
"RM(3,7) [128,64,16] exact",fixed,128,64,20,1048576,2097152,16384,209715,128,20,128,10.598209839282644,16,-9.1,0,32,6,0,nested-62749ddc503cd376,workstreams/finite_asymptotic_theory/landscape_db/activation_pilot_v1/maps/t128_s20.json,Activation-aware Q1 only; unselected nested chain; nearest binary64; no full-distance claim.
"RM(4,9) [512,256,32] exact",fixed,512,256,20,1048576,2097152,4096,209715,128,20,32,39.18375895359464,32,-8.6,0,32,6,0,nested-62749ddc503cd376,workstreams/finite_asymptotic_theory/landscape_db/activation_pilot_v1/maps/t128_s20.json,Activation-aware Q1 only; unselected nested chain; nearest binary64; no full-distance claim.
"random full-rank [64,32] reused",random-ensemble-average,64,32,20,1048576,2097152,32768,209715,128,20,256,1.48836810990103,7,-10.0,0,32,6,0,nested-62749ddc503cd376,workstreams/finite_asymptotic_theory/landscape_db/activation_pilot_v1/maps/t128_s20.json,Activation-aware Q1 only; unselected nested chain; nearest binary64; no full-distance claim.
"random full-rank [128,64] reused",random-ensemble-average,128,64,20,1048576,2097152,16384,209715,128,20,128,21.182069668501526,13,-9.4,0,32,6,0,nested-62749ddc503cd376,workstreams/finite_asymptotic_theory/landscape_db/activation_pilot_v1/maps/t128_s20.json,Activation-aware Q1 only; unselected nested chain; nearest binary64; no full-distance claim.
"random full-rank [512,256] reused",random-ensemble-average,512,256,20,1048576,2097152,4096,209715,128,20,32,137.29945982223796,53,-8.0,0,32,6,0,nested-62749ddc503cd376,workstreams/finite_asymptotic_theory/landscape_db/activation_pilot_v1/maps/t128_s20.json,Activation-aware Q1 only; unselected nested chain; nearest binary64; no full-distance claim.
"extended BCH [8,4,4] exact",fixed,8,4,16,65536,131072,16384,13107,256,14,64,1.1086957026547284,4,-7.1,0,96,4,21696,nested-84a8b7b86c79194a,workstreams/finite_asymptotic_theory/landscape_db/activation_pilot_v1/maps/t256_s14.json,Activation-aware Q1 only; unselected nested chain; nearest binary64; no full-distance claim.
"extended BCH [32,16,8] exact",fixed,32,16,16,65536,131072,4096,13107,256,14,16,5.452922499365651,8,-6.3,0,96,4,21696,nested-84a8b7b86c79194a,workstreams/finite_asymptotic_theory/landscape_db/activation_pilot_v1/maps/t256_s14.json,Activation-aware Q1 only; unselected nested chain; nearest binary64; no full-distance claim.
"extended BCH [128,64,22] exact",fixed,128,64,16,65536,131072,1024,13107,256,14,4,35.25445444865065,22,-5.7,0,96,4,21696,nested-84a8b7b86c79194a,workstreams/finite_asymptotic_theory/landscape_db/activation_pilot_v1/maps/t256_s14.json,Activation-aware Q1 only; unselected nested chain; nearest binary64; no full-distance claim.
"Philips shortened-XBCH [64,32,12] exact",fixed,64,32,16,65536,131072,2048,13107,256,14,8,13.557504441562505,12,-6.2,0,96,4,21696,nested-84a8b7b86c79194a,workstreams/finite_asymptotic_theory/landscape_db/activation_pilot_v1/maps/t256_s14.json,Activation-aware Q1 only; unselected nested chain; nearest binary64; no full-distance claim.
"RM(1,3) [8,4,4] exact",fixed,8,4,16,65536,131072,16384,13107,256,14,64,1.1086957026547284,4,-7.1,0,96,4,21696,nested-84a8b7b86c79194a,workstreams/finite_asymptotic_theory/landscape_db/activation_pilot_v1/maps/t256_s14.json,Activation-aware Q1 only; unselected nested chain; nearest binary64; no full-distance claim.
"RM(2,5) [32,16,8] exact",fixed,32,16,16,65536,131072,4096,13107,256,14,16,5.452922499365651,8,-6.3,0,96,4,21696,nested-84a8b7b86c79194a,workstreams/finite_asymptotic_theory/landscape_db/activation_pilot_v1/maps/t256_s14.json,Activation-aware Q1 only; unselected nested chain; nearest binary64; no full-distance claim.
"RM(3,7) [128,64,16] exact",fixed,128,64,16,65536,131072,1024,13107,256,14,4,14.134840298419377,16,-6.3,0,96,4,21696,nested-84a8b7b86c79194a,workstreams/finite_asymptotic_theory/landscape_db/activation_pilot_v1/maps/t256_s14.json,Activation-aware Q1 only; unselected nested chain; nearest binary64; no full-distance claim.
"RM(4,9) [512,256,32] exact",fixed,512,256,16,65536,131072,256,13107,256,14,1,42.26672139998562,32,-5.9,0,96,4,21696,nested-84a8b7b86c79194a,workstreams/finite_asymptotic_theory/landscape_db/activation_pilot_v1/maps/t256_s14.json,Activation-aware Q1 only; unselected nested chain; nearest binary64; no full-distance claim.
"random full-rank [64,32] reused",random-ensemble-average,64,32,16,65536,131072,2048,13107,256,14,8,5.345411555945749,7,-7.2,0,96,4,21696,nested-84a8b7b86c79194a,workstreams/finite_asymptotic_theory/landscape_db/activation_pilot_v1/maps/t256_s14.json,Activation-aware Q1 only; unselected nested chain; nearest binary64; no full-distance claim.
"random full-rank [128,64] reused",random-ensemble-average,128,64,16,65536,131072,1024,13107,256,14,4,24.852591646555585,13,-6.6,0,96,4,21696,nested-84a8b7b86c79194a,workstreams/finite_asymptotic_theory/landscape_db/activation_pilot_v1/maps/t256_s14.json,Activation-aware Q1 only; unselected nested chain; nearest binary64; no full-distance claim.
"random full-rank [512,256] reused",random-ensemble-average,512,256,16,65536,131072,256,13107,256,14,1,138.81005595546424,52,-5.2,0,96,4,21696,nested-84a8b7b86c79194a,workstreams/finite_asymptotic_theory/landscape_db/activation_pilot_v1/maps/t256_s14.json,Activation-aware Q1 only; unselected nested chain; nearest binary64; no full-distance claim.
"extended BCH [8,4,4] exact",fixed,8,4,20,1048576,2097152,262144,209715,256,14,1024,-2.902748734283999,4,-9.9,0,96,4,21696,nested-84a8b7b86c79194a,workstreams/finite_asymptotic_theory/landscape_db/activation_pilot_v1/maps/t256_s14.json,Activation-aware Q1 only; unselected nested chain; nearest binary64; no full-distance claim.
"extended BCH [32,16,8] exact",fixed,32,16,20,1048576,2097152,65536,209715,256,14,256,1.5900756936726543,8,-9.1,0,96,4,21696,nested-84a8b7b86c79194a,workstreams/finite_asymptotic_theory/landscape_db/activation_pilot_v1/maps/t256_s14.json,Activation-aware Q1 only; unselected nested chain; nearest binary64; no full-distance claim.
"extended BCH [128,64,22] exact",fixed,128,64,20,1048576,2097152,16384,209715,256,14,64,31.657866104305622,22,-8.5,0,96,4,21696,nested-84a8b7b86c79194a,workstreams/finite_asymptotic_theory/landscape_db/activation_pilot_v1/maps/t256_s14.json,Activation-aware Q1 only; unselected nested chain; nearest binary64; no full-distance claim.
"Philips shortened-XBCH [64,32,12] exact",fixed,64,32,20,1048576,2097152,32768,209715,256,14,128,9.732303371423884,12,-9.0,0,96,4,21696,nested-84a8b7b86c79194a,workstreams/finite_asymptotic_theory/landscape_db/activation_pilot_v1/maps/t256_s14.json,Activation-aware Q1 only; unselected nested chain; nearest binary64; no full-distance claim.
"RM(1,3) [8,4,4] exact",fixed,8,4,20,1048576,2097152,262144,209715,256,14,1024,-2.902748734283999,4,-9.9,0,96,4,21696,nested-84a8b7b86c79194a,workstreams/finite_asymptotic_theory/landscape_db/activation_pilot_v1/maps/t256_s14.json,Activation-aware Q1 only; unselected nested chain; nearest binary64; no full-distance claim.
"RM(2,5) [32,16,8] exact",fixed,32,16,20,1048576,2097152,65536,209715,256,14,256,1.5900756936726543,8,-9.1,0,96,4,21696,nested-84a8b7b86c79194a,workstreams/finite_asymptotic_theory/landscape_db/activation_pilot_v1/maps/t256_s14.json,Activation-aware Q1 only; unselected nested chain; nearest binary64; no full-distance claim.
"RM(3,7) [128,64,16] exact",fixed,128,64,20,1048576,2097152,16384,209715,256,14,64,10.252846421685808,16,-9.1,0,96,4,21696,nested-84a8b7b86c79194a,workstreams/finite_asymptotic_theory/landscape_db/activation_pilot_v1/maps/t256_s14.json,Activation-aware Q1 only; unselected nested chain; nearest binary64; no full-distance claim.
"RM(4,9) [512,256,32] exact",fixed,512,256,20,1048576,2097152,4096,209715,256,14,16,38.57147615103821,32,-8.6,0,96,4,21696,nested-84a8b7b86c79194a,workstreams/finite_asymptotic_theory/landscape_db/activation_pilot_v1/maps/t256_s14.json,Activation-aware Q1 only; unselected nested chain; nearest binary64; no full-distance claim.
"random full-rank [64,32] reused",random-ensemble-average,64,32,20,1048576,2097152,32768,209715,256,14,128,1.3110112087801888,7,-10.0,0,96,4,21696,nested-84a8b7b86c79194a,workstreams/finite_asymptotic_theory/landscape_db/activation_pilot_v1/maps/t256_s14.json,Activation-aware Q1 only; unselected nested chain; nearest binary64; no full-distance claim.
"random full-rank [128,64] reused",random-ensemble-average,128,64,20,1048576,2097152,16384,209715,256,14,64,20.914427109287814,13,-9.4,0,96,4,21696,nested-84a8b7b86c79194a,workstreams/finite_asymptotic_theory/landscape_db/activation_pilot_v1/maps/t256_s14.json,Activation-aware Q1 only; unselected nested chain; nearest binary64; no full-distance claim.
"random full-rank [512,256] reused",random-ensemble-average,512,256,20,1048576,2097152,4096,209715,256,14,16,135.63839563305345,54,-8.0,0,96,4,21696,nested-84a8b7b86c79194a,workstreams/finite_asymptotic_theory/landscape_db/activation_pilot_v1/maps/t256_s14.json,Activation-aware Q1 only; unselected nested chain; nearest binary64; no full-distance claim.
"extended BCH [8,4,4] exact",fixed,8,4,16,65536,131072,16384,13107,256,16,64,2.9037495041446904,4,-7.0,0,96,4,4928,nested-581614c811536a8c,workstreams/finite_asymptotic_theory/landscape_db/activation_pilot_v1/maps/t256_s16.json,Activation-aware Q1 only; unselected nested chain; nearest binary64; no full-distance claim.
"extended BCH [32,16,8] exact",fixed,32,16,16,65536,131072,4096,13107,256,16,16,6.6120112122684676,8,-6.1,0,96,4,4928,nested-581614c811536a8c,workstreams/finite_asymptotic_theory/landscape_db/activation_pilot_v1/maps/t256_s16.json,Activation-aware Q1 only; unselected nested chain; nearest binary64; no full-distance claim.
"extended BCH [128,64,22] exact",fixed,128,64,16,65536,131072,1024,13107,256,16,4,35.964923861822356,22,-5.7,0,96,4,4928,nested-581614c811536a8c,workstreams/finite_asymptotic_theory/landscape_db/activation_pilot_v1/maps/t256_s16.json,Activation-aware Q1 only; unselected nested chain; nearest binary64; no full-distance claim.
"Philips shortened-XBCH [64,32,12] exact",fixed,64,32,16,65536,131072,2048,13107,256,16,8,13.927191865266064,12,-6.2,0,96,4,4928,nested-581614c811536a8c,workstreams/finite_asymptotic_theory/landscape_db/activation_pilot_v1/maps/t256_s16.json,Activation-aware Q1 only; unselected nested chain; nearest binary64; no full-distance claim.
"RM(1,3) [8,4,4] exact",fixed,8,4,16,65536,131072,16384,13107,256,16,64,2.9037495041446904,4,-7.0,0,96,4,4928,nested-581614c811536a8c,workstreams/finite_asymptotic_theory/landscape_db/activation_pilot_v1/maps/t256_s16.json,Activation-aware Q1 only; unselected nested chain; nearest binary64; no full-distance claim.
"RM(2,5) [32,16,8] exact",fixed,32,16,16,65536,131072,4096,13107,256,16,16,6.6120112122684676,8,-6.1,0,96,4,4928,nested-581614c811536a8c,workstreams/finite_asymptotic_theory/landscape_db/activation_pilot_v1/maps/t256_s16.json,Activation-aware Q1 only; unselected nested chain; nearest binary64; no full-distance claim.
"RM(3,7) [128,64,16] exact",fixed,128,64,16,65536,131072,1024,13107,256,16,4,14.305011895859051,16,-6.3,0,96,4,4928,nested-581614c811536a8c,workstreams/finite_asymptotic_theory/landscape_db/activation_pilot_v1/maps/t256_s16.json,Activation-aware Q1 only; unselected nested chain; nearest binary64; no full-distance claim.
"RM(4,9) [512,256,32] exact",fixed,512,256,16,65536,131072,256,13107,256,16,1,42.609170921101516,32,-5.9,0,96,4,4928,nested-581614c811536a8c,workstreams/finite_asymptotic_theory/landscape_db/activation_pilot_v1/maps/t256_s16.json,Activation-aware Q1 only; unselected nested chain; nearest binary64; no full-distance claim.
"random full-rank [64,32] reused",random-ensemble-average,64,32,16,65536,131072,2048,13107,256,16,8,5.381442209727186,7,-7.2,0,96,4,4928,nested-581614c811536a8c,workstreams/finite_asymptotic_theory/landscape_db/activation_pilot_v1/maps/t256_s16.json,Activation-aware Q1 only; unselected nested chain; nearest binary64; no full-distance claim.
"random full-rank [128,64] reused",random-ensemble-average,128,64,16,65536,131072,1024,13107,256,16,4,24.962010595477476,13,-6.6,0,96,4,4928,nested-581614c811536a8c,workstreams/finite_asymptotic_theory/landscape_db/activation_pilot_v1/maps/t256_s16.json,Activation-aware Q1 only; unselected nested chain; nearest binary64; no full-distance claim.
"random full-rank [512,256] reused",random-ensemble-average,512,256,16,65536,131072,256,13107,256,16,1,139.99749693306168,52,-5.2,0,96,4,4928,nested-581614c811536a8c,workstreams/finite_asymptotic_theory/landscape_db/activation_pilot_v1/maps/t256_s16.json,Activation-aware Q1 only; unselected nested chain; nearest binary64; no full-distance claim.
"extended BCH [8,4,4] exact",fixed,8,4,20,1048576,2097152,262144,209715,256,16,1024,-0.9868292259979397,4,-9.8,0,96,4,4928,nested-581614c811536a8c,workstreams/finite_asymptotic_theory/landscape_db/activation_pilot_v1/maps/t256_s16.json,Activation-aware Q1 only; unselected nested chain; nearest binary64; no full-distance claim.
"extended BCH [32,16,8] exact",fixed,32,16,20,1048576,2097152,65536,209715,256,16,256,2.9364830637024584,8,-8.9,0,96,4,4928,nested-581614c811536a8c,workstreams/finite_asymptotic_theory/landscape_db/activation_pilot_v1/maps/t256_s16.json,Activation-aware Q1 only; unselected nested chain; nearest binary64; no full-distance claim.
"extended BCH [128,64,22] exact",fixed,128,64,20,1048576,2097152,16384,209715,256,16,64,32.4163565114092,22,-8.4,0,96,4,4928,nested-581614c811536a8c,workstreams/finite_asymptotic_theory/landscape_db/activation_pilot_v1/maps/t256_s16.json,Activation-aware Q1 only; unselected nested chain; nearest binary64; no full-distance claim.
"Philips shortened-XBCH [64,32,12] exact",fixed,64,32,20,1048576,2097152,32768,209715,256,16,128,10.179627673593105,12,-8.9,0,96,4,4928,nested-581614c811536a8c,workstreams/finite_asymptotic_theory/landscape_db/activation_pilot_v1/maps/t256_s16.json,Activation-aware Q1 only; unselected nested chain; nearest binary64; no full-distance claim.
"RM(1,3) [8,4,4] exact",fixed,8,4,20,1048576,2097152,262144,209715,256,16,1024,-0.9868292259979397,4,-9.8,0,96,4,4928,nested-581614c811536a8c,workstreams/finite_asymptotic_theory/landscape_db/activation_pilot_v1/maps/t256_s16.json,Activation-aware Q1 only; unselected nested chain; nearest binary64; no full-distance claim.
"RM(2,5) [32,16,8] exact",fixed,32,16,20,1048576,2097152,65536,209715,256,16,256,2.9364830637024584,8,-8.9,0,96,4,4928,nested-581614c811536a8c,workstreams/finite_asymptotic_theory/landscape_db/activation_pilot_v1/maps/t256_s16.json,Activation-aware Q1 only; unselected nested chain; nearest binary64; no full-distance claim.
"RM(3,7) [128,64,16] exact",fixed,128,64,20,1048576,2097152,16384,209715,256,16,64,10.512105213592923,16,-9.1,0,96,4,4928,nested-581614c811536a8c,workstreams/finite_asymptotic_theory/landscape_db/activation_pilot_v1/maps/t256_s16.json,Activation-aware Q1 only; unselected nested chain; nearest binary64; no full-distance claim.
"RM(4,9) [512,256,32] exact",fixed,512,256,20,1048576,2097152,4096,209715,256,16,16,39.02557192491321,32,-8.6,0,96,4,4928,nested-581614c811536a8c,workstreams/finite_asymptotic_theory/landscape_db/activation_pilot_v1/maps/t256_s16.json,Activation-aware Q1 only; unselected nested chain; nearest binary64; no full-distance claim.
"random full-rank [64,32] reused",random-ensemble-average,64,32,20,1048576,2097152,32768,209715,256,16,128,1.4461153401250373,7,-10.0,0,96,4,4928,nested-581614c811536a8c,workstreams/finite_asymptotic_theory/landscape_db/activation_pilot_v1/maps/t256_s16.json,Activation-aware Q1 only; unselected nested chain; nearest binary64; no full-distance claim.
"random full-rank [128,64] reused",random-ensemble-average,128,64,20,1048576,2097152,16384,209715,256,16,64,21.116486301741773,13,-9.4,0,96,4,4928,nested-581614c811536a8c,workstreams/finite_asymptotic_theory/landscape_db/activation_pilot_v1/maps/t256_s16.json,Activation-aware Q1 only; unselected nested chain; nearest binary64; no full-distance claim.
"random full-rank [512,256] reused",random-ensemble-average,512,256,20,1048576,2097152,4096,209715,256,16,16,136.82574592130493,53,-8.0,0,96,4,4928,nested-581614c811536a8c,workstreams/finite_asymptotic_theory/landscape_db/activation_pilot_v1/maps/t256_s16.json,Activation-aware Q1 only; unselected nested chain; nearest binary64; no full-distance claim.
"extended BCH [8,4,4] exact",fixed,8,4,16,65536,131072,16384,13107,256,18,64,4.643397965382333,4,-6.9,0,96,4,1088,nested-37ec28561e9ce7df,workstreams/finite_asymptotic_theory/landscape_db/activation_pilot_v1/maps/t256_s18.json,Activation-aware Q1 only; unselected nested chain; nearest binary64; no full-distance claim.
"extended BCH [32,16,8] exact",fixed,32,16,16,65536,131072,4096,13107,256,18,16,7.639211320913165,8,-6.0,0,96,4,1088,nested-37ec28561e9ce7df,workstreams/finite_asymptotic_theory/landscape_db/activation_pilot_v1/maps/t256_s18.json,Activation-aware Q1 only; unselected nested chain; nearest binary64; no full-distance claim.
"extended BCH [128,64,22] exact",fixed,128,64,16,65536,131072,1024,13107,256,18,4,36.177175387242436,22,-5.7,0,96,4,1088,nested-37ec28561e9ce7df,workstreams/finite_asymptotic_theory/landscape_db/activation_pilot_v1/maps/t256_s18.json,Activation-aware Q1 only; unselected nested chain; nearest binary64; no full-distance claim.
"Philips shortened-XBCH [64,32,12] exact",fixed,64,32,16,65536,131072,2048,13107,256,18,8,14.035716143097089,12,-6.2,0,96,4,1088,nested-37ec28561e9ce7df,workstreams/finite_asymptotic_theory/landscape_db/activation_pilot_v1/maps/t256_s18.json,Activation-aware Q1 only; unselected nested chain; nearest binary64; no full-distance claim.
"RM(1,3) [8,4,4] exact",fixed,8,4,16,65536,131072,16384,13107,256,18,64,4.643397965382333,4,-6.9,0,96,4,1088,nested-37ec28561e9ce7df,workstreams/finite_asymptotic_theory/landscape_db/activation_pilot_v1/maps/t256_s18.json,Activation-aware Q1 only; unselected nested chain; nearest binary64; no full-distance claim.
"RM(2,5) [32,16,8] exact",fixed,32,16,16,65536,131072,4096,13107,256,18,16,7.639211320913165,8,-6.0,0,96,4,1088,nested-37ec28561e9ce7df,workstreams/finite_asymptotic_theory/landscape_db/activation_pilot_v1/maps/t256_s18.json,Activation-aware Q1 only; unselected nested chain; nearest binary64; no full-distance claim.
"RM(3,7) [128,64,16] exact",fixed,128,64,16,65536,131072,1024,13107,256,18,4,14.349334474415883,16,-6.3,0,96,4,1088,nested-37ec28561e9ce7df,workstreams/finite_asymptotic_theory/landscape_db/activation_pilot_v1/maps/t256_s18.json,Activation-aware Q1 only; unselected nested chain; nearest binary64; no full-distance claim.
"RM(4,9) [512,256,32] exact",fixed,512,256,16,65536,131072,256,13107,256,18,1,42.70162273133086,32,-5.9,0,96,4,1088,nested-37ec28561e9ce7df,workstreams/finite_asymptotic_theory/landscape_db/activation_pilot_v1/maps/t256_s18.json,Activation-aware Q1 only; unselected nested chain; nearest binary64; no full-distance claim.
"random full-rank [64,32] reused",random-ensemble-average,64,32,16,65536,131072,2048,13107,256,18,8,5.390561798411931,7,-7.2,0,96,4,1088,nested-37ec28561e9ce7df,workstreams/finite_asymptotic_theory/landscape_db/activation_pilot_v1/maps/t256_s18.json,Activation-aware Q1 only; unselected nested chain; nearest binary64; no full-distance claim.
"random full-rank [128,64] reused",random-ensemble-average,128,64,16,65536,131072,1024,13107,256,18,4,24.989843217614315,13,-6.6,0,96,4,1088,nested-37ec28561e9ce7df,workstreams/finite_asymptotic_theory/landscape_db/activation_pilot_v1/maps/t256_s18.json,Activation-aware Q1 only; unselected nested chain; nearest binary64; no full-distance claim.
"random full-rank [512,256] reused",random-ensemble-average,512,256,16,65536,131072,256,13107,256,18,1,140.37485468731333,51,-5.2,0,96,4,1088,nested-37ec28561e9ce7df,workstreams/finite_asymptotic_theory/landscape_db/activation_pilot_v1/maps/t256_s18.json,Activation-aware Q1 only; unselected nested chain; nearest binary64; no full-distance claim.
"extended BCH [8,4,4] exact",fixed,8,4,20,1048576,2097152,262144,209715,256,18,1024,0.8033419006225194,4,-9.7,0,96,4,1088,nested-37ec28561e9ce7df,workstreams/finite_asymptotic_theory/landscape_db/activation_pilot_v1/maps/t256_s18.json,Activation-aware Q1 only; unselected nested chain; nearest binary64; no full-distance claim.
"extended BCH [32,16,8] exact",fixed,32,16,20,1048576,2097152,65536,209715,256,18,256,3.998103678885444,8,-8.7,0,96,4,1088,nested-37ec28561e9ce7df,workstreams/finite_asymptotic_theory/landscape_db/activation_pilot_v1/maps/t256_s18.json,Activation-aware Q1 only; unselected nested chain; nearest binary64; no full-distance claim.
"extended BCH [128,64,22] exact",fixed,128,64,20,1048576,2097152,16384,209715,256,18,64,32.67462379742168,22,-8.4,0,96,4,1088,nested-37ec28561e9ce7df,workstreams/finite_asymptotic_theory/landscape_db/activation_pilot_v1/maps/t256_s18.json,Activation-aware Q1 only; unselected nested chain; nearest binary64; no full-distance claim.
"Philips shortened-XBCH [64,32,12] exact",fixed,64,32,20,1048576,2097152,32768,209715,256,18,128,10.32998395011508,12,-8.9,0,96,4,1088,nested-37ec28561e9ce7df,workstreams/finite_asymptotic_theory/landscape_db/activation_pilot_v1/maps/t256_s18.json,Activation-aware Q1 only; unselected nested chain; nearest binary64; no full-distance claim.
"RM(1,3) [8,4,4] exact",fixed,8,4,20,1048576,2097152,262144,209715,256,18,1024,0.8033419006225194,4,-9.7,0,96,4,1088,nested-37ec28561e9ce7df,workstreams/finite_asymptotic_theory/landscape_db/activation_pilot_v1/maps/t256_s18.json,Activation-aware Q1 only; unselected nested chain; nearest binary64; no full-distance claim.
"RM(2,5) [32,16,8] exact",fixed,32,16,20,1048576,2097152,65536,209715,256,18,256,3.998103678885444,8,-8.7,0,96,4,1088,nested-37ec28561e9ce7df,workstreams/finite_asymptotic_theory/landscape_db/activation_pilot_v1/maps/t256_s18.json,Activation-aware Q1 only; unselected nested chain; nearest binary64; no full-distance claim.
"RM(3,7) [128,64,16] exact",fixed,128,64,20,1048576,2097152,16384,209715,256,18,64,10.578621398164772,16,-9.1,0,96,4,1088,nested-37ec28561e9ce7df,workstreams/finite_asymptotic_theory/landscape_db/activation_pilot_v1/maps/t256_s18.json,Activation-aware Q1 only; unselected nested chain; nearest binary64; no full-distance claim.
"RM(4,9) [512,256,32] exact",fixed,512,256,20,1048576,2097152,4096,209715,256,18,16,39.146688160477986,32,-8.6,0,96,4,1088,nested-37ec28561e9ce7df,workstreams/finite_asymptotic_theory/landscape_db/activation_pilot_v1/maps/t256_s18.json,Activation-aware Q1 only; unselected nested chain; nearest binary64; no full-distance claim.
"random full-rank [64,32] reused",random-ensemble-average,64,32,20,1048576,2097152,32768,209715,256,18,128,1.4800746557031907,7,-10.0,0,96,4,1088,nested-37ec28561e9ce7df,workstreams/finite_asymptotic_theory/landscape_db/activation_pilot_v1/maps/t256_s18.json,Activation-aware Q1 only; unselected nested chain; nearest binary64; no full-distance claim.
"random full-rank [128,64] reused",random-ensemble-average,128,64,20,1048576,2097152,16384,209715,256,18,64,21.167568301986186,13,-9.4,0,96,4,1088,nested-37ec28561e9ce7df,workstreams/finite_asymptotic_theory/landscape_db/activation_pilot_v1/maps/t256_s18.json,Activation-aware Q1 only; unselected nested chain; nearest binary64; no full-distance claim.
"random full-rank [512,256] reused",random-ensemble-average,512,256,20,1048576,2097152,4096,209715,256,18,16,137.18910491255494,53,-8.0,0,96,4,1088,nested-37ec28561e9ce7df,workstreams/finite_asymptotic_theory/landscape_db/activation_pilot_v1/maps/t256_s18.json,Activation-aware Q1 only; unselected nested chain; nearest binary64; no full-distance claim.
"extended BCH [8,4,4] exact",fixed,8,4,16,65536,131072,16384,13107,256,20,64,6.32989957869799,4,-6.8,0,96,4,192,nested-2a82e8308c92b0e5,workstreams/finite_asymptotic_theory/landscape_db/activation_pilot_v1/maps/t256_s20.json,Activation-aware Q1 only; unselected nested chain; nearest binary64; no full-distance claim.
"extended BCH [32,16,8] exact",fixed,32,16,16,65536,131072,4096,13107,256,20,16,8.505490184459571,8,-5.8,0,96,4,192,nested-2a82e8308c92b0e5,workstreams/finite_asymptotic_theory/landscape_db/activation_pilot_v1/maps/t256_s20.json,Activation-aware Q1 only; unselected nested chain; nearest binary64; no full-distance claim.
"extended BCH [128,64,22] exact",fixed,128,64,16,65536,131072,1024,13107,256,20,4,36.23305322561474,22,-5.7,0,96,4,192,nested-2a82e8308c92b0e5,workstreams/finite_asymptotic_theory/landscape_db/activation_pilot_v1/maps/t256_s20.json,Activation-aware Q1 only; unselected nested chain; nearest binary64; no full-distance claim.
"Philips shortened-XBCH [64,32,12] exact",fixed,64,32,16,65536,131072,2048,13107,256,20,8,14.066567909262897,12,-6.2,0,96,4,192,nested-2a82e8308c92b0e5,workstreams/finite_asymptotic_theory/landscape_db/activation_pilot_v1/maps/t256_s20.json,Activation-aware Q1 only; unselected nested chain; nearest binary64; no full-distance claim.
"RM(1,3) [8,4,4] exact",fixed,8,4,16,65536,131072,16384,13107,256,20,64,6.32989957869799,4,-6.8,0,96,4,192,nested-2a82e8308c92b0e5,workstreams/finite_asymptotic_theory/landscape_db/activation_pilot_v1/maps/t256_s20.json,Activation-aware Q1 only; unselected nested chain; nearest binary64; no full-distance claim.
"RM(2,5) [32,16,8] exact",fixed,32,16,16,65536,131072,4096,13107,256,20,16,8.505490184459571,8,-5.8,0,96,4,192,nested-2a82e8308c92b0e5,workstreams/finite_asymptotic_theory/landscape_db/activation_pilot_v1/maps/t256_s20.json,Activation-aware Q1 only; unselected nested chain; nearest binary64; no full-distance claim.
"RM(3,7) [128,64,16] exact",fixed,128,64,16,65536,131072,1024,13107,256,20,4,14.360534780764585,16,-6.3,0,96,4,192,nested-2a82e8308c92b0e5,workstreams/finite_asymptotic_theory/landscape_db/activation_pilot_v1/maps/t256_s20.json,Activation-aware Q1 only; unselected nested chain; nearest binary64; no full-distance claim.
"RM(4,9) [512,256,32] exact",fixed,512,256,16,65536,131072,256,13107,256,20,1,42.72530560818592,32,-5.8,0,96,4,192,nested-2a82e8308c92b0e5,workstreams/finite_asymptotic_theory/landscape_db/activation_pilot_v1/maps/t256_s20.json,Activation-aware Q1 only; unselected nested chain; nearest binary64; no full-distance claim.
"random full-rank [64,32] reused",random-ensemble-average,64,32,16,65536,131072,2048,13107,256,20,8,5.392849827730982,7,-7.2,0,96,4,192,nested-2a82e8308c92b0e5,workstreams/finite_asymptotic_theory/landscape_db/activation_pilot_v1/maps/t256_s20.json,Activation-aware Q1 only; unselected nested chain; nearest binary64; no full-distance claim.
"random full-rank [128,64] reused",random-ensemble-average,128,64,16,65536,131072,1024,13107,256,20,4,24.996833354265814,13,-6.6,0,96,4,192,nested-2a82e8308c92b0e5,workstreams/finite_asymptotic_theory/landscape_db/activation_pilot_v1/maps/t256_s20.json,Activation-aware Q1 only; unselected nested chain; nearest binary64; no full-distance claim.
"random full-rank [512,256] reused",random-ensemble-average,512,256,16,65536,131072,256,13107,256,20,1,140.4775485923401,51,-5.2,0,96,4,192,nested-2a82e8308c92b0e5,workstreams/finite_asymptotic_theory/landscape_db/activation_pilot_v1/maps/t256_s20.json,Activation-aware Q1 only; unselected nested chain; nearest binary64; no full-distance claim.
"extended BCH [8,4,4] exact",fixed,8,4,20,1048576,2097152,262144,209715,256,20,1024,2.5342586999460552,4,-9.6,0,96,4,192,nested-2a82e8308c92b0e5,workstreams/finite_asymptotic_theory/landscape_db/activation_pilot_v1/maps/t256_s20.json,Activation-aware Q1 only; unselected nested chain; nearest binary64; no full-distance claim.
"extended BCH [32,16,8] exact",fixed,32,16,20,1048576,2097152,65536,209715,256,20,256,5.002123949227111,8,-8.6,0,96,4,192,nested-2a82e8308c92b0e5,workstreams/finite_asymptotic_theory/landscape_db/activation_pilot_v1/maps/t256_s20.json,Activation-aware Q1 only; unselected nested chain; nearest binary64; no full-distance claim.
"extended BCH [128,64,22] exact",fixed,128,64,20,1048576,2097152,16384,209715,256,20,64,32.74382930889353,22,-8.4,0,96,4,192,nested-2a82e8308c92b0e5,workstreams/finite_asymptotic_theory/landscape_db/activation_pilot_v1/maps/t256_s20.json,Activation-aware Q1 only; unselected nested chain; nearest binary64; no full-distance claim.
"Philips shortened-XBCH [64,32,12] exact",fixed,64,32,20,1048576,2097152,32768,209715,256,20,128,10.369990460444447,12,-8.9,0,96,4,192,nested-2a82e8308c92b0e5,workstreams/finite_asymptotic_theory/landscape_db/activation_pilot_v1/maps/t256_s20.json,Activation-aware Q1 only; unselected nested chain; nearest binary64; no full-distance claim.
"RM(1,3) [8,4,4] exact",fixed,8,4,20,1048576,2097152,262144,209715,256,20,1024,2.5342586999460552,4,-9.6,0,96,4,192,nested-2a82e8308c92b0e5,workstreams/finite_asymptotic_theory/landscape_db/activation_pilot_v1/maps/t256_s20.json,Activation-aware Q1 only; unselected nested chain; nearest binary64; no full-distance claim.
"RM(2,5) [32,16,8] exact",fixed,32,16,20,1048576,2097152,65536,209715,256,20,256,5.002123949227111,8,-8.6,0,96,4,192,nested-2a82e8308c92b0e5,workstreams/finite_asymptotic_theory/landscape_db/activation_pilot_v1/maps/t256_s20.json,Activation-aware Q1 only; unselected nested chain; nearest binary64; no full-distance claim.
"RM(3,7) [128,64,16] exact",fixed,128,64,20,1048576,2097152,16384,209715,256,20,64,10.595364574811017,16,-9.1,0,96,4,192,nested-2a82e8308c92b0e5,workstreams/finite_asymptotic_theory/landscape_db/activation_pilot_v1/maps/t256_s20.json,Activation-aware Q1 only; unselected nested chain; nearest binary64; no full-distance claim.
"RM(4,9) [512,256,32] exact",fixed,512,256,20,1048576,2097152,4096,209715,256,20,16,39.177517889332506,32,-8.6,0,96,4,192,nested-2a82e8308c92b0e5,workstreams/finite_asymptotic_theory/landscape_db/activation_pilot_v1/maps/t256_s20.json,Activation-aware Q1 only; unselected nested chain; nearest binary64; no full-distance claim.
"random full-rank [64,32] reused",random-ensemble-average,64,32,20,1048576,2097152,32768,209715,256,20,128,1.4885663064006347,7,-10.0,0,96,4,192,nested-2a82e8308c92b0e5,workstreams/finite_asymptotic_theory/landscape_db/activation_pilot_v1/maps/t256_s20.json,Activation-aware Q1 only; unselected nested chain; nearest binary64; no full-distance claim.
"random full-rank [128,64] reused",random-ensemble-average,128,64,20,1048576,2097152,16384,209715,256,20,64,21.180382927474387,13,-9.4,0,96,4,192,nested-2a82e8308c92b0e5,workstreams/finite_asymptotic_theory/landscape_db/activation_pilot_v1/maps/t256_s20.json,Activation-aware Q1 only; unselected nested chain; nearest binary64; no full-distance claim.
"random full-rank [512,256] reused",random-ensemble-average,512,256,20,1048576,2097152,4096,209715,256,20,16,137.2861604476772,53,-8.0,0,96,4,192,nested-2a82e8308c92b0e5,workstreams/finite_asymptotic_theory/landscape_db/activation_pilot_v1/maps/t256_s20.json,Activation-aware Q1 only; unselected nested chain; nearest binary64; no full-distance claim.
