series,family,outer_model,block_bits,dimension,message_exponent,message_bits,memory_bits,distance_cutoff,relative_distance_lower,q1_margin_bits_diagnostic,dominant_weight,dominant_log_surprisal
"extended BCH [8,4,4] exact",bch,structured,8,4,8,256,10,52,0.1015625,-1.2817356261840742,4,-2.0
"extended BCH [8,4,4] exact",bch,structured,8,4,9,512,11,103,0.1005859375,-1.9570078456930793,4,-3.0
"extended BCH [8,4,4] exact",bch,structured,8,4,10,1024,12,205,0.10009765625,-2.8684250098380266,4,-3.5
"extended BCH [8,4,4] exact",bch,structured,8,4,11,2048,13,410,0.10009765625,-4.032315551225732,4,-4.5
"extended BCH [8,4,4] exact",bch,structured,8,4,12,4096,14,820,0.10009765625,-4.818841264901388,4,-5.0
"extended BCH [8,4,4] exact",bch,structured,8,4,13,8192,15,1639,0.10003662109375,-5.812567768100033,4,-5.700000000000015
"extended BCH [8,4,4] exact",bch,structured,8,4,14,16384,16,3277,0.100006103515625,-6.811060343408202,4,-6.400000000000013
"extended BCH [8,4,4] exact",bch,structured,8,4,15,32768,17,6554,0.100006103515625,-7.808898886584417,4,-7.000000000000011
"extended BCH [8,4,4] exact",bch,structured,8,4,16,65536,18,13108,0.100006103515625,-8.80571589607514,4,-7.700000000000008
"extended BCH [8,4,4] exact",bch,structured,8,4,17,131072,19,26215,0.10000228881835938,-9.802911907417435,4,-8.400000000000006
"extended BCH [8,4,4] exact",bch,structured,8,4,18,262144,20,52429,0.10000038146972656,-10.80085072986268,4,-9.100000000000003
"extended BCH [8,4,4] exact",bch,structured,8,4,19,524288,21,104858,0.10000038146972656,-11.799463905046364,4,-9.8
"extended BCH [8,4,4] exact",bch,structured,8,4,20,1048576,22,209716,0.10000038146972656,-12.798554519327409,4,-10.5
"extended BCH [32,16,8] exact",bch,structured,32,16,8,256,10,52,0.1015625,4.106764702032891,8,-1.5
"extended BCH [32,16,8] exact",bch,structured,32,16,9,512,11,103,0.1005859375,3.580172018539194,8,-2.0
"extended BCH [32,16,8] exact",bch,structured,32,16,10,1024,12,205,0.10009765625,2.7402315783104196,8,-3.0
"extended BCH [32,16,8] exact",bch,structured,32,16,11,2048,13,410,0.10009765625,2.0994309227649874,8,-3.5
"extended BCH [32,16,8] exact",bch,structured,32,16,12,4096,14,820,0.10009765625,0.9510287806639252,8,-4.0
"extended BCH [32,16,8] exact",bch,structured,32,16,13,8192,15,1639,0.10003662109375,0.06320278921502326,8,-5.0
"extended BCH [32,16,8] exact",bch,structured,32,16,14,16384,16,3277,0.100006103515625,-0.8022939164147497,8,-5.500000000000016
"extended BCH [32,16,8] exact",bch,structured,32,16,15,32768,17,6554,0.100006103515625,-1.7910435440955899,8,-6.2000000000000135
"extended BCH [32,16,8] exact",bch,structured,32,16,16,65536,18,13108,0.100006103515625,-2.7840669710401156,8,-6.900000000000011
"extended BCH [32,16,8] exact",bch,structured,32,16,17,131072,19,26215,0.10000228881835938,-3.778824378675344,8,-7.6000000000000085
"extended BCH [32,16,8] exact",bch,structured,32,16,18,262144,20,52429,0.10000038146972656,-4.775501964031627,8,-8.300000000000006
"extended BCH [32,16,8] exact",bch,structured,32,16,19,524288,21,104858,0.10000038146972656,-5.773640116443531,8,-9.000000000000004
"extended BCH [32,16,8] exact",bch,structured,32,16,20,1048576,22,209716,0.10000038146972656,-6.772649713585214,8,-9.700000000000001
"Philips shortened-XBCH [64,32,12] exact",bch,structured,64,32,8,256,10,52,0.1015625,11.68328432850844,12,-1.0
"Philips shortened-XBCH [64,32,12] exact",bch,structured,64,32,9,512,11,103,0.1005859375,11.915619466530433,12,-2.0
"Philips shortened-XBCH [64,32,12] exact",bch,structured,64,32,10,1024,12,205,0.10009765625,11.738377105898673,12,-2.5
"Philips shortened-XBCH [64,32,12] exact",bch,structured,64,32,11,2048,13,410,0.10009765625,11.017886854449163,12,-3.0
"Philips shortened-XBCH [64,32,12] exact",bch,structured,64,32,12,4096,14,820,0.10009765625,9.999007838019594,12,-4.0
"Philips shortened-XBCH [64,32,12] exact",bch,structured,64,32,13,8192,15,1639,0.10003662109375,9.263079334658968,12,-4.5
"Philips shortened-XBCH [64,32,12] exact",bch,structured,64,32,14,16384,16,3277,0.100006103515625,8.389624509365044,12,-5.200000000000017
"Philips shortened-XBCH [64,32,12] exact",bch,structured,64,32,15,32768,17,6554,0.100006103515625,7.4148963134706625,12,-5.900000000000015
"Philips shortened-XBCH [64,32,12] exact",bch,structured,64,32,16,65536,18,13108,0.100006103515625,6.423391847923895,12,-6.600000000000012
"Philips shortened-XBCH [64,32,12] exact",bch,structured,64,32,17,131072,19,26215,0.10000228881835938,5.427723020428154,12,-7.30000000000001
"Philips shortened-XBCH [64,32,12] exact",bch,structured,64,32,18,262144,20,52429,0.10000038146972656,4.428500116992864,12,-8.000000000000007
"Philips shortened-XBCH [64,32,12] exact",bch,structured,64,32,19,524288,21,104858,0.10000038146972656,3.4268299009396155,12,-8.700000000000005
"Philips shortened-XBCH [64,32,12] exact",bch,structured,64,32,20,1048576,22,209716,0.10000038146972656,2.4266205208454332,12,-9.300000000000002
"extended BCH [128,64,22] exact",bch,structured,128,64,8,256,10,52,0.1015625,25.878521941971314,22,-0.5
"extended BCH [128,64,22] exact",bch,structured,128,64,9,512,11,103,0.1005859375,28.32300517622677,22,-1.5
"extended BCH [128,64,22] exact",bch,structured,128,64,10,1024,12,205,0.10009765625,29.693948379636534,22,-2.0
"extended BCH [128,64,22] exact",bch,structured,128,64,11,2048,13,410,0.10009765625,30.013770335419977,22,-2.5
"extended BCH [128,64,22] exact",bch,structured,128,64,12,4096,14,820,0.10009765625,29.09687504438958,22,-3.0
"extended BCH [128,64,22] exact",bch,structured,128,64,13,8192,15,1639,0.10003662109375,28.468879663234567,22,-4.0
"extended BCH [128,64,22] exact",bch,structured,128,64,14,16384,16,3277,0.100006103515625,27.909202294864212,22,-4.5
"extended BCH [128,64,22] exact",bch,structured,128,64,15,32768,17,6554,0.100006103515625,27.021466613024288,22,-5.200000000000017
"extended BCH [128,64,22] exact",bch,structured,128,64,16,65536,18,13108,0.100006103515625,26.060323172177586,22,-5.900000000000015
"extended BCH [128,64,22] exact",bch,structured,128,64,17,131072,19,26215,0.10000228881835938,25.08282961731936,22,-6.600000000000012
"extended BCH [128,64,22] exact",bch,structured,128,64,18,262144,20,52429,0.10000038146972656,24.09477541102343,22,-7.30000000000001
"extended BCH [128,64,22] exact",bch,structured,128,64,19,524288,21,104858,0.10000038146972656,23.100235810893334,22,-8.000000000000007
"extended BCH [128,64,22] exact",bch,structured,128,64,20,1048576,22,209716,0.10000038146972656,22.102223788540968,22,-8.700000000000005
"RM(1,3) [8,4,4] exact",rm,structured,8,4,8,256,10,52,0.1015625,-1.2817356261840742,4,-2.0
"RM(1,3) [8,4,4] exact",rm,structured,8,4,9,512,11,103,0.1005859375,-1.9570078456930793,4,-3.0
"RM(1,3) [8,4,4] exact",rm,structured,8,4,10,1024,12,205,0.10009765625,-2.8684250098380266,4,-3.5
"RM(1,3) [8,4,4] exact",rm,structured,8,4,11,2048,13,410,0.10009765625,-4.032315551225732,4,-4.5
"RM(1,3) [8,4,4] exact",rm,structured,8,4,12,4096,14,820,0.10009765625,-4.818841264901388,4,-5.0
"RM(1,3) [8,4,4] exact",rm,structured,8,4,13,8192,15,1639,0.10003662109375,-5.812567768100033,4,-5.700000000000015
"RM(1,3) [8,4,4] exact",rm,structured,8,4,14,16384,16,3277,0.100006103515625,-6.811060343408202,4,-6.400000000000013
"RM(1,3) [8,4,4] exact",rm,structured,8,4,15,32768,17,6554,0.100006103515625,-7.808898886584417,4,-7.000000000000011
"RM(1,3) [8,4,4] exact",rm,structured,8,4,16,65536,18,13108,0.100006103515625,-8.80571589607514,4,-7.700000000000008
"RM(1,3) [8,4,4] exact",rm,structured,8,4,17,131072,19,26215,0.10000228881835938,-9.802911907417435,4,-8.400000000000006
"RM(1,3) [8,4,4] exact",rm,structured,8,4,18,262144,20,52429,0.10000038146972656,-10.80085072986268,4,-9.100000000000003
"RM(1,3) [8,4,4] exact",rm,structured,8,4,19,524288,21,104858,0.10000038146972656,-11.799463905046364,4,-9.8
"RM(1,3) [8,4,4] exact",rm,structured,8,4,20,1048576,22,209716,0.10000038146972656,-12.798554519327409,4,-10.5
"RM(2,5) [32,16,8] exact",rm,structured,32,16,8,256,10,52,0.1015625,4.106764702032891,8,-1.5
"RM(2,5) [32,16,8] exact",rm,structured,32,16,9,512,11,103,0.1005859375,3.580172018539194,8,-2.0
"RM(2,5) [32,16,8] exact",rm,structured,32,16,10,1024,12,205,0.10009765625,2.7402315783104196,8,-3.0
"RM(2,5) [32,16,8] exact",rm,structured,32,16,11,2048,13,410,0.10009765625,2.0994309227649874,8,-3.5
"RM(2,5) [32,16,8] exact",rm,structured,32,16,12,4096,14,820,0.10009765625,0.9510287806639252,8,-4.0
"RM(2,5) [32,16,8] exact",rm,structured,32,16,13,8192,15,1639,0.10003662109375,0.06320278921502326,8,-5.0
"RM(2,5) [32,16,8] exact",rm,structured,32,16,14,16384,16,3277,0.100006103515625,-0.8022939164147497,8,-5.500000000000016
"RM(2,5) [32,16,8] exact",rm,structured,32,16,15,32768,17,6554,0.100006103515625,-1.7910435440955899,8,-6.2000000000000135
"RM(2,5) [32,16,8] exact",rm,structured,32,16,16,65536,18,13108,0.100006103515625,-2.7840669710401156,8,-6.900000000000011
"RM(2,5) [32,16,8] exact",rm,structured,32,16,17,131072,19,26215,0.10000228881835938,-3.778824378675344,8,-7.6000000000000085
"RM(2,5) [32,16,8] exact",rm,structured,32,16,18,262144,20,52429,0.10000038146972656,-4.775501964031627,8,-8.300000000000006
"RM(2,5) [32,16,8] exact",rm,structured,32,16,19,524288,21,104858,0.10000038146972656,-5.773640116443531,8,-9.000000000000004
"RM(2,5) [32,16,8] exact",rm,structured,32,16,20,1048576,22,209716,0.10000038146972656,-6.772649713585214,8,-9.700000000000001
"RM(3,7) [128,64,16] exact",rm,structured,128,64,8,256,10,52,0.1015625,13.425129570250583,16,-1.0
"RM(3,7) [128,64,16] exact",rm,structured,128,64,9,512,11,103,0.1005859375,13.587379890834757,16,-1.5
"RM(3,7) [128,64,16] exact",rm,structured,128,64,10,1024,12,205,0.10009765625,13.332993412109563,16,-2.5
"RM(3,7) [128,64,16] exact",rm,structured,128,64,11,2048,13,410,0.10009765625,12.996958720919329,16,-3.0
"RM(3,7) [128,64,16] exact",rm,structured,128,64,12,4096,14,820,0.10009765625,11.808915595701892,16,-3.5
"RM(3,7) [128,64,16] exact",rm,structured,128,64,13,8192,15,1639,0.10003662109375,11.058728017915161,16,-4.5
"RM(3,7) [128,64,16] exact",rm,structured,128,64,14,16384,16,3277,0.100006103515625,10.281924668891651,16,-5.100000000000017
"RM(3,7) [128,64,16] exact",rm,structured,128,64,15,32768,17,6554,0.100006103515625,9.306311042276258,16,-5.700000000000015
"RM(3,7) [128,64,16] exact",rm,structured,128,64,16,65536,18,13108,0.100006103515625,8.322982485268351,16,-6.400000000000013
"RM(3,7) [128,64,16] exact",rm,structured,128,64,17,131072,19,26215,0.10000228881835938,7.334346827102115,16,-7.10000000000001
"RM(3,7) [128,64,16] exact",rm,structured,128,64,18,262144,20,52429,0.10000038146972656,6.341360185792743,16,-7.800000000000008
"RM(3,7) [128,64,16] exact",rm,structured,128,64,19,524288,21,104858,0.10000038146972656,5.345402250811771,16,-8.500000000000005
"RM(3,7) [128,64,16] exact",rm,structured,128,64,20,1048576,22,209716,0.10000038146972656,4.347749434595863,16,-9.200000000000003
"RM(4,9) [512,256,32] exact",rm,structured,512,256,8,256,10,52,0.1015625,-0.5744060872241973,252,0.5
"RM(4,9) [512,256,32] exact",rm,structured,512,256,9,512,11,103,0.1005859375,37.209733610791105,32,-1.0
"RM(4,9) [512,256,32] exact",rm,structured,512,256,10,1024,12,205,0.10009765625,38.03086032560263,32,-2.0
"RM(4,9) [512,256,32] exact",rm,structured,512,256,11,2048,13,410,0.10009765625,38.92544524829276,32,-2.5
"RM(4,9) [512,256,32] exact",rm,structured,512,256,12,4096,14,820,0.10009765625,38.085887237009466,32,-3.0
"RM(4,9) [512,256,32] exact",rm,structured,512,256,13,8192,15,1639,0.10003662109375,37.08165472484826,32,-4.0
"RM(4,9) [512,256,32] exact",rm,structured,512,256,14,16384,16,3277,0.100006103515625,36.91068389950989,32,-4.5
"RM(4,9) [512,256,32] exact",rm,structured,512,256,15,32768,17,6554,0.100006103515625,35.97522710727816,32,-5.200000000000017
"RM(4,9) [512,256,32] exact",rm,structured,512,256,16,65536,18,13108,0.100006103515625,35.00509859855364,32,-5.900000000000015
"RM(4,9) [512,256,32] exact",rm,structured,512,256,17,131072,19,26215,0.10000228881835938,34.018750582992,32,-6.600000000000012
"RM(4,9) [512,256,32] exact",rm,structured,512,256,18,262144,20,52429,0.10000038146972656,33.021382562392006,32,-7.30000000000001
"RM(4,9) [512,256,32] exact",rm,structured,512,256,19,524288,21,104858,0.10000038146972656,32.017065602581255,32,-8.000000000000007
"RM(4,9) [512,256,32] exact",rm,structured,512,256,20,1048576,22,209716,0.10000038146972656,31.0087960950569,32,-8.700000000000005
"random full-rank [8,4] reused",random,random,8,4,8,256,10,52,0.1015625,-5.566247259876612,1,-4.0
"random full-rank [8,4] reused",random,random,8,4,9,512,11,103,0.1005859375,-6.537027715134543,1,-5.0
"random full-rank [8,4] reused",random,random,8,4,10,1024,12,205,0.10009765625,-7.4917049608358,1,-5.600000000000016
"random full-rank [8,4] reused",random,random,8,4,11,2048,13,410,0.10009765625,-8.4974388517505,1,-6.300000000000013
"random full-rank [8,4] reused",random,random,8,4,12,4096,14,820,0.10009765625,-9.48839513247401,1,-7.000000000000011
"random full-rank [8,4] reused",random,random,8,4,13,8192,15,1639,0.10003662109375,-10.485984905089143,1,-7.6000000000000085
"random full-rank [8,4] reused",random,random,8,4,14,16384,16,3277,0.100006103515625,-11.48483506301832,1,-8.300000000000006
"random full-rank [8,4] reused",random,random,8,4,15,32768,17,6554,0.100006103515625,-12.484642844232496,1,-9.000000000000004
"random full-rank [8,4] reused",random,random,8,4,16,65536,18,13108,0.100006103515625,-13.484578795530147,1,-9.700000000000001
"random full-rank [8,4] reused",random,random,8,4,17,131072,19,26215,0.10000228881835938,-14.485661462775933,1,-10.5
"random full-rank [8,4] reused",random,random,8,4,18,262144,20,52429,0.10000038146972656,-15.488979881354725,1,-11.0
"random full-rank [8,4] reused",random,random,8,4,19,524288,21,104858,0.10000038146972656,-16.527623828405037,1,-12.0
"random full-rank [8,4] reused",random,random,8,4,20,1048576,22,209716,0.10000038146972656,-17.550167755437467,1,-12.0
"random full-rank [16,8] reused",random,random,16,8,8,256,10,52,0.1015625,-3.4151119536651997,3,-2.5
"random full-rank [16,8] reused",random,random,16,8,9,512,11,103,0.1005859375,-4.2866828424486165,3,-3.5
"random full-rank [16,8] reused",random,random,16,8,10,1024,12,205,0.10009765625,-5.265292080065604,2,-4.5
"random full-rank [16,8] reused",random,random,16,8,11,2048,13,410,0.10009765625,-6.279767376826622,3,-5.0
"random full-rank [16,8] reused",random,random,16,8,12,4096,14,820,0.10009765625,-7.239105992600154,2,-6.0
"random full-rank [16,8] reused",random,random,16,8,13,8192,15,1639,0.10003662109375,-8.227477803150975,2,-6.700000000000012
"random full-rank [16,8] reused",random,random,16,8,14,16384,16,3277,0.100006103515625,-9.224832722177617,2,-7.400000000000009
"random full-rank [16,8] reused",random,random,16,8,15,32768,17,6554,0.100006103515625,-10.224123644007785,2,-8.100000000000007
"random full-rank [16,8] reused",random,random,16,8,16,65536,18,13108,0.100006103515625,-11.223768030979041,2,-8.800000000000004
"random full-rank [16,8] reused",random,random,16,8,17,131072,19,26215,0.10000228881835938,-12.223858341402384,2,-9.500000000000002
"random full-rank [16,8] reused",random,random,16,8,18,262144,20,52429,0.10000038146972656,-13.237066842455345,2,-10.0
"random full-rank [16,8] reused",random,random,16,8,19,524288,21,104858,0.10000038146972656,-14.254096660986788,3,-10.5
"random full-rank [16,8] reused",random,random,16,8,20,1048576,22,209716,0.10000038146972656,-15.256004354942007,2,-11.5
"random full-rank [32,16] reused",random,random,32,16,8,256,10,52,0.1015625,0.8663036610104885,5,-2.0
"random full-rank [32,16] reused",random,random,32,16,9,512,11,103,0.1005859375,0.05329928443185078,5,-3.0
"random full-rank [32,16] reused",random,random,32,16,10,1024,12,205,0.10009765625,-0.8920897897178659,4,-4.0
"random full-rank [32,16] reused",random,random,32,16,11,2048,13,410,0.10009765625,-1.846920178881583,5,-4.0
"random full-rank [32,16] reused",random,random,32,16,12,4096,14,820,0.10009765625,-2.804027989215689,4,-5.200000000000017
"random full-rank [32,16] reused",random,random,32,16,13,8192,15,1639,0.10003662109375,-3.7696085565885786,4,-5.900000000000015
"random full-rank [32,16] reused",random,random,32,16,14,16384,16,3277,0.100006103515625,-4.762066242378556,4,-6.600000000000012
"random full-rank [32,16] reused",random,random,32,16,15,32768,17,6554,0.100006103515625,-5.761516846942582,4,-7.30000000000001
"random full-rank [32,16] reused",random,random,32,16,16,65536,18,13108,0.100006103515625,-6.761658915396486,4,-8.000000000000007
"random full-rank [32,16] reused",random,random,32,16,17,131072,19,26215,0.10000228881835938,-7.761510484878765,4,-8.700000000000005
"random full-rank [32,16] reused",random,random,32,16,18,262144,20,52429,0.10000038146972656,-8.765996091611742,4,-9.400000000000002
"random full-rank [32,16] reused",random,random,32,16,19,524288,21,104858,0.10000038146972656,-9.763322142024073,4,-10.0
"random full-rank [32,16] reused",random,random,32,16,20,1048576,22,209716,0.10000038146972656,-10.826276106246073,4,-11.0
"random full-rank [64,32] reused",random,random,64,32,8,256,10,52,0.1015625,8.905753042161773,8,-1.5
"random full-rank [64,32] reused",random,random,64,32,9,512,11,103,0.1005859375,8.455536336529786,9,-2.0
"random full-rank [64,32] reused",random,random,64,32,10,1024,12,205,0.10009765625,7.701406627542244,8,-3.0
"random full-rank [64,32] reused",random,random,64,32,11,2048,13,410,0.10009765625,6.795461572727883,8,-3.5
"random full-rank [64,32] reused",random,random,64,32,12,4096,14,820,0.10009765625,5.853716062818594,9,-4.5
"random full-rank [64,32] reused",random,random,64,32,13,8192,15,1639,0.10003662109375,4.942684090361359,8,-5.100000000000017
"random full-rank [64,32] reused",random,random,64,32,14,16384,16,3277,0.100006103515625,4.013099432812648,8,-5.800000000000015
"random full-rank [64,32] reused",random,random,64,32,15,32768,17,6554,0.100006103515625,3.0191059043730513,8,-6.500000000000012
"random full-rank [64,32] reused",random,random,64,32,16,65536,18,13108,0.100006103515625,2.0215812420689176,8,-7.20000000000001
"random full-rank [64,32] reused",random,random,64,32,17,131072,19,26215,0.10000228881835938,1.022793047796866,8,-7.9000000000000075
"random full-rank [64,32] reused",random,random,64,32,18,262144,20,52429,0.10000038146972656,0.02250303184414599,8,-8.600000000000005
"random full-rank [64,32] reused",random,random,64,32,19,524288,21,104858,0.10000038146972656,-0.979463398830189,8,-9.300000000000002
"random full-rank [64,32] reused",random,random,64,32,20,1048576,22,209716,0.10000038146972656,-2.006736133827441,8,-10.0
"random full-rank [128,64] reused",random,random,128,64,8,256,10,52,0.1015625,23.781904617291023,21,-1.0
"random full-rank [128,64] reused",random,random,128,64,9,512,11,103,0.1005859375,24.885346448197787,15,-2.0
"random full-rank [128,64] reused",random,random,128,64,10,1024,12,205,0.10009765625,24.767337547138574,17,-2.0
"random full-rank [128,64] reused",random,random,128,64,11,2048,13,410,0.10009765625,24.11835694437778,14,-3.0
"random full-rank [128,64] reused",random,random,128,64,12,4096,14,820,0.10009765625,23.291942082371563,15,-4.0
"random full-rank [128,64] reused",random,random,128,64,13,8192,15,1639,0.10003662109375,22.38848918239891,17,-4.5
"random full-rank [128,64] reused",random,random,128,64,14,16384,16,3277,0.100006103515625,21.56748359353783,15,-5.100000000000017
"random full-rank [128,64] reused",random,random,128,64,15,32768,17,6554,0.100006103515625,20.6696691935532,15,-5.800000000000015
"random full-rank [128,64] reused",random,random,128,64,16,65536,18,13108,0.100006103515625,19.681406692379205,15,-6.500000000000012
"random full-rank [128,64] reused",random,random,128,64,17,131072,19,26215,0.10000228881835938,18.689514242773964,15,-7.20000000000001
"random full-rank [128,64] reused",random,random,128,64,18,262144,20,52429,0.10000038146972656,17.694417826724358,15,-7.9000000000000075
"random full-rank [128,64] reused",random,random,128,64,19,524288,21,104858,0.10000038146972656,16.69741892370056,15,-8.600000000000005
"random full-rank [128,64] reused",random,random,128,64,20,1048576,22,209716,0.10000038146972656,15.69857053702691,15,-9.300000000000002
"random full-rank [256,128] reused",random,random,256,128,8,256,10,52,0.1015625,46.514169807040815,41,-0.5
"random full-rank [256,128] reused",random,random,256,128,9,512,11,103,0.1005859375,55.65514864819322,40,-1.0
"random full-rank [256,128] reused",random,random,256,128,10,1024,12,205,0.10009765625,58.393761963682444,30,-1.5
"random full-rank [256,128] reused",random,random,256,128,11,2048,13,410,0.10009765625,58.74522143835595,33,-2.0
"random full-rank [256,128] reused",random,random,256,128,12,4096,14,820,0.10009765625,58.48974245055654,26,-3.0
"random full-rank [256,128] reused",random,random,256,128,13,8192,15,1639,0.10003662109375,57.770008249338424,30,-3.5
"random full-rank [256,128] reused",random,random,256,128,14,16384,16,3277,0.100006103515625,56.99167070547248,33,-4.5
"random full-rank [256,128] reused",random,random,256,128,15,32768,17,6554,0.100006103515625,56.41068979828971,29,-5.100000000000017
"random full-rank [256,128] reused",random,random,256,128,16,65536,18,13108,0.100006103515625,55.53178329839847,29,-5.800000000000015
"random full-rank [256,128] reused",random,random,256,128,17,131072,19,26215,0.10000228881835938,54.55546885712948,29,-6.500000000000012
"random full-rank [256,128] reused",random,random,256,128,18,262144,20,52429,0.10000038146972656,53.56792383758081,29,-7.20000000000001
"random full-rank [256,128] reused",random,random,256,128,19,524288,21,104858,0.10000038146972656,52.57285617843095,29,-7.9000000000000075
"random full-rank [256,128] reused",random,random,256,128,20,1048576,22,209716,0.10000038146972656,51.57390306719041,29,-8.600000000000005
"random full-rank [512,256] reused",random,random,512,256,8,256,10,52,0.1015625,-0.5747845523080277,251,0.5
"random full-rank [512,256] reused",random,random,512,256,9,512,11,103,0.1005859375,103.51777822139483,80,-0.5
"random full-rank [512,256] reused",random,random,512,256,10,1024,12,205,0.10009765625,121.60922900163392,79,-1.0
"random full-rank [512,256] reused",random,random,512,256,11,2048,13,410,0.10009765625,127.0639759162799,58,-1.5
"random full-rank [512,256] reused",random,random,512,256,12,4096,14,820,0.10009765625,128.77914742590332,64,-2.5
"random full-rank [512,256] reused",random,random,512,256,13,8192,15,1639,0.10003662109375,129.46134799791324,51,-3.0
"random full-rank [512,256] reused",random,random,512,256,14,16384,16,3277,0.100006103515625,128.6387089239496,58,-3.5
"random full-rank [512,256] reused",random,random,512,256,15,32768,17,6554,0.100006103515625,128.4146926846024,65,-4.5
"random full-rank [512,256] reused",random,random,512,256,16,65536,18,13108,0.100006103515625,128.2689974788344,56,-5.200000000000017
"random full-rank [512,256] reused",random,random,512,256,17,131072,19,26215,0.10000228881835938,127.385651883263,56,-5.900000000000015
"random full-rank [512,256] reused",random,random,512,256,18,262144,20,52429,0.10000038146972656,126.4208508895573,56,-6.600000000000012
"random full-rank [512,256] reused",random,random,512,256,19,524288,21,104858,0.10000038146972656,125.4408703812938,56,-7.20000000000001
"random full-rank [512,256] reused",random,random,512,256,20,1048576,22,209716,0.10000038146972656,124.45162817163357,56,-7.9000000000000075
"random full-rank [1024,512] reused",random,random,1024,512,9,512,11,103,0.1005859375,6.390138738098175,487,1.0
"random full-rank [1024,512] reused",random,random,1024,512,10,1024,12,205,0.10009765625,220.12464648371028,158,-0.5
"random full-rank [1024,512] reused",random,random,1024,512,11,2048,13,410,0.10009765625,256.0655425826931,157,-1.0
"random full-rank [1024,512] reused",random,random,1024,512,12,4096,14,820,0.10009765625,266.91009021618873,114,-1.5
"random full-rank [1024,512] reused",random,random,1024,512,13,8192,15,1639,0.10003662109375,271.8975778313462,126,-2.5
"random full-rank [1024,512] reused",random,random,1024,512,14,16384,16,3277,0.100006103515625,274.14162879817104,100,-3.0
"random full-rank [1024,512] reused",random,random,1024,512,15,32768,17,6554,0.100006103515625,272.9886623128821,114,-4.0
"random full-rank [1024,512] reused",random,random,1024,512,16,65536,18,13108,0.100006103515625,274.4808875450216,129,-4.5
"random full-rank [1024,512] reused",random,random,1024,512,17,131072,19,26215,0.10000228881835938,274.8793945535297,111,-5.200000000000017
"random full-rank [1024,512] reused",random,random,1024,512,18,262144,20,52429,0.10000038146972656,274.0331299471877,111,-5.800000000000015
"random full-rank [1024,512] reused",random,random,1024,512,19,524288,21,104858,0.10000038146972656,273.1053013721482,110,-6.600000000000012
"random full-rank [1024,512] reused",random,random,1024,512,20,1048576,22,209716,0.10000038146972656,272.14151846018933,110,-7.20000000000001
