k,k_eff,N,delta,d,sigma,block_bits,local_length,blocks,d0,h,outer_log2,outer_z,inner_log2,term_log2,cum_log2
1048576,1048576,2097152,0.09,188743,32,64,128,16384,22,1,-inf,,-2.473911,-inf,-inf
1048576,1048576,2097152,0.09,188743,32,64,128,16384,22,2,-inf,,-4.947821,-inf,-inf
1048576,1048576,2097152,0.09,188743,32,64,128,16384,22,3,-inf,,-7.421730,-inf,-inf
1048576,1048576,2097152,0.09,188743,32,64,128,16384,22,4,-inf,,-9.895638,-inf,-inf
1048576,1048576,2097152,0.09,188743,32,64,128,16384,22,5,-inf,,-12.369546,-inf,-inf
1048576,1048576,2097152,0.09,188743,32,64,128,16384,22,6,-inf,,-14.843453,-inf,-inf
1048576,1048576,2097152,0.09,188743,32,64,128,16384,22,7,-inf,,-17.317359,-inf,-inf
1048576,1048576,2097152,0.09,188743,32,64,128,16384,22,8,-inf,,-19.791265,-inf,-inf
1048576,1048576,2097152,0.09,188743,32,64,128,16384,22,9,-inf,,-22.265170,-inf,-inf
1048576,1048576,2097152,0.09,188743,32,64,128,16384,22,10,-inf,,-24.739074,-inf,-inf
1048576,1048576,2097152,0.09,188743,32,64,128,16384,22,11,-inf,,-27.212977,-inf,-inf
1048576,1048576,2097152,0.09,188743,32,64,128,16384,22,12,-inf,,-29.686880,-inf,-inf
1048576,1048576,2097152,0.09,188743,32,64,128,16384,22,13,-inf,,-32.160782,-inf,-inf
1048576,1048576,2097152,0.09,188743,32,64,128,16384,22,14,-inf,,-34.634683,-inf,-inf
1048576,1048576,2097152,0.09,188743,32,64,128,16384,22,15,-inf,,-37.108583,-inf,-inf
1048576,1048576,2097152,0.09,188743,32,64,128,16384,22,16,-inf,,-39.582482,-inf,-inf
1048576,1048576,2097152,0.09,188743,32,64,128,16384,22,17,-inf,,-42.056381,-inf,-inf
1048576,1048576,2097152,0.09,188743,32,64,128,16384,22,18,-inf,,-44.530279,-inf,-inf
1048576,1048576,2097152,0.09,188743,32,64,128,16384,22,19,-inf,,-47.004175,-inf,-inf
1048576,1048576,2097152,0.09,188743,32,64,128,16384,22,20,-inf,,-49.478071,-inf,-inf
1048576,1048576,2097152,0.09,188743,32,64,128,16384,22,21,-inf,,-51.951966,-inf,-inf
1048576,1048576,2097152,0.09,188743,32,64,128,16384,22,22,31.895575,1e-08,-54.425861,-22.530285,-22.530285
1048576,1048576,2097152,0.09,188743,32,64,128,16384,22,23,35.552141,0.132709122393,-56.899754,-21.347613,-20.821008
1048576,1048576,2097152,0.09,188743,32,64,128,16384,22,24,38.266890,0.170798426769,-59.373646,-21.106756,-19.956819
1048576,1048576,2097152,0.09,188743,32,64,128,16384,22,25,40.663796,0.202087410346,-61.847537,-21.183741,-19.443603
1048576,1048576,2097152,0.09,188743,32,64,128,16384,22,26,42.877295,0.219819874178,-64.321426,-21.444131,-19.121781
1048576,1048576,2097152,0.09,188743,32,64,128,16384,22,27,44.942993,0.239108299725,-66.795315,-21.852322,-18.919307
1048576,1048576,2097152,0.09,188743,32,64,128,16384,22,28,46.887923,0.260089217188,-69.269202,-22.381279,-18.793988
1048576,1048576,2097152,0.09,188743,32,64,128,16384,22,29,48.771656,0.282911136817,-71.743088,-22.971433,-18.716380
1048576,1048576,2097152,0.09,188743,32,64,128,16384,22,30,50.593235,0.282911136817,-74.216973,-23.623738,-18.669089
1048576,1048576,2097152,0.09,188743,32,64,128,16384,22,31,52.414814,0.282911136817,-76.690856,-24.276042,-18.639788
1048576,1048576,2097152,0.09,188743,32,64,128,16384,22,32,54.236393,0.282911136817,-79.164737,-24.928344,-18.621449
1048576,1048576,2097152,0.09,188743,32,64,128,16384,22,33,56.057972,0.282911136817,-81.638616,-25.580644,-18.609901
1048576,1048576,2097152,0.09,188743,32,64,128,16384,22,34,57.849325,0.307735600116,-84.112494,-26.263169,-18.602752
1048576,1048576,2097152,0.09,188743,32,64,128,16384,22,35,59.549561,0.307735600116,-86.586369,-27.036807,-18.598587
1048576,1048576,2097152,0.09,188743,32,64,128,16384,22,36,61.249798,0.307735600116,-89.060242,-27.810443,-18.596156
1048576,1048576,2097152,0.09,188743,32,64,128,16384,22,37,62.950035,0.307735600116,-91.534112,-28.584077,-18.594736
1048576,1048576,2097152,0.09,188743,32,64,128,16384,22,38,64.650272,0.307735600116,-94.007979,-29.357708,-18.593906
1048576,1048576,2097152,0.09,188743,32,64,128,16384,22,39,66.350508,0.307735600116,-96.481843,-30.131335,-18.593421
1048576,1048576,2097152,0.09,188743,32,64,128,16384,22,40,68.050745,0.307735600116,-98.955704,-30.904959,-18.593137
1048576,1048576,2097152,0.09,188743,32,64,128,16384,22,41,69.750982,0.307735600116,-101.429561,-31.678579,-18.592971
1048576,1048576,2097152,0.09,188743,32,64,128,16384,22,42,71.451219,0.307735600116,-103.903413,-32.452195,-18.592874
1048576,1048576,2097152,0.09,188743,32,64,128,16384,22,43,73.151455,0.307735600116,-106.377261,-33.225806,-18.592817
1048576,1048576,2097152,0.09,188743,32,64,128,16384,22,44,74.851692,0.307735600116,-108.851104,-33.999412,-18.592784
1048576,1048576,2097152,0.09,188743,32,64,128,16384,22,45,76.551929,0.307735600116,-111.324940,-34.773011,-18.592764
1048576,1048576,2097152,0.09,188743,32,64,128,16384,22,46,78.252166,0.307735600116,-113.798770,-35.546605,-18.592753
1048576,1048576,2097152,0.09,188743,32,64,128,16384,22,47,79.952402,0.307735600116,-116.272593,-36.320191,-18.592746
1048576,1048576,2097152,0.09,188743,32,64,128,16384,22,48,81.652639,0.307735600116,-118.746407,-37.093768,-18.592742
1048576,1048576,2097152,0.09,188743,32,64,128,16384,22,49,83.352876,0.307735600116,-121.220212,-37.867336,-18.592740
1048576,1048576,2097152,0.09,188743,32,64,128,16384,22,50,85.053113,0.307735600116,-123.694007,-38.640895,-18.592739
1048576,1048576,2097152,0.09,188743,32,64,128,16384,22,51,86.753349,0.307735600116,-126.167791,-39.414441,-18.592738
1048576,1048576,2097152,0.09,188743,32,64,128,16384,22,52,88.453586,0.307735600116,-128.641561,-40.187975,-18.592738
1048576,1048576,2097152,0.09,188743,32,64,128,16384,22,53,90.153823,0.307735600116,-131.115317,-40.961494,-18.592737
1048576,1048576,2097152,0.09,188743,32,64,128,16384,22,54,91.854060,0.307735600116,-133.589056,-41.734996,-18.592737
1048576,1048576,2097152,0.09,188743,32,64,128,16384,22,55,93.554296,0.307735600116,-136.062777,-42.508481,-18.592737
1048576,1048576,2097152,0.09,188743,32,64,128,16384,22,56,95.254533,0.307735600116,-138.536478,-43.281945,-18.592737
1048576,1048576,2097152,0.09,188743,32,64,128,16384,22,57,96.954770,0.307735600116,-141.010156,-44.055386,-18.592737
1048576,1048576,2097152,0.09,188743,32,64,128,16384,22,58,98.655007,0.307735600116,-143.483808,-44.828801,-18.592737
1048576,1048576,2097152,0.09,188743,32,64,128,16384,22,59,100.355243,0.307735600116,-145.957431,-45.602188,-18.592737
1048576,1048576,2097152,0.09,188743,32,64,128,16384,22,60,102.055480,0.307735600116,-148.431022,-46.375542,-18.592737
1048576,1048576,2097152,0.09,188743,32,64,128,16384,22,61,103.755717,0.307735600116,-150.904576,-47.148860,-18.592737
1048576,1048576,2097152,0.09,188743,32,64,128,16384,22,62,105.455953,0.307735600116,-153.378090,-47.922136,-18.592737
1048576,1048576,2097152,0.09,188743,32,64,128,16384,22,63,107.156190,0.307735600116,-155.851558,-48.695368,-18.592737
1048576,1048576,2097152,0.09,188743,32,64,128,16384,22,64,108.856427,0.307735600116,-158.324974,-49.468547,-18.592737
1048576,1048576,2097152,0.09,188743,32,64,128,16384,22,65,110.556664,0.307735600116,-160.798334,-50.241671,-18.592737
1048576,1048576,2097152,0.09,188743,32,64,128,16384,22,66,112.256900,0.307735600116,-163.271629,-51.014728,-18.592737
1048576,1048576,2097152,0.09,188743,32,64,128,16384,22,67,113.957137,0.307735600116,-165.744852,-51.787715,-18.592737
1048576,1048576,2097152,0.09,188743,32,64,128,16384,22,68,115.657374,0.307735600116,-168.217994,-52.560620,-18.592737
1048576,1048576,2097152,0.09,188743,32,64,128,16384,22,69,117.357611,0.307735600116,-170.691047,-53.333436,-18.592737
1048576,1048576,2097152,0.09,188743,32,64,128,16384,22,70,119.057847,0.307735600116,-173.163997,-54.106150,-18.592737
1048576,1048576,2097152,0.09,188743,32,64,128,16384,22,71,120.758084,0.307735600116,-175.636836,-54.878751,-18.592737
1048576,1048576,2097152,0.09,188743,32,64,128,16384,22,72,122.458321,0.307735600116,-178.109546,-55.651225,-18.592737
1048576,1048576,2097152,0.09,188743,32,64,128,16384,22,73,124.158558,0.307735600116,-180.582116,-56.423558,-18.592737
1048576,1048576,2097152,0.09,188743,32,64,128,16384,22,74,125.858794,0.307735600116,-183.054527,-57.195732,-18.592737
1048576,1048576,2097152,0.09,188743,32,64,128,16384,22,75,127.559031,0.307735600116,-185.526762,-57.967731,-18.592737
1048576,1048576,2097152,0.09,188743,32,64,128,16384,22,76,129.259268,0.307735600116,-187.998798,-58.739530,-18.592737
1048576,1048576,2097152,0.09,188743,32,64,128,16384,22,77,130.959505,0.307735600116,-190.470615,-59.511110,-18.592737
1048576,1048576,2097152,0.09,188743,32,64,128,16384,22,78,132.659741,0.307735600116,-192.942184,-60.282443,-18.592737
1048576,1048576,2097152,0.09,188743,32,64,128,16384,22,79,134.359978,0.307735600116,-195.413480,-61.053502,-18.592737
1048576,1048576,2097152,0.09,188743,32,64,128,16384,22,80,136.060215,0.307735600116,-197.884469,-61.824254,-18.592737
1048576,1048576,2097152,0.09,188743,32,64,128,16384,22,81,137.760452,0.307735600116,-200.355118,-62.594667,-18.592737
1048576,1048576,2097152,0.09,188743,32,64,128,16384,22,82,139.460688,0.307735600116,-202.825386,-63.364698,-18.592737
1048576,1048576,2097152,0.09,188743,32,64,128,16384,22,83,141.160925,0.307735600116,-205.295234,-64.134309,-18.592737
1048576,1048576,2097152,0.09,188743,32,64,128,16384,22,84,142.861162,0.307735600116,-207.764610,-64.903448,-18.592737
1048576,1048576,2097152,0.09,188743,32,64,128,16384,22,85,144.561399,0.307735600116,-210.233467,-65.672068,-18.592737
1048576,1048576,2097152,0.09,188743,32,64,128,16384,22,86,146.261635,0.307735600116,-212.701742,-66.440107,-18.592737
1048576,1048576,2097152,0.09,188743,32,64,128,16384,22,87,147.961872,0.307735600116,-215.169379,-67.207507,-18.592737
1048576,1048576,2097152,0.09,188743,32,64,128,16384,22,88,149.662109,0.307735600116,-217.636302,-67.974193,-18.592737
1048576,1048576,2097152,0.09,188743,32,64,128,16384,22,89,151.362346,0.307735600116,-220.102441,-68.740095,-18.592737
1048576,1048576,2097152,0.09,188743,32,64,128,16384,22,90,153.062582,0.307735600116,-222.567709,-69.505127,-18.592737
1048576,1048576,2097152,0.09,188743,32,64,128,16384,22,91,154.762819,0.307735600116,-225.032021,-70.269202,-18.592737
1048576,1048576,2097152,0.09,188743,32,64,128,16384,22,92,156.463056,0.307735600116,-227.495274,-71.032218,-18.592737
1048576,1048576,2097152,0.09,188743,32,64,128,16384,22,93,158.163293,0.307735600116,-229.957368,-71.794075,-18.592737
1048576,1048576,2097152,0.09,188743,32,64,128,16384,22,94,159.863529,0.307735600116,-232.418183,-72.554653,-18.592737
1048576,1048576,2097152,0.09,188743,32,64,128,16384,22,95,161.563766,0.307735600116,-234.877603,-73.313836,-18.592737
1048576,1048576,2097152,0.09,188743,32,64,128,16384,22,96,163.264003,0.307735600116,-237.335490,-74.071487,-18.592737
1048576,1048576,2097152,0.09,188743,32,64,128,16384,22,97,164.964240,0.307735600116,-239.791712,-74.827473,-18.592737
1048576,1048576,2097152,0.09,188743,32,64,128,16384,22,98,166.664476,0.307735600116,-242.246115,-75.581639,-18.592737
1048576,1048576,2097152,0.09,188743,32,64,128,16384,22,99,168.364713,0.307735600116,-244.698549,-76.333836,-18.592737
1048576,1048576,2097152,0.09,188743,32,64,128,16384,22,100,170.064950,0.307735600116,-247.148846,-77.083896,-18.592737
1048576,1048576,2097152,0.09,188743,32,64,128,16384,22,101,171.765187,0.307735600116,-249.596842,-77.831656,-18.592737
1048576,1048576,2097152,0.09,188743,32,64,128,16384,22,102,173.465423,0.307735600116,-252.042358,-78.576935,-18.592737
1048576,1048576,2097152,0.09,188743,32,64,128,16384,22,103,175.165660,0.307735600116,-254.485221,-79.319561,-18.592737
1048576,1048576,2097152,0.09,188743,32,64,128,16384,22,104,176.865897,0.307735600116,-256.925252,-80.059355,-18.592737
1048576,1048576,2097152,0.09,188743,32,64,128,16384,22,105,178.566134,0.307735600116,-259.362265,-80.796131,-18.592737
1048576,1048576,2097152,0.09,188743,32,64,128,16384,22,106,180.266370,0.307735600116,-261.796089,-81.529719,-18.592737
1048576,1048576,2097152,0.09,188743,32,64,128,16384,22,107,181.966607,0.307735600116,-264.226553,-82.259946,-18.592737
1048576,1048576,2097152,0.09,188743,32,64,128,16384,22,108,183.666844,0.307735600116,-266.653487,-82.986644,-18.592737
1048576,1048576,2097152,0.09,188743,32,64,128,16384,22,109,185.367080,0.307735600116,-269.076743,-83.709663,-18.592737
1048576,1048576,2097152,0.09,188743,32,64,128,16384,22,110,187.067317,0.307735600116,-271.496182,-84.428864,-18.592737
1048576,1048576,2097152,0.09,188743,32,64,128,16384,22,111,188.767554,0.307735600116,-273.911672,-85.144118,-18.592737
1048576,1048576,2097152,0.09,188743,32,64,128,16384,22,112,190.467791,0.307735600116,-276.323115,-85.855324,-18.592737
1048576,1048576,2097152,0.09,188743,32,64,128,16384,22,113,192.168027,0.307735600116,-278.730427,-86.562399,-18.592737
1048576,1048576,2097152,0.09,188743,32,64,128,16384,22,114,193.868264,0.307735600116,-281.133540,-87.265276,-18.592737
1048576,1048576,2097152,0.09,188743,32,64,128,16384,22,115,195.568501,0.307735600116,-283.532425,-87.963924,-18.592737
1048576,1048576,2097152,0.09,188743,32,64,128,16384,22,116,197.268738,0.307735600116,-285.927069,-88.658331,-18.592737
1048576,1048576,2097152,0.09,188743,32,64,128,16384,22,117,198.964296,0.334738323292,-288.317482,-89.353186,-18.592737
1048576,1048576,2097152,0.09,188743,32,64,128,16384,22,118,200.543190,0.334738323292,-290.703708,-90.160518,-18.592737
1048576,1048576,2097152,0.09,188743,32,64,128,16384,22,119,202.122085,0.334738323292,-293.085812,-90.963727,-18.592737
1048576,1048576,2097152,0.09,188743,32,64,128,16384,22,120,203.700979,0.334738323292,-295.463875,-91.762896,-18.592737
1048576,1048576,2097152,0.09,188743,32,64,128,16384,22,121,205.279874,0.334738323292,-297.838011,-92.558137,-18.592737
1048576,1048576,2097152,0.09,188743,32,64,128,16384,22,122,206.858768,0.334738323292,-300.208346,-93.349578,-18.592737
1048576,1048576,2097152,0.09,188743,32,64,128,16384,22,123,208.437662,0.334738323292,-302.575018,-94.137355,-18.592737
1048576,1048576,2097152,0.09,188743,32,64,128,16384,22,124,210.016557,0.334738323292,-304.938188,-94.921631,-18.592737
1048576,1048576,2097152,0.09,188743,32,64,128,16384,22,125,211.595451,0.334738323292,-307.298022,-95.702571,-18.592737
1048576,1048576,2097152,0.09,188743,32,64,128,16384,22,126,213.174345,0.334738323292,-309.654691,-96.480345,-18.592737
1048576,1048576,2097152,0.09,188743,32,64,128,16384,22,127,214.753240,0.334738323292,-312.008377,-97.255137,-18.592737
1048576,1048576,2097152,0.09,188743,32,64,128,16384,22,128,216.332134,0.334738323292,-314.359262,-98.027128,-18.592737
1048576,1048576,2097152,0.09,188743,32,64,128,16384,22,129,217.911029,0.334738323292,-316.707524,-98.796496,-18.592737
1048576,1048576,2097152,0.09,188743,32,64,128,16384,22,130,219.489923,0.334738323292,-319.053346,-99.563423,-18.592737
1048576,1048576,2097152,0.09,188743,32,64,128,16384,22,131,221.068817,0.334738323292,-321.396904,-100.328086,-18.592737
1048576,1048576,2097152,0.09,188743,32,64,128,16384,22,132,222.647712,0.334738323292,-323.738364,-101.090653,-18.592737
1048576,1048576,2097152,0.09,188743,32,64,128,16384,22,133,224.226606,0.334738323292,-326.077896,-101.851290,-18.592737
1048576,1048576,2097152,0.09,188743,32,64,128,16384,22,134,225.805500,0.334738323292,-328.415655,-102.610154,-18.592737
1048576,1048576,2097152,0.09,188743,32,64,128,16384,22,135,227.384395,0.334738323292,-330.751788,-103.367393,-18.592737
1048576,1048576,2097152,0.09,188743,32,64,128,16384,22,136,228.963289,0.334738323292,-333.086438,-104.123149,-18.592737
1048576,1048576,2097152,0.09,188743,32,64,128,16384,22,137,230.542183,0.334738323292,-335.419739,-104.877555,-18.592737
1048576,1048576,2097152,0.09,188743,32,64,128,16384,22,138,232.121078,0.334738323292,-337.751810,-105.630732,-18.592737
1048576,1048576,2097152,0.09,188743,32,64,128,16384,22,139,233.699972,0.334738323292,-340.082770,-106.382798,-18.592737
1048576,1048576,2097152,0.09,188743,32,64,128,16384,22,140,235.278867,0.334738323292,-342.412726,-107.133859,-18.592737
1048576,1048576,2097152,0.09,188743,32,64,128,16384,22,141,236.857761,0.334738323292,-344.741773,-107.884013,-18.592737
1048576,1048576,2097152,0.09,188743,32,64,128,16384,22,142,238.436655,0.334738323292,-347.070006,-108.633350,-18.592737
1048576,1048576,2097152,0.09,188743,32,64,128,16384,22,143,240.015550,0.334738323292,-349.397506,-109.381957,-18.592737
1048576,1048576,2097152,0.09,188743,32,64,128,16384,22,144,241.594444,0.334738323292,-351.724350,-110.129906,-18.592737
1048576,1048576,2097152,0.09,188743,32,64,128,16384,22,145,243.173338,0.334738323292,-354.050608,-110.877270,-18.592737
1048576,1048576,2097152,0.09,188743,32,64,128,16384,22,146,244.752233,0.334738323292,-356.376344,-111.624111,-18.592737
1048576,1048576,2097152,0.09,188743,32,64,128,16384,22,147,246.331127,0.334738323292,-358.701615,-112.370488,-18.592737
1048576,1048576,2097152,0.09,188743,32,64,128,16384,22,148,247.910021,0.334738323292,-361.026474,-113.116453,-18.592737
1048576,1048576,2097152,0.09,188743,32,64,128,16384,22,149,249.488916,0.334738323292,-363.350970,-113.862055,-18.592737
1048576,1048576,2097152,0.09,188743,32,64,128,16384,22,150,251.067810,0.334738323292,-365.675145,-114.607335,-18.592737
1048576,1048576,2097152,0.09,188743,32,64,128,16384,22,151,252.646705,0.334738323292,-367.999038,-115.352334,-18.592737
1048576,1048576,2097152,0.09,188743,32,64,128,16384,22,152,254.225599,0.334738323292,-370.322686,-116.097087,-18.592737
1048576,1048576,2097152,0.09,188743,32,64,128,16384,22,153,255.804493,0.334738323292,-372.646118,-116.841625,-18.592737
1048576,1048576,2097152,0.09,188743,32,64,128,16384,22,154,257.383388,0.334738323292,-374.969365,-117.585977,-18.592737
1048576,1048576,2097152,0.09,188743,32,64,128,16384,22,155,258.962282,0.334738323292,-377.292452,-118.330170,-18.592737
1048576,1048576,2097152,0.09,188743,32,64,128,16384,22,156,260.541176,0.334738323292,-379.615402,-119.074226,-18.592737
1048576,1048576,2097152,0.09,188743,32,64,128,16384,22,157,262.120071,0.334738323292,-381.938237,-119.818166,-18.592737
1048576,1048576,2097152,0.09,188743,32,64,128,16384,22,158,263.698965,0.334738323292,-384.260974,-120.562009,-18.592737
1048576,1048576,2097152,0.09,188743,32,64,128,16384,22,159,265.277859,0.334738323292,-386.583630,-121.305771,-18.592737
1048576,1048576,2097152,0.09,188743,32,64,128,16384,22,160,266.856754,0.334738323292,-388.906222,-122.049468,-18.592737
1048576,1048576,2097152,0.09,188743,32,64,128,16384,22,161,268.435648,0.334738323292,-391.228761,-122.793113,-18.592737
1048576,1048576,2097152,0.09,188743,32,64,128,16384,22,162,270.014543,0.334738323292,-393.551261,-123.536718,-18.592737
1048576,1048576,2097152,0.09,188743,32,64,128,16384,22,163,271.593437,0.334738323292,-395.873731,-124.280294,-18.592737
1048576,1048576,2097152,0.09,188743,32,64,128,16384,22,164,273.172331,0.334738323292,-398.196181,-125.023850,-18.592737
1048576,1048576,2097152,0.09,188743,32,64,128,16384,22,165,274.751226,0.334738323292,-400.518620,-125.767394,-18.592737
1048576,1048576,2097152,0.09,188743,32,64,128,16384,22,166,276.330120,0.334738323292,-402.841055,-126.510935,-18.592737
1048576,1048576,2097152,0.09,188743,32,64,128,16384,22,167,277.909014,0.334738323292,-405.163493,-127.254479,-18.592737
1048576,1048576,2097152,0.09,188743,32,64,128,16384,22,168,279.487909,0.334738323292,-407.485940,-127.998031,-18.592737
1048576,1048576,2097152,0.09,188743,32,64,128,16384,22,169,281.066803,0.334738323292,-409.808401,-128.741598,-18.592737
1048576,1048576,2097152,0.09,188743,32,64,128,16384,22,170,282.645697,0.334738323292,-412.130881,-129.485183,-18.592737
1048576,1048576,2097152,0.09,188743,32,64,128,16384,22,171,284.224592,0.334738323292,-414.453383,-130.228792,-18.592737
1048576,1048576,2097152,0.09,188743,32,64,128,16384,22,172,285.803486,0.334738323292,-416.775912,-130.972426,-18.592737
1048576,1048576,2097152,0.09,188743,32,64,128,16384,22,173,287.382381,0.334738323292,-419.098471,-131.716090,-18.592737
1048576,1048576,2097152,0.09,188743,32,64,128,16384,22,174,288.961275,0.334738323292,-421.421062,-132.459787,-18.592737
1048576,1048576,2097152,0.09,188743,32,64,128,16384,22,175,290.540169,0.334738323292,-423.743687,-133.203518,-18.592737
1048576,1048576,2097152,0.09,188743,32,64,128,16384,22,176,292.119064,0.334738323292,-426.066349,-133.947286,-18.592737
1048576,1048576,2097152,0.09,188743,32,64,128,16384,22,177,293.697958,0.334738323292,-428.389050,-134.691092,-18.592737
1048576,1048576,2097152,0.09,188743,32,64,128,16384,22,178,295.276852,0.334738323292,-430.711791,-135.434939,-18.592737
1048576,1048576,2097152,0.09,188743,32,64,128,16384,22,179,296.855747,0.334738323292,-433.034573,-136.178827,-18.592737
1048576,1048576,2097152,0.09,188743,32,64,128,16384,22,180,298.434641,0.334738323292,-435.357398,-136.922757,-18.592737
1048576,1048576,2097152,0.09,188743,32,64,128,16384,22,181,300.013535,0.334738323292,-437.680267,-137.666731,-18.592737
1048576,1048576,2097152,0.09,188743,32,64,128,16384,22,182,301.592430,0.334738323292,-440.003179,-138.410749,-18.592737
1048576,1048576,2097152,0.09,188743,32,64,128,16384,22,183,303.171324,0.334738323292,-442.326137,-139.154812,-18.592737
1048576,1048576,2097152,0.09,188743,32,64,128,16384,22,184,304.750219,0.334738323292,-444.649139,-139.898921,-18.592737
1048576,1048576,2097152,0.09,188743,32,64,128,16384,22,185,306.329113,0.334738323292,-446.972188,-140.643075,-18.592737
1048576,1048576,2097152,0.09,188743,32,64,128,16384,22,186,307.908007,0.334738323292,-449.295283,-141.387275,-18.592737
1048576,1048576,2097152,0.09,188743,32,64,128,16384,22,187,309.486902,0.334738323292,-451.618423,-142.131522,-18.592737
1048576,1048576,2097152,0.09,188743,32,64,128,16384,22,188,311.065796,0.334738323292,-453.941611,-142.875815,-18.592737
1048576,1048576,2097152,0.09,188743,32,64,128,16384,22,189,312.644690,0.334738323292,-456.264844,-143.620154,-18.592737
1048576,1048576,2097152,0.09,188743,32,64,128,16384,22,190,314.223585,0.334738323292,-458.588124,-144.364540,-18.592737
1048576,1048576,2097152,0.09,188743,32,64,128,16384,22,191,315.802479,0.334738323292,-460.911451,-145.108972,-18.592737
1048576,1048576,2097152,0.09,188743,32,64,128,16384,22,192,317.381373,0.334738323292,-463.234823,-145.853450,-18.592737
1048576,1048576,2097152,0.09,188743,32,64,128,16384,22,193,318.960268,0.334738323292,-465.558242,-146.597974,-18.592737
1048576,1048576,2097152,0.09,188743,32,64,128,16384,22,194,320.539162,0.334738323292,-467.881707,-147.342545,-18.592737
1048576,1048576,2097152,0.09,188743,32,64,128,16384,22,195,322.118057,0.334738323292,-470.205217,-148.087161,-18.592737
1048576,1048576,2097152,0.09,188743,32,64,128,16384,22,196,323.696951,0.334738323292,-472.528773,-148.831822,-18.592737
1048576,1048576,2097152,0.09,188743,32,64,128,16384,22,197,325.275845,0.334738323292,-474.852374,-149.576529,-18.592737
1048576,1048576,2097152,0.09,188743,32,64,128,16384,22,198,326.854740,0.334738323292,-477.176020,-150.321280,-18.592737
1048576,1048576,2097152,0.09,188743,32,64,128,16384,22,199,328.433634,0.334738323292,-479.499710,-151.066077,-18.592737
1048576,1048576,2097152,0.09,188743,32,64,128,16384,22,200,330.012528,0.334738323292,-481.823445,-151.810917,-18.592737
1048576,1048576,2097152,0.09,188743,32,64,128,16384,22,201,331.591423,0.334738323292,-484.147224,-152.555801,-18.592737
1048576,1048576,2097152,0.09,188743,32,64,128,16384,22,202,333.170317,0.334738323292,-486.471047,-153.300730,-18.592737
1048576,1048576,2097152,0.09,188743,32,64,128,16384,22,203,334.749211,0.334738323292,-488.794913,-154.045701,-18.592737
1048576,1048576,2097152,0.09,188743,32,64,128,16384,22,204,336.328106,0.334738323292,-491.118821,-154.790715,-18.592737
1048576,1048576,2097152,0.09,188743,32,64,128,16384,22,205,337.907000,0.334738323292,-493.442773,-155.535773,-18.592737
1048576,1048576,2097152,0.09,188743,32,64,128,16384,22,206,339.485895,0.334738323292,-495.766766,-156.280872,-18.592737
1048576,1048576,2097152,0.09,188743,32,64,128,16384,22,207,341.064789,0.334738323292,-498.090802,-157.026013,-18.592737
1048576,1048576,2097152,0.09,188743,32,64,128,16384,22,208,342.643683,0.334738323292,-500.414879,-157.771196,-18.592737
1048576,1048576,2097152,0.09,188743,32,64,128,16384,22,209,344.222578,0.334738323292,-502.738997,-158.516420,-18.592737
1048576,1048576,2097152,0.09,188743,32,64,128,16384,22,210,345.801472,0.334738323292,-505.063156,-159.261684,-18.592737
1048576,1048576,2097152,0.09,188743,32,64,128,16384,22,211,347.380366,0.334738323292,-507.387356,-160.006990,-18.592737
1048576,1048576,2097152,0.09,188743,32,64,128,16384,22,212,348.959261,0.334738323292,-509.711596,-160.752335,-18.592737
1048576,1048576,2097152,0.09,188743,32,64,128,16384,22,213,350.538155,0.334738323292,-512.035876,-161.497720,-18.592737
1048576,1048576,2097152,0.09,188743,32,64,128,16384,22,214,352.117049,0.334738323292,-514.360195,-162.243145,-18.592737
1048576,1048576,2097152,0.09,188743,32,64,128,16384,22,215,353.695944,0.334738323292,-516.684553,-162.988609,-18.592737
1048576,1048576,2097152,0.09,188743,32,64,128,16384,22,216,355.274838,0.334738323292,-519.008950,-163.734112,-18.592737
1048576,1048576,2097152,0.09,188743,32,64,128,16384,22,217,356.853733,0.334738323292,-521.333385,-164.479653,-18.592737
1048576,1048576,2097152,0.09,188743,32,64,128,16384,22,218,358.432627,0.334738323292,-523.657859,-165.225232,-18.592737
1048576,1048576,2097152,0.09,188743,32,64,128,16384,22,219,360.011521,0.334738323292,-525.982370,-165.970849,-18.592737
1048576,1048576,2097152,0.09,188743,32,64,128,16384,22,220,361.590416,0.334738323292,-528.306919,-166.716503,-18.592737
