H,e0_log2,e1_log2,e2_log2,e3_log2,e4_log2,e5_log2,e6_log2,e7_log2,e8_log2,total_log2
0,-20.011734892647837,-63.89264923803805,-inf,-inf,-inf,-inf,-inf,-inf,-inf,-20.01173489264775
1,-20.011734892647837,-62.90204469461804,-127.78529847642918,-inf,-inf,-inf,-inf,-inf,-inf,-20.01173489264766
2,-20.011734892647837,-62.326556240282834,-126.20055901475511,-191.678186455302,-inf,-inf,-inf,-inf,-inf,-20.011734892647574
3,-20.011734892647837,-61.921011302841386,-125.20088486758974,-189.6784853449548,-255.57131321788313,-inf,-inf,-inf,-inf,-20.01173489264749
4,-20.011734892647837,-61.60858226784694,-124.46432321071796,-188.35688090939007,-253.2498148916847,-319.46467880286446,-inf,-inf,-inf,-20.011734892647404
5,-20.011734892647837,-61.35504941646542,-123.87983394060343,-187.3572178367819,-251.66529807945884,-316.88027343286984,-383.3582832531997,-inf,-inf,-20.01173489264732
6,-20.011734892647837,-61.142159324419296,-123.39494540540356,-186.55020841764193,-250.4433604502511,-315.07348699811376,-380.55161056202115,-447.2521266072237,-inf,-20.011734892647237
7,-20.011734892647837,-60.95901649310455,-122.98050875276287,-185.87248845179738,-249.44382094891725,-313.6590250793425,-378.5523013053954,-444.252932529605,-511.14620890735495,-20.011734892647155
8,-20.011734892647837,-60.798593176517876,-122.61860033836552,-185.2878833124991,-248.59628836679204,-312.4896803810461,-376.9680352154622,-442.0838200634636,-507.97721258171737,-20.011734892647077
9,-20.011734892647837,-60.656090921118974,-122.29739338791707,-184.7736724720042,-247.8597898064654,-311.4902639875679,-375.64680749461195,-440.3476716287307,-505.65621844781674,-20.011734892647
10,-20.011734892647837,-60.52808720254585,-122.00866627209331,-184.31460800161403,-247.2081821480828,-310.6163808723634,-374.5100072193984,-438.88906052379895,-503.78268712505275,-20.01173489264692
11,-20.011734892647837,-60.412054974547765,-121.74646874412397,-183.8999424908681,-246.62369023596742,-309.83936109429754,-373.510712622767,-437.6268491455348,-502.19866529248094,-20.011734892646842
12,-20.011734892647837,-60.30607517289779,-121.50635400038594,-183.52180781722794,-246.09364734907209,-309.13951055574677,-372.61833488158874,-436.51219688265934,-500.82109653988783,-20.011734892646768
13,-20.011734892647837,-60.20865608585783,-121.28491057810851,-183.174266611096,-245.6086933843164,-308.50267089695916,-371.8116883085048,-435.5130233469864,-499.5996487148174,-20.011734892646693
14,-20.011734892647837,-60.118615184314486,-121.07946355208915,-182.85272598579397,-245.16170815847315,-307.9182995218942,-371.0754320939597,-434.60696041826446,-498.5010590121286,-20.01173489264662
15,-20.011734892647837,-60.03499917507248,-120.88787642490013,-182.55355879808562,-244.74714520425525,-307.3783229695111,-370.3980704043147,-433.77771406147616,-497.5020060970708,-20.011734892646547
16,-20.011734892647837,-59.9570283228556,-120.70841549929371,-182.27384985997122,-244.36059735350648,-306.8764150345818,-369.7707500795023,-433.01300875309545,-496.5854162525018,-20.011734892646473
17,-20.011734892647837,-59.88405672712876,-120.53965448583523,-182.01122059855675,-243.99850323687963,-306.40752264014327,-369.18649904407243,-432.30334547005054,-495.73836809751464,-20.011734892646402
18,-20.011734892647837,-59.81554333791487,-120.3804057857126,-181.76370467106352,-243.657942951092,-305.96754334555254,-368.63972318857896,-431.641211110397,-494.95082158671516,-20.011734892646334
19,-20.011734892647837,-59.75103042589187,-120.2296699848059,-181.52965772703323,-243.3364921531656,-305.5530994936927,-368.1258623579236,-431.02055385544975,-494.21480591207927,-20.011734892646267
20,-20.011734892647837,-59.69012729993022,-120.086598036242,-181.30769061585173,-243.0321155357373,-305.16137601890927,-367.6411482124619,-430.436422872326,-493.52387857957353,-20.011734892646196
21,-20.011734892647837,-59.632497832540274,-119.95046251041214,-181.0966191026456,-242.74308756752862,-304.79000145575543,-367.1824295694633,-429.8847137087836,-492.8727526456447,-20.011734892646132
22,-20.011734892647837,-59.57785074044744,-119.82063538976807,-180.89542538845598,-242.46793247894027,-304.4369589495741,-366.74704368202345,-429.3619839049948,-492.25703238250406,-20.011734892646064
23,-20.011734892647837,-59.525931950237094,-119.69657072634588,-180.70322828273137,-242.20537815943453,-304.1005186196792,-366.3327196272313,-428.86531665015417,-491.6730212676991,-20.011734892646
24,-20.011734892647837,-59.47651852224895,-119.57779092517826,-180.51925977929884,-241.954320247981,-303.7791853750359,-365.93750458763856,-428.39221808900555,-491.11757955915584,-20.011734892645936
25,-20.011734892647837,-59.429413750975414,-119.46387576489487,-180.34284643716666,-241.71379380590128,-303.4716581018906,-365.5597067640815,-427.9405387005176,-490.58801669897076,-20.011734892645872
26,-20.011734892647837,-59.384443222681035,-119.35445356868215,-180.17339447230387,-241.48295076835,-303.1767974076107,-365.19785063426457,-427.50841228170043,-490.0820087631036,-20.011734892645812
27,-20.011734892647837,-59.341451549917636,-119.24919397478412,-180.01037764210133,-241.26104174907923,-302.89359978541506,-364.8506414097989,-427.0942079194206,-489.59753415848184,-20.011734892645748
28,-20.011734892647837,-59.30029971049409,-119.14780203275319,-179.8533273782012,-241.04740128672162,-302.6211767812638,-364.5169365629922,-426.69649180952433,-489.1328229568988,-20.011734892645688
29,-20.011734892647837,-59.26086282989322,-119.05001331234338,-179.7018246532261,-240.8414357476118,-302.3587380103755,-364.1957227639229,-426.3139965538345,-488.68631648438526,-20.011734892645627
30,-20.011734892647837,-59.22302831590548,-118.9555898180513,-179.5554932223638,-240.64261332470144,-302.1055771924886,-363.8860970293368,-425.94559622961765,-488.25663475060685,-20.01173489264557
31,-20.011734892647837,-59.18669430833792,-118.86431658285053,-179.4139939975328,-240.45045573828094,-301.8610606101947,-363.5872512172612,-425.5902859978427,-487.8425499776936,-20.011734892645514
32,-20.011734892647837,-59.151768344544024,-118.7759987724838,-179.27702029624325,-240.26453126480976,-301.6246174645389,-363.2984591401474,-425.24716525262676,-487.44296486335577,-20.011734892645457
33,-20.011734892647837,-59.11816625304031,-118.6904592581476,-179.1442938535258,-240.08444889291266,-301.3957318112328,-363.0190658278108,-424.91542364170743,-487.05689463765776,-20.0117348926454
34,-20.011734892647837,-59.08581118203053,-118.607536521297,-179.01556140630947,-239.90985334658183,-301.1739357281564,-362.74847847507544,-424.59432934082764,-486.6834520949582,-20.011734892645343
35,-20.011734892647837,-59.05463277129434,-118.5270828647187,-178.89059178125353,-239.7404208520972,-300.9588035213271,-362.48615879199826,-424.28321918411154,-486.3218350510143,-20.01173489264529
36,-20.011734892647837,-59.02456645087524,-118.44896288578036,-178.76917340765547,-239.575855527264,-300.74994679345383,-362.23161651139276,-423.9814903158376,-485.97131577491905,-20.011734892645237
37,-20.011734892647837,-58.99555281059302,-118.37305213361472,-178.65111214964574,-239.41588625282387,-300.5470101918772,-361.9844038160532,-423.6885930566506,-485.6312319995644,-20.011734892645183
38,-20.011734892647837,-58.96753707978542,-118.29923597148515,-178.5362294566742,-239.2602639975223,-300.34966777308387,-361.74411057973435,-423.4040248238016,-485.3009792808794,-20.01173489264513
39,-20.011734892647837,-58.94046863692671,-118.22740854927505,-178.42436071906457,-239.10875946136565,-300.15761982074974,-361.5103602245901,-423.12732486506263,-484.98000441101,-20.01173489264508
40,-20.011734892647837,-58.91430062696873,-118.15747195166074,-178.31535387946627,-238.9611610697246,-299.97059012774,-361.2828061779044,-422.85806975486406,-484.66779979092655,-20.01173489264503
41,-20.011734892647837,-58.888989566342445,-118.08933539187335,-178.20906815786728,-238.8172731612379,-299.7883235668747,-361.0611287307072,-422.5958694276227,-484.3638985031704,-20.01173489264498
42,-20.011734892647837,-58.86449505106411,-118.02291455812527,-178.1053729872011,-238.67691445425805,-299.61058402043614,-360.84503235009834,-422.3403637779297,-484.0678700867538,-20.01173489264493
43,-20.011734892647837,-58.84077946039627,-117.95813099815263,-178.0041470365785,-238.53991665887023,-299.4371525232468,-360.634243285349,-422.0912196494483,-483.77931681391993,-20.01173489264488
44,-20.011734892647837,-58.8178077125725,-117.8949115924436,-177.90527736579156,-238.4061232697263,-299.26782564446694,-360.4285074806934,-421.8481282107423,-483.4978704487837,-20.011734892644835
45,-20.011734892647837,-58.79554703660619,-117.83318807536804,-177.80865866433712,-238.27538848595788,-299.10241404600924,-360.2275887226824,-421.6108026336125,-483.2231893886909,-20.01173489264479
46,-20.011734892647837,-58.773966778858004,-117.77289661854479,-177.7141925844457,-238.14757626173756,-298.9407412141839,-360.0312670102785,-421.3789760521305,-482.95495615424494,-20.011734892644743
47,-20.011734892647837,-58.753038215964196,-117.71397744458837,-177.62178713200393,-238.02255944650753,-298.78264231761915,-359.8393370938292,-421.1523997400557,-482.6928751556656,-20.011734892644697
48,-20.011734892647837,-58.73273441104657,-117.65637450511333,-177.5313561457208,-237.90021904096437,-298.6279632127324,-359.6516071981986,-420.9308415150091,-482.4366707354137,-20.011734892644654
49,-20.011734892647837,-58.71303005232297,-117.60003515945289,-177.4428187979891,-237.7804434987478,-298.4765595224101,-359.4678978508672,-420.7140842842417,-482.18608539499064,-20.011734892644608
50,-20.011734892647837,-58.693901335291486,-117.5449099131787,-177.35609917384122,-237.66312812718806,-298.32829583773434,-359.28804086065134,-420.50192477276687,-481.94087824075245,-20.011734892644565
51,-20.011734892647837,-58.675325841758564,-117.49095216760503,-177.27112587710343,-237.54817453359638,-298.1830449862338,-359.11187838687874,-420.2941723695092,-481.7008235794577,-20.011734892644522
52,-20.011734892647837,-58.657282431244276,-117.43811799427584,-177.18783167570237,-237.43549012687112,-298.0406873737698,-358.9392621032074,-420.09064809205466,-481.46570966002207,-20.011734892644483
53,-20.011734892647837,-58.63975115658384,-117.38636594477096,-177.10615319485296,-237.32498768119135,-297.9011104047017,-358.77005245804264,-419.8911836689971,-481.2353375567674,-20.01173489264444
54,-20.011734892647837,-58.622713156462254,-117.33565684734145,-177.0260306081982,-237.21658491023456,-297.7642079267491,-358.6041179758431,-419.6956206814796,-481.0095201329129,-20.0117348926444
55,-20.011734892647837,-58.60615060520442,-117.28595366955547,-176.94740740485722,-237.11020412843394,-297.6298797754746,-358.4413346722096,-419.5038098347331,-480.7880811523418,-20.011734892644363
56,-20.011734892647837,-58.590046607646464,-117.23722133391092,-176.87023011818422,-237.00577188383295,-297.4980313014829,-358.28158546430353,-419.3156102390837,-480.5708544170567,-20.011734892644323
57,-20.011734892647837,-58.57438516304972,-117.18942660947147,-176.7944481384354,-236.90321868360223,-297.3685730001837,-358.12475969491373,-419.1308888172358,-480.35768304506234,-20.011734892644284
58,-20.011734892647837,-58.55915108363013,-117.14253796442186,-176.72001349331413,-236.80247869533878,-297.2414201260775,-357.97075265096737,-418.9495197170831,-480.14841876639196,-20.011734892644245
59,-20.011734892647837,-58.5443299488594,-117.09652546000092,-176.64688067620827,-236.70348950301377,-297.11649236958397,-357.8194651533235,-418.7713838057161,-479.94292131141316,-20.01173489264421
60,-20.011734892647837,-58.52990805368097,-117.0513606434333,-176.57500647901747,-236.60619187382343,-296.9937135517407,-357.670803172331,-418.59636819794247,-479.74105784356203,-20.01173489264417
61,-20.011734892647837,-58.51587236308711,-117.00701645179245,-176.50434984099573,-236.5105295466661,-296.87301134682497,-357.52467747827745,-418.4243658275861,-479.54270244360873,-20.011734892644135
62,-20.011734892647837,-58.50221046455082,-116.96346711781855,-176.43487170410546,-236.41644903221012,-296.75431702218117,-357.3810033153385,-418.2552750492585,-479.34773563227674,-20.0117348926441
63,-20.011734892647837,-58.48891053703888,-116.92068809606498,-176.36653489279297,-236.3238994419498,-296.63756521211246,-357.23970011522357,-418.0889992861178,-479.15604394582795,-20.011734892644068
64,-20.011734892647837,-58.47596130473878,-116.87865597710245,-176.29930398557724,-236.2328323131698,-296.52269369224683,-357.10069121635553,-417.92544668878276,-478.96751952908915,-20.011734892644032
65,-20.011734892647837,-58.46335200709064,-116.83734842110248,-176.23314520935278,-236.14320146039023,-296.4096431844656,-356.96390361816896,-417.76452983445625,-478.7820597743182,-20.011734892644
66,-20.011734892647837,-58.45107237669617,-116.79674410208702,-176.16802634741217,-236.05496284385904,-296.2983571826607,-356.829267760358,-417.6061654555336,-478.59956699462197,-20.011734892643965
67,-20.011734892647837,-58.439112594175675,-116.75682263164113,-176.10391662973086,-235.96807442337527,-296.1887817671303,-356.69671729451,-417.4502741647123,-478.41994809843703,-20.011734892643933
68,-20.011734892647837,-58.4274632738892,-116.71756451577973,-176.04078665890717,-235.88249605058382,-296.0808654605233,-356.56618890061856,-417.29678022872747,-478.2431143167419,-20.011734892643904
69,-20.011734892647837,-58.416115432548104,-116.67895109682176,-175.97860832341732,-235.7981893510518,-295.9745590763723,-356.4376220992471,-417.1456113410923,-478.06898093302084,-20.011734892643872
70,-20.011734892647837,-58.405060476257866,-116.64096451563749,-175.9173547333218,-235.71511763115424,-295.86981559490215,-356.3109590937735,-416.99669842796027,-477.89746704970077,-20.01173489264384
71,-20.011734892647837,-58.39429016514822,-116.60358765318747,-175.85700013721217,-235.6332457682577,-295.7665900244861,-356.1861446007976,-416.8499754449558,-477.72849534859597,-20.011734892643812
72,-20.011734892647837,-58.38379659815063,-116.56680409386293,-175.79751986268417,-235.55254012638025,-295.664839290659,-356.0631257103706,-416.705379206348,-477.5619918865206,-20.01173489264378
73,-20.011734892647837,-58.37357220696002,-116.53059809946744,-175.73889026906997,-235.47296848585924,-295.56452214104445,-355.9418517642871,-416.5628492345612,-477.39788591372593,-20.01173489264375
74,-20.011734892647837,-58.36360971603806,-116.49495455060158,-175.68108866903773,-235.39449994348993,-295.46559902252903,-355.8222742085203,-416.42232758596396,-477.2361096709097,-20.011734892643723
75,-20.011734892647837,-58.35390214795925,-116.45985893462797,-175.62409329812886,-235.31710486207731,-295.36803200944644,-355.70434649842696,-416.28375873131256,-477.07659824302505,-20.011734892643698
76,-20.011734892647837,-58.34444279354543,-116.42529729959031,-175.56788325149273,-235.24075478855434,-295.2717847017943,-355.5880239755801,-416.14708940960793,-476.9192893883739,-20.01173489264367
77,-20.011734892647837,-58.33522520346858,-116.39125623064959,-175.5124384442765,-235.1654223969919,-295.1768221497025,-355.47326377235237,-416.0122685112964,-476.7641233988141,-20.01173489264364
78,-20.011734892647837,-58.32624318011596,-116.35772282773769,-175.45773957430148,-235.09108143504147,-295.0831107825911,-355.3600247225132,-415.87924696895,-476.6110429690838,-20.011734892643616
79,-20.011734892647837,-58.31749075661589,-116.32468467131768,-175.40376807377837,-235.01770666048725,-294.9906183295711,-355.24826726433577,-415.7479776418367,-476.45999306144296,-20.01173489264359
80,-20.011734892647837,-58.308962183688955,-116.29212979675248,-175.35050607059142,-234.9452737883142,-294.8993137514142,-355.1379533564224,-415.6184152144252,-476.31092078562114,-20.011734892643567
81,-20.011734892647837,-58.30065193148626,-116.26004668449478,-175.29793636617214,-234.8737594553098,-294.8091671910217,-355.02904641307754,-415.490516115597,-476.16377530073436,-20.011734892643542
82,-20.011734892647837,-58.29255466408995,-116.22842422355806,-175.24604238748253,-234.80314115956656,-294.72014989973246,-354.921511216472,-415.364238415721,-476.01850769620194,-20.011734892643517
83,-20.011734892647837,-58.28466524364657,-116.197251705399,-175.1948081700369,-234.73339723184066,-294.6322341962635,-354.81531386238663,-415.23954175824946,-475.8750709082296,-20.011734892643492
84,-20.011734892647837,-58.27697871247417,-116.16651879630952,-175.14421832019107,-234.66450678682756,-294.54539340639803,-354.7104216874867,-415.1163872737772,-475.7334196197337,-20.01173489264347
85,-20.011734892647837,-58.26949028344754,-116.13621551866183,-175.09425798682722,-234.59644968457448,-294.45960181345305,-354.606803208199,-414.9947375065017,-475.5935101735878,-20.011734892643446
86,-20.011734892647837,-58.262195340717035,-116.10633224307368,-175.04491284454318,-234.5292065039517,-294.3748346215366,-354.5044280730286,-414.87455635494615,-475.4553005009211,-20.011734892643425
87,-20.011734892647837,-58.25508942344578,-116.0768596640128,-174.99616906083708,-234.46275850071078,-294.29106790395707,-354.4032670007533,-414.7558089992002,-475.31875003676345,-20.011734892643403
88,-20.011734892647837,-58.24816822021958,-116.04778878659539,-174.94801327492922,-234.39708757772462,-294.20827856440553,-354.3032917319543,-414.6384618422258,-475.1838196504047,-20.011734892643382
89,-20.011734892647837,-58.24142756967064,-116.01911092000597,-174.90043258370153,-234.33217626281814,-294.12644430625477,-354.2044749892588,-414.52248246045116,-475.05047158576787,-20.01173489264336
90,-20.011734892647837,-58.23486344404789,-115.99081765425467,-174.8534145114007,-234.26800767084026,-294.0455435865765,-354.10679042284306,-414.4078395402065,-474.91866938817606,-20.01173489264334
91,-20.011734892647837,-58.228471948948666,-115.96290085346324,-174.80694699624348,-234.20456548306547,-293.9655555879824,-354.01021257420433,-414.29450283296774,-474.78837785053685,-20.01173489264332
92,-20.011734892647837,-58.22224931458463,-115.93535264109539,-174.76101836933313,-234.1418339193,-293.8864601835701,-353.91471683355627,-414.18244310468435,-474.6595629541516,-20.0117348926433
93,-20.011734892647837,-58.21619189579448,-115.90816539416385,-174.71561734296006,-234.07979771973322,-293.8082379120225,-353.82027940777715,-414.0716320961664,-474.53219182102396,-20.011734892643283
94,-20.011734892647837,-58.21029616024238,-115.88133172601783,-174.6707329877283,-234.01844211601244,-293.7308699422878,-353.7268772783336,-413.96204247385253,-474.4062326570584,-20.011734892643265
95,-20.011734892647837,-58.204558687389245,-115.85484448014984,-174.62635472105703,-233.9577528139647,-293.65433805029517,-353.6344881716088,-413.853647793374,-474.2816547084816,-20.011734892643247
96,-20.011734892647837,-58.19897616182295,-115.82869671862174,-174.5824722905655,-233.8977159715551,-293.5786245911822,-353.54309052513395,-413.74642245938475,-474.1584282149023,-20.011734892643226
97,-20.011734892647837,-58.19354537410371,-115.80288171827375,-174.53907576551404,-233.83831818515137,-293.50371248017444,-353.4526634627308,-413.64034169471927,-474.03652437206665,-20.01173489264321
98,-20.011734892647837,-58.18826320469007,-115.7773929502548,-174.49615551180722,-233.77954645963186,-293.4295851575755,-353.3631867541384,-413.5353814942588,-473.9159152797345,-20.011734892643194
99,-20.011734892647837,-58.183126635052986,-115.75222408695818,-174.45370219464775,-233.7213882064134,-293.35622658193284,-353.2746408030554,-413.4315186076099,-473.79657391860235,-20.011734892643176
100,-20.011734892647837,-58.178132734717465,-115.72736898507684,-174.41170675752915,-233.6638312180293,-293.2836212000332,-353.18700661228485,-413.32873049912115,-473.67847410494727,-20.01173489264316
101,-20.011734892647837,-58.173278661610176,-115.70282168219356,-174.37016041495505,-233.60686365667522,-293.2117539310796,-353.1002657633306,-413.22699532262544,-473.56159046024766,-20.011734892643144
102,-20.011734892647837,-58.16856165271391,-115.67857638383366,-174.32905463583597,-233.55047403362533,-293.1406101419737,-353.01440038732375,-413.1262918877683,-473.44589837265164,-20.01173489264313
103,-20.011734892647837,-58.1639790289977,-115.65462746498781,-174.28838114152208,-233.49465120350393,-293.07017563763867,-352.9293931512136,-413.02659964185136,-473.3313739742251,-20.011734892643116
104,-20.011734892647837,-58.159528183580875,-115.63096945501186,-174.24813188739688,-233.43938434227863,-293.00043663528885,-352.8452272281019,-412.92789863602235,-473.217994102787,-20.011734892643098
105,-20.011734892647837,-58.155206587866914,-115.60759704067549,-174.20829906277154,-233.3846629437392,-292.9313797573492,-352.7618862864478,-412.8301695105366,-473.10573628302456,-20.011734892643087
106,-20.011734892647837,-58.151011784620174,-115.58450505628076,-174.16887507800743,-233.33047680337475,-292.86299201195345,-352.6793544670033,-412.7333934679736,-472.9945786957752,-20.011734892643073
107,-20.011734892647837,-58.14694138125134,-115.5616884741388,-174.129852552146,-233.2768160028978,-292.7952607742471,-352.59761636075626,-412.6375522476171,-472.8845001486737,-20.01173489264306
108,-20.011734892647837,-58.142993056638865,-115.53914240870105,-174.09122431431942,-233.2236709087123,-292.7281737817919,-352.5166570011199,-412.5426281142686,-472.77548006141075,-20.011734892643045
109,-20.011734892647837,-58.13916454775301,-115.51686210062181,-174.05298338521595,-233.17103215056946,-292.6617191103019,-352.4364618366098,-412.44860382771606,-472.6674984318219,-20.011734892643034
110,-20.011734892647837,-58.13545365894423,-115.4948429236049,-174.01512298146497,-233.1188906232599,-292.59588517255344,-352.35701672685235,-412.3554626356727,-472.56053582560645,-20.01173489264302
111,-20.011734892647837,-58.13185824677216,-115.47308036690062,-173.97763649578226,-233.0672374641999,-292.5306606933184,-352.2783079147342,-412.26318824301745,-472.45457334251057,-20.01173489264301
112,-20.011734892647837,-58.128376229974684,-115.45157004303854,-173.9405175024552,-233.01606405648306,-292.4660347098735,-352.2003220242757,-412.17176480688806,-472.34959260850104,-20.011734892642995
113,-20.011734892647837,-58.125005581484544,-115.43030767770908,-173.90375974508044,-232.96536201427625,-292.4019965549957,-352.12304604109073,-412.0811769144878,-472.245575750793,-20.011734892642984
114,-20.011734892647837,-58.121744323875795,-115.4092891031762,-173.8673571279247,-232.91512317195486,-292.3385358437833,-352.04646729681434,-411.99140956498303,-472.1425053770946,-20.011734892642973
115,-20.011734892647837,-58.118590536229156,-115.38851026319006,-173.8313037188867,-232.86533958493018,-292.2756424722752,-351.97057346542147,-411.90244816342016,-472.0403645669912,-20.011734892642963
116,-20.011734892647837,-58.11554234545021,-115.36796720243082,-173.79559373707363,-232.8160035151938,-292.21330660088654,-351.89535254446264,-411.8142784996562,-471.9391368484665,-20.011734892642952
117,-20.011734892647837,-58.11259792210205,-115.34765606055942,-173.76022154506035,-232.76710742162743,-292.1515186427093,-351.8207928412676,-411.726886732361,-471.8388061796013,-20.01173489264294
118,-20.011734892647837,-58.10975549008721,-115.32757308019092,-173.72518165515663,-232.71864396439943,-292.09026926598153,-351.746882973415,-411.6402593873813,-471.7393569447384,-20.011734892642934
119,-20.011734892647837,-58.107013311151256,-115.3077145897469,-173.69046871062733,-232.67060598440358,-292.0295493716803,-351.67361184440546,-411.5543833314114,-471.64077392604423,-20.011734892642924
120,-20.011734892647837,-58.10436969517169,-115.28807701217346,-173.65607749283967,-232.62298650870278,-291.9693500971971,-351.6009686455024,-411.46924577191305,-471.54304230141906,-20.011734892642917
121,-20.011734892647837,-58.10182298780167,-115.26865685108692,-173.62200290591122,-232.57577873353225,-291.90966279765564,-351.5289428352949,-411.3848342348381,-471.446147620304,-20.011734892642906
122,-20.011734892647837,-58.0993715851323,-115.24945070397845,-173.58823998848945,-232.5289760345044,-291.8504790544968,-351.4575241466065,-411.3011365697771,-471.3500758069819,-20.0117348926429
123,-20.011734892647837,-58.09701391214908,-115.23045523928047,-173.55478388943305,-232.4825719408004,-291.7917906481113,-351.38670255751447,-411.21814091930224,-471.2548131281644,-20.011734892642888
124,-20.011734892647837,-58.094748438821476,-115.21166721113596,-173.52162988126085,-232.43656014716615,-291.73358956835773,-351.3164683003249,-411.13583572632416,-471.1603461986615,-20.01173489264288
125,-20.011734892647837,-58.0925736639159,-115.19308344191546,-173.4887733414211,-232.39093449379394,-291.6758679930114,-351.24681183855256,-411.05420970952196,-471.06666195519824,-20.011734892642874
126,-20.011734892647837,-58.09048813095716,-115.17470083696467,-173.45620976580838,-232.34568897852245,-291.6186182985887,-351.17772387632226,-410.9732518712783,-470.9737476627968,-20.011734892642867
127,-20.011734892647837,-58.08849041181086,-115.15651636699349,-173.42393475000523,-232.30081773678978,-291.56183303899996,-351.109195335658,-410.892951473538,-470.88159088916433,-20.01173489264286
128,-20.011734892647837,-58.086579114254086,-115.13852707452232,-173.39194399460072,-232.25631504573948,-291.5055049483772,-351.0412173580216,-410.81329803798195,-470.7901795034387,-20.011734892642853
129,-20.011734892647837,-58.084752874542005,-115.12073006534699,-173.3602332955974,-232.2121753134386,-291.4496269290953,-350.97378129106727,-410.734281331488,-470.6995016602808,-20.01173489264285
130,-20.011734892647837,-58.083010364472045,-115.10312251455926,-173.3287985493918,-232.16839308273904,-291.39419205445955,-350.9068786901385,-410.65589136635947,-470.6095457988053,-20.011734892642842
131,-20.011734892647837,-58.08135028604249,-115.08570166019224,-173.2976357454351,-232.12496302284634,-291.3391935591611,-350.84050130756196,-410.57811838842906,-470.520300629415,-20.011734892642835
132,-20.011734892647837,-58.07977136575561,-115.06846479654713,-173.26674095861193,-232.0818799206532,-291.2846248295282,-350.7746410818027,-410.5009528650447,-470.43175512059514,-20.01173489264283
133,-20.011734892647837,-58.07827236598126,-115.05140928463705,-173.2361103587664,-232.03913868925903,-291.2304794110153,-350.70929014387673,-410.42438549038485,-470.3438985030595,-20.011734892642824
134,-20.011734892647837,-58.07685207037828,-115.03453253668768,-173.20574019434025,-231.99673435063698,-291.17675098987456,-350.6444407980012,-410.3484071650305,-470.2567202482225,-20.01173489264282
135,-20.011734892647837,-58.075509291681904,-115.01783202306915,-173.17562679844025,-231.95466204078866,-291.12343339734696,-350.58008552480305,-410.2730089981527,-470.1702100693027,-20.011734892642817
136,-20.011734892647837,-58.074242866907795,-115.00130526665713,-173.14576658240102,-231.91291700239125,-291.07052060140137,-350.51621697210555,-410.19818229731175,-470.08435791010135,-20.01173489264281
137,-20.011734892647837,-58.07305166680578,-114.98494985148322,-173.11615604364758,-231.87149459180955,-291.01800671284036,-350.4528279601374,-410.1239185727117,-469.99915394826724,-20.011734892642806
138,-20.011734892647837,-58.07193457654098,-114.96876340263594,-173.08679174484894,-231.83039025741076,-290.96588596277365,-350.3899114581119,-410.0502095128798,-469.91458857002283,-20.011734892642803
139,-20.011734892647837,-58.070890506683945,-114.95274359650747,-173.0576703234379,-231.7895995482882,-290.9141527105114,-350.3274605912858,-409.97704699083147,-469.8306523754243,-20.0117348926428
140,-20.011734892647837,-58.069918396880524,-114.93688816373471,-173.02878849385834,-231.74911811573548,-290.8628014442461,-350.2654686408227,-409.9044230630993,-469.74733617649326,-20.011734892642796
141,-20.011734892647837,-58.06901720409642,-114.92119487674579,-173.00014303443416,-231.7089416993775,-290.8118267664157,-350.20392902837654,-409.8323299534929,-469.6646309801427,-20.011734892642792
142,-20.011734892647837,-58.0681859076606,-114.90566155413605,-172.97173079109905,-231.66906613017417,-290.7612233959776,-350.1428353176078,-409.76076005383567,-469.5825279880871,-20.01173489264279
143,-20.011734892647837,-58.06742351093879,-114.89028606168483,-172.943548677795,-231.62948733013135,-290.71098616739755,-350.0821812124496,-409.68970592147247,-469.5010185935678,-20.01173489264279
144,-20.011734892647837,-58.06672903557502,-114.87506630597125,-172.91559366947948,-231.5902013046462,-290.6611100223083,-350.0219605480602,-409.6191602694962,-469.4200943708222,-20.011734892642785
145,-20.011734892647837,-58.066101524399826,-114.86000023668096,-172.8878628038549,-231.55120414358376,-290.6115900099303,-349.962167290568,-409.5491159657856,-469.33974707339206,-20.01173489264278
146,-20.011734892647837,-58.06554003687047,-114.84508584145395,-172.8603531756606,-231.51249201495162,-290.56242128010155,-349.90279552945185,-409.4795660247079,-469.25996862511636,-20.01173489264278
147,-20.011734892647837,-58.06504365851702,-114.83032115476621,-172.83306194500864,-231.47406117264043,-290.51359909039985,-349.84383948402836,-409.41050361296016,-469.1807511252934,-20.011734892642778
148,-20.011734892647837,-58.064611488088524,-114.8157042445338,-172.80598632346786,-231.43590794192275,-290.46511879104844,-349.7852934877527,-409.34192203323033,-469.1020868316935,-20.011734892642778
149,-20.011734892647837,-58.06424264270532,-114.80123321673014,-172.77912357818292,-231.39802872301328,-290.4169758278963,-349.72715199061537,-409.2738147259896,-469.02396816170864,-20.011734892642778
150,-20.011734892647837,-58.063936256801746,-114.78690621381763,-172.75247102981623,-231.3604199884751,-290.36916573926567,-349.66940955541867,-409.2061752651836,-468.9463876874402,-20.011734892642774
151,-20.011734892647837,-58.06369148022111,-114.77272141235046,-172.72602604968088,-231.3230782798244,-290.3216841520248,-349.6120608533006,-409.1389973531862,-468.8693381300664,-20.011734892642774
152,-20.011734892647837,-58.063507487534295,-114.75867703181598,-172.69978606813146,-231.28600021541973,-290.27452678894895,-349.5551006705751,-409.07227482709135,-468.7928123655586,-20.011734892642774
153,-20.011734892647837,-58.06338346229999,-114.74477131842833,-172.67374855792082,-231.24918247333238,-290.2276894510881,-349.4985238905832,-409.00600164004067,-468.71680340545805,-20.011734892642774
154,-20.011734892647837,-58.063318604611155,-114.73100255222725,-172.64791104087442,-231.21262179754802,-290.18116802348527,-349.4423254989177,-408.94017186593027,-468.6413044010582,-20.011734892642774
155,-20.011734892647837,-58.06331212966863,-114.71736904521731,-172.62227108562274,-231.17631499523907,-290.1349584719789,-349.386500579749,-408.87477969524326,-468.5663086387206,-20.011734892642774
156,-20.011734892647837,-58.06336327349622,-114.70386914666244,-172.5968263124961,-231.1402589412246,-290.08905684720094,-349.33104431936425,-408.80981943811486,-468.4918095424432,-20.011734892642774
157,-20.011734892647837,-58.063471276212425,-114.69050122595418,-172.57157437601296,-231.10445056002698,-290.04345926619607,-349.2759519873355,-408.7452855050407,-468.41780065409245,-20.011734892642774
158,-20.011734892647837,-58.06363540198011,-114.67726369216255,-172.5465129840657,-231.06888684464417,-289.99816193076475,-349.2212189544326,-408.6811724243393,-468.34427565040255,-20.011734892642774
159,-20.011734892647837,-58.06385492305788,-114.66415497770525,-172.52163988122726,-231.03356483946143,-289.9531611099602,-349.16684067470374,-408.61747482380025,-468.27122832417155,-20.011734892642774
160,-20.011734892647837,-58.064129131088286,-114.65117354926788,-172.49695285932495,-230.99848165043488,-289.908453149874,-349.11281269485494,-408.5541874396479,-468.19865259279305,-20.011734892642774
161,-20.011734892647837,-58.064457323217475,-114.6383178935646,-172.4724497428685,-230.9636344301427,-289.86403445829745,-349.05913063852216,-408.4913051004066,-468.12654248170344,-20.011734892642778
162,-20.011734892647837,-58.06483881408992,-114.62558652898247,-172.4481284003706,-230.9290203887445,-289.8199015153042,-349.00579021647064,-408.4288227367133,-468.0548921337874,-20.011734892642778
163,-20.011734892647837,-58.06527292936512,-114.61297799876199,-172.42398673721058,-230.89463678649608,-289.7760508654007,-348.95278721837894,-408.36673537272037,-467.983695800389,-20.01173489264278
164,-20.011734892647837,-58.065759010310316,-114.60049087526198,-172.40002269959825,-230.86048093736827,-289.7324791207918,-348.9001175157516,-408.30503812863975,-467.91294784347116,-20.01173489264278
165,-20.011734892647837,-58.066296405271245,-114.58812375111165,-172.37623426543226,-230.82655019957565,-289.6891829515651,-348.8477770517579,-408.24372621022866,-467.84264272473496,-20.011734892642785
166,-20.011734892647837,-58.06688447622739,-114.57587524545761,-172.3526194502599,-230.79284198121903,-289.64615909100144,-348.79576184620623,-408.1827949134208,-467.7727750098964,-20.011734892642785
167,-20.011734892647837,-58.067522600266884,-114.56374400514217,-172.32917630817883,-230.75935374087513,-289.6034043358445,-348.7440679954905,-408.12223962393654,-467.70333936794964,-20.01173489264279
168,-20.011734892647837,-58.06821015926119,-114.55172869408723,-172.30590292095374,-230.72608297641287,-289.5609155348013,-348.6926916607788,-408.06205580514836,-467.6343305586954,-20.01173489264279
169,-20.011734892647837,-58.06894654862485,-114.53982800177036,-172.2827974062345,-230.69302723291952,-289.5186895961655,-348.64162907532864,-408.00223900508564,-467.5657434394227,-20.011734892642792
170,-20.011734892647837,-58.0697311782873,-114.5280406439211,-172.25985791799866,-230.66018410286142,-289.47672348768464,-348.5908765440608,-407.9427848557033,-467.4975729638623,-20.011734892642796
171,-20.011734892647837,-58.070563461830076,-114.51636535139583,-172.23708263518216,-230.6275512144395,-289.4350142246293,-348.5404304313421,-407.88368906037016,-467.42981416937033,-20.0117348926428
172,-20.011734892647837,-58.07144282603559,-114.50480087946755,-172.21446977073512,-230.5951262403784,-289.3935588783027,-348.49028716921725,-407.8249474018154,-467.3624621845774,-20.011734892642803
173,-20.011734892647837,-58.07236870859216,-114.49334600527771,-172.1920175688422,-230.56290689489174,-289.35235457273575,-348.44044325383356,-407.7665557382771,-467.2955122252508,-20.011734892642803
174,-20.011734892647837,-58.07334055469304,-114.48199952419459,-172.16972430105713,-230.5308909295626,-289.31139848030875,-348.39089524080015,-407.7085099985928,-467.2289595891074,-20.011734892642806
175,-20.011734892647837,-58.07435782192985,-114.47076025446694,-172.1475882707442,-230.49907613754036,-289.2706878256922,-348.34163974887775,-407.65080618562587,-467.16279965897075,-20.01173489264281
176,-20.011734892647837,-58.07541997466763,-114.45962703136814,-172.12560780700903,-230.46746034724077,-289.2302198792984,-348.2926734531789,-407.59344036921664,-467.0970278954588,-20.011734892642817
177,-20.011734892647837,-58.076526488041424,-114.44859871097037,-172.10378126826888,-230.43604142568407,-289.18999196038186,-348.2439930880288,-407.5364086887965,-467.03163983934394,-20.01173489264282
178,-20.011734892647837,-58.07767684276222,-114.43767416473416,-172.08210703664633,-230.40481727266334,-289.1500014309727,-348.19559544066976,-407.4797073468518,-466.9666311047691,-20.011734892642824
179,-20.011734892647837,-58.0788705308788,-114.4268522850571,-172.06058352332613,-230.37378582588806,-289.1102457007898,-348.1474773559467,-407.423332613382,-466.9019973834644,-20.011734892642828
180,-20.011734892647837,-58.08010705368415,-114.41613198297311,-172.03920916606808,-230.34294505828612,-289.07072222432686,-348.09963573317077,-407.36728082253546,-466.8377344411544,-20.01173489264283
181,-20.011734892647837,-58.08138591712424,-114.40551218336243,-172.01798242423553,-230.31229297282866,-289.03142849546145,-348.05206752051595,-407.31154836678695,-466.77383811150764,-20.011734892642835
182,-20.011734892647837,-58.08270664218268,-114.39499183514071,-171.9969017888086,-230.2818276123454,-288.99236205706126,-348.0047697244176,-407.256131706125,-466.7103043051041,-20.011734892642842
183,-20.011734892647837,-58.08406874723317,-114.38456989342046,-171.975965764375,-230.25154704132342,-288.9535204825778,-347.9577393909656,-407.20102734924035,-466.6471289904099,-20.011734892642846
184,-20.011734892647837,-58.08547176685272,-114.37424533813896,-171.9551728875918,-230.22144936417888,-288.91490139412326,-347.9109736237843,-407.14623187120475,-466.58430821124847,-20.01173489264285
185,-20.011734892647837,-58.08691524124749,-114.36401716330587,-171.93452171627072,-230.1915327141603,-288.87650245118033,-347.86446957255185,-407.0917419017957,-466.5218380749239,-20.011734892642856
186,-20.011734892647837,-58.08839871660019,-114.35388437717592,-171.9140108293949,-230.16179525318884,-288.838321350255,-347.818224432466,-407.03755412477256,-466.4597147513024,-20.01173489264286
187,-20.011734892647837,-58.089921745582046,-114.34384600258996,-171.89363882730765,-230.13223517187572,-288.8003558247114,-347.7722354438973,-406.9836652773464,-466.397934472092,-20.011734892642867
188,-20.011734892647837,-58.091483889373606,-114.33390107882869,-171.87340433341734,-230.10285069106047,-288.7626036461335,-347.726499893575,-406.9300721511861,-466.336493531662,-20.01173489264287
189,-20.011734892647837,-58.09308471984015,-114.32404866362634,-171.8533059960663,-230.07364006351622,-288.72506262585773,-347.6810151159494,-406.8767715936066,-466.27538828805126,-20.011734892642878
190,-20.011734892647837,-58.09472380842479,-114.31428782190723,-171.83334247712745,-230.04460156238636,-288.68773060324247,-347.63577848129484,-406.823760495503,-466.21461515072724,-20.01173489264288
191,-20.011734892647837,-58.0964007366917,-114.30461763617477,-171.8135124622578,-230.01573349128566,-288.650605455602,-347.5907874054824,-406.77103580095945,-466.15417059002374,-20.011734892642888
192,-20.011734892647837,-58.09811509357266,-114.2950372036081,-171.79381465786147,-229.9870341811122,-288.61368509486135,-347.5460393464758,-406.71859450358403,-466.094051133312,-20.011734892642895
193,-20.011734892647837,-58.09986647276078,-114.2855456333107,-171.77424778820873,-229.958501987021,-288.57696746437546,-347.5015318009948,-406.66643364301615,-466.0342533613459,-20.0117348926429
194,-20.011734892647837,-58.10165447561435,-114.27614204907188,-171.75481059807203,-229.93013529091783,-288.5404505412702,-347.4572623067087,-406.6145503069678,-465.9747739101463,-20.011734892642906
195,-20.011734892647837,-58.10347871016277,-114.26682558823367,-171.73550185147053,-229.9019325000663,-288.50413233490104,-347.4132284405482,-406.5629416293893,-465.91560946901353,-20.011734892642913
196,-20.011734892647837,-58.10533878218586,-114.25759539263531,-171.71632032249562,-229.87389203777826,-288.4680108773995,-347.36942780911085,-406.51160478072944,-465.8567567706396,-20.011734892642917
197,-20.011734892647837,-58.10723432000544,-114.24845063327223,-171.69726481985433,-229.84601236782552,-288.4320842479461,-347.32585807279514,-406.4605369919294,-465.7982126149569,-20.011734892642924
198,-20.011734892647837,-58.109164941631555,-114.23939047731413,-171.678334153773,-229.8182919612171,-288.3963505394109,-347.2825169123046,-406.4097355207912,-465.7399738353657,-20.01173489264293
199,-20.011734892647837,-58.11113027845824,-114.23041411167614,-171.6595271594584,-229.79072931953445,-288.36080788155556,-347.2394020517186,-406.3591976749158,-465.68203732153546,-20.011734892642938
200,-20.011734892647837,-58.11312996817488,-114.22152073580772,-171.6408426897802,-229.76332296749382,-288.32545443346385,-347.1965112507956,-406.3089208038763,-465.6244000114443,-20.011734892642945
201,-20.011734892647837,-58.1151636491359,-114.21270955594194,-171.6222796094152,-229.73607144697263,-288.2902883774431,-347.15384229874746,-406.2589022928673,-465.56705888489745,-20.011734892642952
202,-20.011734892647837,-58.1172309669383,-114.20397979155766,-171.60383680120765,-229.7089733232556,-288.25530792514513,-347.1113930202401,-406.2091395685814,-465.51001096927735,-20.01173489264296
203,-20.011734892647837,-58.119331573040924,-114.19533067388537,-171.5855131645771,-229.68202718332884,-288.22051131574113,-347.06916127344897,-406.15963009714477,-465.45325333735553,-20.011734892642966
204,-20.011734892647837,-58.12146512752673,-114.1867614485581,-171.56730761807287,-229.65523163832722,-288.1858968182494,-347.02714495227065,-406.11037138621344,-465.3967831092678,-20.011734892642973
205,-20.011734892647837,-58.12363128853037,-114.17827136493008,-171.54921908859777,-229.6285853126516,-288.15146272053977,-346.98534197521326,-406.06136097374866,-465.34059744117377,-20.01173489264298
206,-20.011734892647837,-58.1258297232688,-114.1698596870021,-171.53124652224074,-229.6020868546976,-288.11720733994997,-346.9437502959032,-406.01259643841337,-465.28469353553714,-20.011734892642988
207,-20.011734892647837,-58.12806010304304,-114.16152568832013,-171.51338887908625,-229.5757349315624,-288.0831290178833,-346.90236789757586,-405.9640753939545,-465.2290686353971,-20.011734892642995
208,-20.011734892647837,-58.13032210237015,-114.15326865100614,-171.49564513215878,-229.54952822789198,-288.0492261185471,-346.86119279170833,-405.9157954877312,-465.1737200227883,-20.011734892643002
209,-20.011734892647837,-58.13261540358488,-114.14508787026178,-171.47801427184035,-229.523465450204,-288.0154970331721,-346.8202230221349,-405.867754404727,-465.1186450226466,-20.01173489264301
210,-20.011734892647837,-58.134939692124284,-114.13698264955673,-171.46049530097648,-229.49754532189957,-287.9819401749236,-346.77945665985726,-405.8199498622588,-465.0638409974156,-20.01173489264302
211,-20.011734892647837,-58.13729465459345,-114.1289522986011,-171.44308723276714,-229.47176658106187,-287.9485539766003,-346.7388918006471,-405.77237960748187,-465.00930534444876,-20.011734892643027
212,-20.011734892647837,-58.139679987665836,-114.12099614215379,-171.4257890994971,-229.44612798909824,-287.9153368991784,-346.6985265734946,-405.72504142574354,-464.9550355042659,-20.011734892643034
213,-20.011734892647837,-58.14209538960358,-114.11311351145254,-171.4085999438883,-229.42062832200523,-287.88228742298384,-346.6583591316863,-405.67793313156767,-464.9010289514415,-20.01173489264304
214,-20.011734892647837,-58.144540559923364,-114.10530374379205,-171.39151881860232,-229.39526636978783,-287.8494040470168,-346.6183876520394,-405.6310525677978,-464.84728319365433,-20.01173489264305
215,-20.011734892647837,-58.14701520854808,-114.09756619158998,-171.3745447952327,-229.37004094536826,-287.81668529777147,-346.5786103436313,-405.58439761423887,-464.79379578023736,-20.01173489264306
216,-20.011734892647837,-58.149519043543236,-114.08990021003966,-171.357676951887,-229.34495087208708,-287.78412971664767,-346.53902543512515,-405.5379661748953,-464.7405642893273,-20.011734892643066
217,-20.011734892647837,-58.15205178042489,-114.08230516633661,-171.34091438234296,-229.31999499278112,-287.7517358689422,-346.49963118367634,-405.4917561867926,-464.68758633659934,-20.011734892643076
218,-20.011734892647837,-58.154613135423325,-114.07478043286288,-171.32425618916452,-229.2951721628219,-287.71950233680514,-346.46042586780345,-405.4457656127661,-464.6348595679708,-20.011734892643084
219,-20.011734892647837,-58.15720283763078,-114.06732539925663,-171.30770149570466,-229.27048126204573,-287.68742773108437,-346.42140779915405,-405.3999924531454,-464.5823816712018,-20.01173489264309
220,-20.011734892647837,-58.15982060494481,-114.05993944827829,-171.29124942190677,-229.2459211704807,-287.65551066697446,-346.3825752980728,-405.35443472124456,-464.53015035130466,-20.0117348926431
221,-20.011734892647837,-58.16246616979684,-114.05262198146364,-171.27489910989416,-229.22149079386537,-287.62374978945553,-346.34392671896296,-405.30909046864673,-464.47816335574976,-20.01173489264311
222,-20.011734892647837,-58.16513926732934,-114.04537240722802,-171.25864971201148,-229.19718905162037,-287.59214376118763,-346.3054604381057,-405.26395777294834,-464.42641846213286,-20.01173489264312
223,-20.011734892647837,-58.167839634389445,-114.03819013978894,-171.2425003896866,-229.1730148756407,-287.5606912612294,-346.26717485230336,-405.21903473632915,-464.3749134766694,-20.011734892643126
224,-20.011734892647837,-58.1705670072431,-114.03107459681057,-171.22645031101652,-229.14896720781704,-287.52939098248254,-346.22906837625226,-405.1743194828529,-464.3236462314225,-20.011734892643137
225,-20.011734892647837,-58.17332113548049,-114.02402521324095,-171.21049866454698,-229.1250450137494,-287.49824164533663,-346.19113945611446,-405.12981017196904,-464.27261459773183,-20.011734892643144
226,-20.011734892647837,-58.176101759705595,-114.01704141893357,-171.19464463683767,-229.1012472602512,-287.4672419751,-346.1533865468808,-405.0855049758068,-464.2218164634375,-20.011734892643155
227,-20.011734892647837,-58.17890863765897,-114.01012266470438,-171.1788874384633,-229.07757294128686,-287.4363907278711,-346.1158081381742,-405.04140210491164,-464.17124975854694,-20.01173489264316
228,-20.011734892647837,-58.18174151800027,-114.00326839605057,-171.1632262776773,-229.05402105157566,-287.4056866640745,-346.078402727719,-404.9974997816493,-464.12091242857264,-20.011734892643172
229,-20.011734892647837,-58.18460016117717,-113.9964780739572,-171.14766038116642,-229.0305906072862,-287.37512856908904,-346.04116884190444,-404.95379626070627,-464.07080245496724,-20.01173489264318
230,-20.011734892647837,-58.187484325414296,-113.98975116082451,-171.1321889799272,-229.00728063185622,-287.344715239001,-346.0041050214747,-404.91028981471646,-464.0209178406863,-20.01173489264319
231,-20.011734892647837,-58.190393771575415,-113.98308712526932,-171.11681131401684,-228.9840901606868,-287.31444548523825,-345.96720982609804,-404.8669787387689,-463.9712566146345,-20.0117348926432
232,-20.011734892647837,-58.19332827210949,-113.97648545101222,-171.1015266413904,-228.96101824992493,-287.2843181432903,-345.93048184302756,-404.82386135900845,-463.92181684020306,-20.011734892643208
233,-20.011734892647837,-58.196287587802765,-113.96994561357232,-171.08633421454726,-228.93806395305646,-287.25433204923996,-345.893919663574,-404.78093600904987,-463.87259659162476,-20.01173489264322
234,-20.011734892647837,-58.19927149832979,-113.9634671107618,-171.07123331097878,-228.91522635130025,-287.2244860700998,-345.8575219133825,-404.738201060199,-463.8235939841353,-20.01173489264323
235,-20.011734892647837,-58.20227977776897,-113.95704943814607,-171.05622320858228,-228.89250452897204,-287.1947790791165,-345.82128722768,-404.6956548966432,-463.77480714910865,-20.011734892643236
236,-20.011734892647837,-58.205312201073525,-113.95069209546047,-171.04130319203227,-228.8698975798049,-287.16520996203553,-345.785214257484,-404.65329592160487,-463.7262342401539,-20.011734892643247
237,-20.011734892647837,-58.2083685492441,-113.94439459172996,-171.02647255785607,-228.84740461197518,-287.1357776220723,-345.7493016745186,-404.611122562204,-463.67787343792276,-20.011734892643258
238,-20.011734892647837,-58.21144860918047,-113.93815644506877,-171.01173061419055,-228.82502474781148,-287.1064809795664,-345.71354817081516,-404.56913326900656,-463.62972294960485,-20.01173489264327
239,-20.011734892647837,-58.21455216282992,-113.93197717177766,-170.99707666983727,-228.80275711280373,-287.0773189609366,-345.6779524476144,-404.527326504876,-463.581780997726,-20.011734892643275
240,-20.011734892647837,-58.21767900056569,-113.92585629967235,-170.9825100475496,-228.78060084884413,-287.048290511871,-345.6425132285043,-404.48570075805964,-463.5340458331847,-20.011734892643286
241,-20.011734892647837,-58.22082891311864,-113.91979335996608,-170.9680300758743,-228.7585551060239,-287.01939458907304,-345.607229251116,-404.4442545338363,-463.48651572684815,-20.011734892643297
242,-20.011734892647837,-58.22400169564149,-113.91378789128626,-170.95363609312858,-228.7366190465666,-286.9906301641437,-345.57209927095715,-404.4029863583006,-463.43918897328854,-20.011734892643307
243,-20.011734892647837,-58.227197146444176,-113.90783943836331,-170.93932744604965,-228.71479184343423,-286.9619962221395,-345.53712205992133,-404.3618947768259,-463.39206388919763,-20.011734892643318
244,-20.011734892647837,-58.2304150617405,-113.90194754673124,-170.92510348445822,-228.69307267494898,-286.9334917561462,-345.50229640081295,-404.3209783485429,-463.34513880781964,-20.011734892643325
245,-20.011734892647837,-58.233655243876164,-113.89611177091044,-170.91096356940375,-228.67146073289783,-286.9051157753366,-345.4676210953589,-404.28023565430595,-463.29841208687003,-20.011734892643336
246,-20.011734892647837,-58.23691749481349,-113.89033166784763,-170.89690706656867,-228.64995521589634,-286.87686729828835,-345.4330949574806,-404.2396652899206,-463.251882101719,-20.011734892643346
247,-20.011734892647837,-58.240201624439685,-113.88460680518084,-170.8829333544969,-228.6285553375784,-286.84874536112955,-345.3987168213949,-404.199265874201,-463.205547253404,-20.011734892643357
248,-20.011734892647837,-58.24350743473114,-113.87893674536117,-170.86904180868106,-228.60726031064476,-286.82074900154214,-345.3644855255737,-404.1590360328877,-463.1594059525046,-20.011734892643368
249,-20.011734892647837,-58.246834744258145,-113.87332107011606,-170.85523182599158,-228.5860693712547,-286.79287728311033,-345.33039993704926,-404.118974422911,-463.1134566433643,-20.01173489264338
250,-20.011734892647837,-58.25018336302372,-113.86775935524729,-170.84150279944066,-228.56498175375324,-286.76512927000607,-345.2964589260571,-404.079079706993,-463.0676977786511,-20.01173489264339
251,-20.011734892647837,-58.253553104951536,-113.86225118307898,-170.82785413059787,-228.5439967030501,-286.73750403932684,-345.26266137833187,-404.0393505659035,-463.02212783157296,-20.0117348926434
252,-20.011734892647837,-58.25694379101162,-113.85679614554404,-170.81428523264455,-228.5231134776395,-286.71000068407386,-345.229006198046,-403.9997857013592,-462.97674529873717,-20.01173489264341
253,-20.011734892647837,-58.26035523490981,-113.85139382983502,-170.80079551599323,-228.50233133518486,-286.68261829869755,-345.19549229331443,-403.96038382149055,-462.9315486855783,-20.01173489264342
254,-20.011734892647837,-58.26378726375181,-113.84604383903007,-170.7873844088832,-228.48164955308087,-286.6553559996209,-345.1621185966787,-403.92114366128754,-462.8865365267662,-20.011734892643428
255,-20.011734892647837,-58.26723969708476,-113.84074577109715,-170.77405133635375,-228.461067407394,-286.62821290414166,-345.1288840439711,-403.8820639614275,-462.8417073649964,-20.01173489264344
256,-20.011734892647837,-58.27071236628356,-113.83549923824404,-170.7607957395651,-228.4405841921509,-286.6011881496825,-345.09578759352814,-403.8431434874519,-462.7970597701302,-20.01173489264345
257,-20.011734892647837,-58.274205095004255,-113.83030384733627,-170.74761705618673,-228.42019919969508,-286.5742808741117,-345.0628282064727,-403.8043810100139,-462.75259231940726,-20.01173489264346
258,-20.011734892647837,-58.27771771191815,-113.82515921259596,-170.7345147330684,-228.3999117333266,-286.5474902283464,-345.0300048592821,-403.76577531741117,-462.7083036099426,-20.01173489264347
259,-20.011734892647837,-58.28125005272673,-113.82006495758262,-170.72148822819256,-228.3797211092245,-286.52081537823983,-344.99731654563857,-403.72732521740215,-462.6641922605099,-20.01173489264348
260,-20.011734892647837,-58.28480194877297,-113.81502070377059,-170.70853699922478,-228.35962664496748,-286.4942554930672,-344.9647622648814,-403.68902952562456,-462.6202568999249,-20.011734892643492
261,-20.011734892647837,-58.28837323718103,-113.81002608065572,-170.6956605135933,-228.33962766958422,-286.4678097555426,-344.9323410319888,-403.65088707554423,-462.57649617696234,-20.011734892643503
262,-20.011734892647837,-58.291963753557745,-113.80508071842436,-170.68285824113195,-228.31972351616795,-286.4414773543999,-344.90005187012565,-403.6128967109711,-462.5329087528386,-20.011734892643513
263,-20.011734892647837,-58.29557333681767,-113.80018425274618,-170.6701296588472,-228.2999135266162,-286.415257489099,-344.8678938153165,-403.57505729070084,-462.4894933058221,-20.011734892643528
264,-20.011734892647837,-58.29920182866166,-113.79533632422151,-170.65747425034039,-228.2801970510244,-286.38914936918974,-344.8358659157761,-403.53736768781425,-462.44624853050243,-20.01173489264354
265,-20.011734892647837,-58.302849073083344,-113.79053657785688,-170.64489150525844,-228.26057344711077,-286.3631522137028,-344.80396723127024,-403.49982678900784,-462.4031731370896,-20.01173489264355
266,-20.011734892647837,-58.30651491724918,-113.78578466391532,-170.63238092011935,-228.24104208101602,-286.3372652519196,-344.7721968338531,-403.4624334953009,-462.36026585209123,-20.01173489264356
267,-20.011734892647837,-58.31019920165308,-113.78108022804112,-170.61994198841396,-228.2216023173784,-286.3114877134167,-344.74055379788183,-403.4251867120212,-462.3175254082702,-20.01173489264357
268,-20.011734892647837,-58.31390177851546,-113.77642292962985,-170.60757421895212,-228.2022535376546,-286.28581884635895,-344.70903721827807,-403.3880853670376,-462.2749505628474,-20.01173489264358
269,-20.011734892647837,-58.31762249662165,-113.77181242663796,-170.59527712064954,-228.1829951248833,-286.2602579022314,-344.67764619523143,-403.351128395435,-462.23254008214906,-20.01173489264359
270,-20.011734892647837,-58.321361204990644,-113.76724837922356,-170.58305020614603,-228.16382646727783,-286.23480413940507,-344.6463798377359,-403.31431474302354,-462.19029274508847,-20.011734892643602
271,-20.011734892647837,-58.32511776060257,-113.76273045744617,-170.57089299948322,-228.14474696588096,-286.20945683076354,-344.61523727118754,-403.27764337390886,-462.1482073507083,-20.011734892643613
272,-20.011734892647837,-58.32889201465578,-113.75825832749688,-170.5588050223126,-228.12575602074972,-286.18421524985996,-344.5842176235138,-403.24111325659464,-462.1062827042582,-20.011734892643624
273,-20.011734892647837,-58.33268382571558,-113.75383166482052,-170.54678580699695,-228.1068530440341,-286.1590786839683,-344.5533200381972,-403.20472337698124,-462.0645176301659,-20.011734892643634
274,-20.011734892647837,-58.33649305273823,-113.74945014711328,-170.53483488958682,-228.0880374529311,-286.1340464270121,-344.5225436671766,-403.16847273123943,-462.022910964886,-20.011734892643645
275,-20.011734892647837,-58.34031955214174,-113.74511345136803,-170.52295180684533,-228.06930866668807,-286.1091177765404,-344.4918876677971,-403.13236032273625,-461.9814615538018,-20.01173489264366
276,-20.011734892647837,-58.344163182970995,-113.74082125901398,-170.51113610136798,-228.0506661117,-286.0842920388013,-344.46135120785664,-403.09638516705616,-461.9401682562201,-20.01173489264367
277,-20.011734892647837,-58.34802381341996,-113.73657326241441,-170.49938732806032,-228.03210922796748,-286.0595685351733,-344.4309334720122,-403.06054629838343,-461.8990299517302,-20.01173489264368
278,-20.011734892647837,-58.35190130319844,-113.73236914720876,-170.48770503646094,-228.0136374513981,-286.0349465844435,-344.40063364403227,-403.02484275173003,-461.85804552240904,-20.01173489264369
279,-20.011734892647837,-58.35579551816101,-113.72820860691765,-170.47608878532742,-227.99525022837327,-286.0104255173491,-344.3704509213135,-402.9892735774292,-461.81721386729004,-20.0117348926437
280,-20.011734892647837,-58.35970632480802,-113.72409133742038,-170.4645381370952,-227.97694701018634,-285.9860046709933,-344.34038450927244,-402.95383783550335,-461.77653389670945,-20.011734892643712
281,-20.011734892647837,-58.3636335915245,-113.72001703817078,-170.45305265907496,-227.95872725422123,-285.9616833899995,-344.31043362247556,-402.9185345967727,-461.7360045333914,-20.011734892643723
282,-20.011734892647837,-58.36757718849267,-113.71598541208704,-170.44163192332462,-227.94059042380502,-285.9374610263418,-344.28059748444616,-402.88336294263866,-461.69562471221036,-20.011734892643737
283,-20.011734892647837,-58.371536986286706,-113.71199616412412,-170.430275505204,-227.92253598674438,-285.91333693785816,-344.2508753261549,-402.8483219635535,-461.65539337863856,-20.011734892643748
284,-20.011734892647837,-58.37551285716987,-113.70804900254886,-170.41898298463278,-227.90456341656468,-285.8893104894691,-344.2212663872143,-402.8134107601922,-461.6153094898974,-20.01173489264376
285,-20.011734892647837,-58.37950467238384,-113.70414363620763,-170.40775394334034,-227.88667218974282,-285.8653810503873,-344.1917699130679,-402.77862844062105,-461.5753720121043,-20.01173489264377
286,-20.011734892647837,-58.383512310204424,-113.7002797825608,-170.39658797288425,-227.86886179370737,-285.8415480020979,-344.16238516294663,-402.7439741282324,-461.53557992818867,-20.01173489264378
287,-20.011734892647837,-58.387535645205254,-113.69645715692573,-170.38548466387624,-227.85113171604715,-285.817810727546,-344.1331113990359,-402.70944695089275,-461.4959322270175,-20.01173489264379
288,-20.011734892647837,-58.391574553665045,-113.69267547786336,-170.37444361135306,-227.83348144986527,-285.7941686164703,-344.103947891787,-402.67504604623275,-461.456427908668,-20.011734892643805
289,-20.011734892647837,-58.395628916304304,-113.68893446989483,-170.36346441747696,-227.81591049646408,-285.7706210680667,-344.0748939225603,-402.6407705642711,-461.4170659870312,-20.011734892643815
290,-20.011734892647837,-58.39969861297907,-113.68523385817532,-170.3525466861942,-227.7984183599855,-285.7471674856112,-344.0459487782271,-402.6066196619965,-461.3778454843752,-20.011734892643826
291,-20.011734892647837,-58.40378352142264,-113.68157336721622,-170.3416900219415,-227.78100454610302,-285.72380727513104,-344.0171117498205,-402.57259250200065,-461.33876542995824,-20.011734892643837
292,-20.011734892647837,-58.40788352809854,-113.67795273171888,-170.33089404046527,-227.76366857282414,-285.7005398561888,-343.98838214329993,-402.5386882632218,-461.2998248707561,-20.011734892643847
293,-20.011734892647837,-58.41199851085146,-113.67437167920673,-170.3201583514383,-227.74640995309258,-285.6773646444652,-343.95975926211435,-402.50490612349154,-461.26102285398946,-20.01173489264386
294,-20.011734892647837,-58.41612836054496,-113.67082995164436,-170.30948258006472,-227.7292282163774,-285.6542810733308,-343.9312424287544,-402.47124528106747,-461.22235844863894,-20.011734892643872
295,-20.011734892647837,-58.420272962400944,-113.66732728675899,-170.29886634838684,-227.71212288996577,-285.6312885751202,-343.9028309660069,-402.43770493587033,-461.18383072666575,-20.011734892643883
296,-20.011734892647837,-58.42443220154387,-113.66386342356654,-170.28830928079725,-227.69509350445986,-285.6083865866119,-343.87452420241704,-402.4042842949284,-461.1454387684377,-20.011734892643894
297,-20.011734892647837,-58.42860596587516,-113.66043810522834,-170.27781100688182,-227.6781395966061,-285.5855745518392,-343.8463214750807,-402.37098257515225,-461.10718166548816,-20.011734892643904
298,-20.011734892647837,-58.43279414358625,-113.65705107654665,-170.26737115890143,-227.66126070676285,-285.56285191954174,-343.8182221270777,-402.3377990007514,-461.06905851791544,-20.01173489264392
299,-20.011734892647837,-58.43699662740289,-113.65370208819189,-170.25698937600617,-227.64445638310013,-285.5402181473486,-343.79022551163644,-402.30473280738204,-461.0310684385156,-20.01173489264393
300,-20.011734892647837,-58.44121330541589,-113.65039088751665,-170.24666529503594,-227.6277261723876,-285.5176726925489,-343.7623309828883,-402.27178323288445,-460.9932105435029,-20.01173489264394
301,-20.011734892647837,-58.44544407341523,-113.64711723087328,-170.23639856282549,-227.61106963228565,-285.4952150243674,-343.73453790812493,-402.2389495295252,-460.9554839647357,-20.01173489264395
302,-20.011734892647837,-58.44968882574819,-113.64388087445556,-170.22618882703304,-227.59448632216163,-285.4728446147644,-343.70684565858215,-402.20623095476276,-460.9178878404699,-20.011734892643965
303,-20.011734892647837,-58.453947452907094,-113.64068157187057,-170.21603573369964,-227.57797580063567,-285.45056093596725,-343.6792536069531,-402.1736267687478,-460.88042131283913,-20.011734892643975
304,-20.011734892647837,-58.45821985390943,-113.63751908650289,-170.20593893960108,-227.56153763792102,-285.4283634727934,-343.6517611396971,-402.1411362466143,-460.84308354013564,-20.011734892643986
305,-20.011734892647837,-58.462505924511106,-113.6343931797123,-170.19589810043365,-227.54517140399645,-285.4062517108093,-343.62436764518026,-402.1087586666062,-460.8058736849191,-20.011734892643997
306,-20.011734892647837,-58.46680556155181,-113.63130361516397,-170.18591287513215,-227.52887667291282,-285.3842251406213,-343.5970725179516,-402.07649331433834,-460.7687909182649,-20.011734892644007
307,-20.011734892647837,-58.47111866328695,-113.6282501591452,-170.17598292617512,-227.51265302308656,-285.36228325815495,-343.569875159006,-402.04433948304376,-460.73183441999714,-20.01173489264402
308,-20.011734892647837,-58.47544512972961,-113.62523258089261,-170.1661079199008,-227.49650003760328,-285.3404255649439,-343.54277497605875,-402.0122964738342,-460.69500337893436,-20.011734892644032
309,-20.011734892647837,-58.47978486166515,-113.62225065159221,-170.15628752549546,-227.48041730319557,-285.31865156709415,-343.5157713824932,-401.98036359463396,-460.6582969918099,-20.011734892644043
310,-20.011734892647837,-58.48413776236301,-113.6193041460768,-170.14652141668014,-227.46440441191749,-285.29696077694445,-343.48886379900716,-401.9485401618105,-460.6217144648905,-20.011734892644053
311,-20.011734892647837,-58.48850373123983,-113.61639283647493,-170.13680926534852,-227.44846095477197,-285.27535270668045,-343.4620516472117,-401.91682549376156,-460.58525500754826,-20.011734892644064
312,-20.011734892647837,-58.492882672317336,-113.61351650065491,-170.12715074999988,-227.43258653013308,-285.253826876743,-343.43533435802595,-401.8852189192945,-460.54891784062767,-20.01173489264408
313,-20.011734892647837,-58.49727448925245,-113.61067491724103,-170.11754555074512,-227.41678073874064,-285.23238281081035,-343.408711366644,-401.8537197725807,-460.5127021913875,-20.01173489264409
314,-20.011734892647837,-58.50167908978911,-113.60786787005202,-170.1079933537343,-227.40104318811828,-285.2110200402031,-343.38218211692595,-401.8223273975329,-460.47660729786594,-20.0117348926441
315,-20.011734892647837,-58.506096378122926,-113.60509514045224,-170.09849384349786,-227.3853734849034,-285.1897380962013,-343.35574605370147,-401.79104114009647,-460.44063240115753,-20.01173489264411
316,-20.011734892647837,-58.51052626072245,-113.60235651315993,-170.0890467087448,-227.3697712406358,-285.1685365158209,-343.329402628532,-401.7598603539974,-460.4047767511516,-20.01173489264412
317,-20.011734892647837,-58.51496864543412,-113.59965177533954,-170.07965164144477,-227.3542360708296,-285.1474148408731,-343.3031512987574,-401.72878439977706,-460.3690396055532,-20.011734892644135
318,-20.011734892647837,-58.519423443293675,-113.59698071840026,-170.07030833861717,-227.33876759675277,-285.12637261973197,-343.27699152924976,-401.6978126465332,-460.3334202316133,-20.011734892644146
319,-20.011734892647837,-58.52389056228296,-113.59434313174032,-170.0610164960657,-227.3233654391522,-285.1054094010472,-343.25092278611373,-401.6669444656077,-460.2979178998035,-20.011734892644157
320,-20.011734892647837,-58.528369910502825,-113.59173880590748,-170.05177581152938,-227.30802922139492,-285.0845247368749,-343.22494453980363,-401.63617923369264,-460.26253188691186,-20.011734892644167
321,-20.011734892647837,-58.532861403388424,-113.58916753980232,-170.0425859918764,-227.2927585766528,-285.0637181898502,-343.1990562722841,-401.60551633997704,-460.2272614831783,-20.01173489264418
322,-20.011734892647837,-58.53736494675181,-113.5866291237086,-170.03344673612546,-227.27755313091498,-285.0429893161879,-343.1732574600188,-401.5749551691256,-460.1921059752619,-20.011734892644192
323,-20.011734892647837,-58.54188045879637,-113.58412336129618,-170.02435775743925,-227.2624125249723,-285.02233768765666,-343.1475475959309,-401.54449512322657,-460.1570646681778,-20.011734892644203
324,-20.011734892647837,-58.54640785452274,-113.58165005401528,-170.0153187675104,-227.24733639879386,-285.0017628759447,-343.1219261737573,-401.5141356061355,-460.12213686963065,-20.011734892644213
325,-20.011734892647837,-58.550947042235656,-113.579208997592,-170.00632947304763,-227.23232438800574,-284.9812644491264,-343.0963926845044,-401.4838760199182,-460.0873218864463,-20.011734892644224
326,-20.011734892647837,-58.55549794021636,-113.57679999868931,-169.9973895924286,-227.2173761405339,-284.96084198829686,-343.0709466330687,-401.45371578146154,-460.05261904117305,-20.011734892644238
327,-20.011734892647837,-58.560060463844806,-113.57442286201817,-169.98849884280207,-227.20249130369962,-284.9404950746552,-343.0455875253105,-401.4236543095352,-460.0180276591325,-20.01173489264425
328,-20.011734892647837,-58.564634531542396,-113.57207739626946,-169.97965694601197,-227.18766953013375,-284.9202232954098,-343.02031487394675,-401.39369103067395,-459.9835470742916,-20.01173489264426
329,-20.011734892647837,-58.56922005862947,-113.56976340796052,-169.97086362243527,-227.17291047160768,-284.9000262375985,-342.9951281923604,-401.3638253729769,-459.9491766230526,-20.01173489264427
330,-20.011734892647837,-58.57381696194489,-113.56748070604425,-169.96211859558312,-227.15821378362608,-284.87990349267176,-342.97002699917283,-401.3340567706683,-459.9149156488035,-20.01173489264428
331,-20.011734892647837,-58.578425163127605,-113.56522910518008,-169.95342159536392,-227.14357912868203,-284.85985465973874,-342.94501082147764,-401.30438466732255,-459.88076350513353,-20.011734892644295
332,-20.011734892647837,-58.58304458116103,-113.5630084182682,-169.94477235060924,-227.12900616877553,-284.83987933807543,-342.92007918733964,-401.2748085083515,-459.8467195483109,-20.011734892644306
333,-20.011734892647837,-58.587675135672676,-113.56081845973874,-169.93617059235564,-227.11449456868783,-284.81997713038936,-342.89523162904914,-401.24532774424875,-459.81278314051787,-20.011734892644316
334,-20.011734892647837,-58.59231674890255,-113.55865904751042,-169.9276160557953,-227.10004399792408,-284.8001476447544,-342.8704676850445,-401.21594183250346,-459.7789536517552,-20.011734892644327
335,-20.011734892647837,-58.59696934095836,-113.5565299982357,-169.91910847551398,-227.08565412594453,-284.78039048983203,-342.8457868951243,-401.18665023280147,-459.7452304550346,-20.011734892644338
336,-20.011734892647837,-58.60163283582934,-113.55443113330502,-169.91064759148776,-227.07132462815358,-284.7607052808509,-342.82118880641724,-401.1574524129859,-459.71161293232944,-20.011734892644352
337,-20.011734892647837,-58.60630715262992,-113.55236227008079,-169.90223314030948,-227.05705517712002,-284.7410916308195,-342.79667296458365,-401.1283478402493,-459.6781004657589,-20.011734892644363
338,-20.011734892647837,-58.61099222103668,-113.55032323732502,-169.8938648706097,-227.04284545799004,-284.72154916592973,-342.77223892921,-401.0993359965181,-459.64469245296385,-20.011734892644373
339,-20.011734892647837,-58.61568796045285,-113.54831385435432,-169.88554252220413,-227.02869514762864,-284.7020775046902,-342.74788625293263,-401.0704163575677,-459.611388286212,-20.011734892644384
340,-20.011734892647837,-58.6203942994932,-113.54633395051583,-169.87726584556248,-227.01460393408138,-284.6826762773797,-342.723614500881,-401.0415884124565,-459.5781873718251,-20.011734892644395
341,-20.011734892647837,-58.62511116054115,-113.54438334973491,-169.86903458634976,-227.0005715011091,-284.66334511057335,-342.69942323519535,-401.01285164803403,-459.5450891146778,-20.011734892644405
342,-20.011734892647837,-58.629838473871764,-113.54246188462949,-169.86084849953315,-226.98659754228842,-284.6440836412355,-342.6753120291093,-400.98420556301534,-459.512092932264,-20.011734892644416
343,-20.011734892647837,-58.63457616222644,-113.54056938107577,-169.8527073339417,-226.97268174556467,-284.6248915012645,-342.651280451486,-400.9556496525079,-459.479198239216,-20.01173489264443
344,-20.011734892647837,-58.63932415629384,-113.53870567368044,-169.8446108477313,-226.95882380871097,-284.6057683329437,-342.6273280822604,-400.92718342344483,-459.4464044627296,-20.01173489264444
345,-20.011734892647837,-58.64408238198729,-113.53687059304958,-169.83655879564736,-226.9450234265844,-284.5867137761902,-342.60345449967883,-400.8988063818169,-459.4137110297872,-20.01173489264445
346,-20.011734892647837,-58.6488507692224,-113.53506397455776,-169.8285509377876,-226.93128029988293,-284.567727477304,-342.57965928903883,-400.87051804140276,-459.38111737588247,-20.011734892644462
347,-20.011734892647837,-58.65362924727032,-113.53328565369313,-169.82058703494042,-226.91759413047754,-284.5488090842933,-342.55594203800644,-400.84231791907916,-459.34862294032064,-20.011734892644473
348,-20.011734892647837,-58.6584177468324,-113.53153546812376,-169.8126668506454,-226.90396462346695,-284.52995824892093,-342.5323023386546,-400.81420553684893,-459.31622716824023,-20.011734892644483
349,-20.011734892647837,-58.66321619943665,-113.529813257086,-169.80479015057534,-226.89039148655414,-284.51117462607414,-342.5087397868229,-400.7861804211955,-459.2839295099601,-20.011734892644498
350,-20.011734892647837,-58.66802453281119,-113.5281188567501,-169.79695669789587,-226.87687442539976,-284.49245786911115,-342.4852539774578,-400.75824209841244,-459.2517294163006,-20.011734892644508
351,-20.011734892647837,-58.67284268104055,-113.52645211036835,-169.78916626340776,-226.86341315375924,-284.4738076399909,-342.46184451473295,-400.7303901047175,-459.21962634869175,-20.01173489264452
352,-20.011734892647837,-58.67767057457857,-113.52481285828046,-169.78141861554624,-226.85000738347628,-284.4552235992601,-342.43851100202846,-400.7026239762236,-459.1876197691363,-20.01173489264453
353,-20.011734892647837,-58.68250815042077,-113.5232009480779,-169.77371353053945,-226.83665683463602,-284.43670541619923,-342.4152530520691,-400.6749432590693,-459.1557091503331,-20.01173489264454
354,-20.011734892647837,-58.687355339440785,-113.5216162219331,-169.76605077973207,-226.82336122288325,-284.4182527561344,-342.3920702742287,-400.64734749671527,-459.1238939629669,-20.01173489264455
355,-20.011734892647837,-58.692212073889166,-113.5200585240905,-169.75843013707046,-226.81012026690212,-284.39986528791036,-342.3689622819947,-400.61983623740196,-459.09217368315973,-20.01173489264456
356,-20.011734892647837,-58.69707829220957,-113.51852770567554,-169.75085138390634,-226.79693369321453,-284.38154268868243,-342.345928697753,-400.5924090389265,-459.06054779723985,-20.011734892644572
357,-20.011734892647837,-58.701953926394694,-113.51702361204332,-169.74331429633966,-226.78380122351825,-284.3632846312478,-342.3229691401118,-400.5650654559595,-459.02901578905266,-20.011734892644583
358,-20.011734892647837,-58.70683891219361,-113.51554609297877,-169.7358186554135,-226.7707225848765,-284.34509079423,-342.300083234078,-400.5378050502133,-458.9975771501225,-20.011734892644593
359,-20.011734892647837,-58.7117331885687,-113.51409500214648,-169.72836424655878,-226.75769750915777,-284.3269608615113,-342.277270610483,-400.51062738986207,-458.966231379065,-20.011734892644608
360,-20.011734892647837,-58.716636686415306,-113.51267018580342,-169.7209508483013,-226.74472572173823,-284.30889451092975,-342.2545308946724,-400.48353203822353,-458.93497797026447,-20.01173489264462
361,-20.011734892647837,-58.721549348189505,-113.51127150241979,-169.7135782518779,-226.73180696111262,-284.29089143388427,-342.2318637261036,-400.4565185733494,-458.90381643345603,-20.01173489264463
362,-20.011734892647837,-58.72647111126317,-113.50989880602717,-169.70624624457912,-226.71894096223258,-284.27295131866686,-342.20926874167156,-400.42958657134517,-458.8727462770398,-20.01173489264464
363,-20.011734892647837,-58.731401911441054,-113.50855194972904,-169.69895461325459,-226.7061274600071,-284.255073853957,-342.1867455791962,-400.40273560984997,-458.8417670115552,-20.01173489264465
364,-20.011734892647837,-58.73634169050996,-113.50723079324317,-169.6917031518505,-226.69336619683583,-284.23725873635016,-342.16429388494356,-400.37596527555127,-458.8108781571889,-20.01173489264466
365,-20.011734892647837,-58.741290383646465,-113.50593519030309,-169.68449164880633,-226.6806569100003,-284.2195056577423,-342.14191330100465,-400.3492751515571,-458.7800792311413,-20.01173489264467
366,-20.011734892647837,-58.746247933691464,-113.50466500292593,-169.67731990131745,-226.66799934592328,-284.20181431958423,-342.1196034795425,-400.322664831636,-458.7493697618613,-20.011734892644682
367,-20.011734892647837,-58.75121427857262,-113.50342008882869,-169.67018770274692,-226.65539324757503,-284.1841844202827,-342.09736407018653,-400.29613390760625,-458.7187492764278,-20.011734892644693
368,-20.011734892647837,-58.75618936021666,-113.50220031033419,-169.66309485152647,-226.6428383633712,-284.16661566409266,-342.0751947289186,-400.2696819782138,-458.6882173094234,-20.011734892644704
369,-20.011734892647837,-58.761173121380786,-113.50100553119633,-169.65604114797722,-226.63033444398818,-284.1491077579273,-342.0530951148772,-400.24330864593134,-458.6577733997271,-20.011734892644714
370,-20.011734892647837,-58.76616549845838,-113.49983560939945,-169.64902638710475,-226.6178812351545,-284.13166040414455,-342.0310648831367,-400.21701350973075,-458.62741708328224,-20.011734892644725
371,-20.011734892647837,-58.771166439818536,-113.49869041549209,-169.6420503769275,-226.60547849597535,-284.11427331886614,-342.00910370302114,-400.19079618339134,-458.5971479113971,-20.011734892644736
372,-20.011734892647837,-58.776175882493156,-113.49756980926793,-169.6351129151541,-226.59312597560515,-284.0969462086456,-341.9872112347656,-400.1646562721546,-458.56696542739576,-20.011734892644746
373,-20.011734892647837,-58.7811937745641,-113.49647366214718,-169.6282138115596,-226.5808234356204,-284.0796787928357,-341.96538715187813,-400.13859339508,-458.5368691889687,-20.011734892644757
374,-20.011734892647837,-58.78622005454503,-113.49540183655242,-169.6213528673574,-226.56857062938744,-284.0624707829517,-341.9436311204964,-400.1126071643963,-458.5068587475169,-20.011734892644768
375,-20.011734892647837,-58.79125466974479,-113.4943542042665,-169.61452989355266,-226.5563673204115,-284.04532190101537,-341.92194281772674,-400.08669720383386,-458.476933666481,-20.01173489264478
376,-20.011734892647837,-58.79629756103763,-113.49333063119686,-169.60774469570248,-226.54421326709382,-284.0282318643077,-341.90032191638977,-400.06086313336607,-458.4470935060763,-20.01173489264479
377,-20.011734892647837,-58.80134867585864,-113.49233099036556,-169.60099708690134,-226.53210823571288,-284.01120039834484,-341.87876809799224,-400.0351045821732,-458.4173378362521,-20.0117348926448
378,-20.011734892647837,-58.80640795970316,-113.4913551534032,-169.59428687927138,-226.52005199191075,-283.99422722836096,-341.85728104420286,-400.0094211801144,-458.38766622815734,-20.01173489264481
379,-20.011734892647837,-58.81147535704013,-113.49040299145665,-169.5876138848657,-226.5080443015933,-283.9773120802023,-341.8358604377422,-399.9838125586112,-458.35807825502025,-20.01173489264482
380,-20.011734892647837,-58.816550813565826,-113.48947437743745,-169.58097791791297,-226.4960849331706,-283.9604546825653,-341.8145059646137,-399.9582783528727,-458.32857349436904,-20.01173489264483
381,-20.011734892647837,-58.82163427578522,-113.4885691855979,-169.5743787943891,-226.48417365712575,-283.9436547665588,-341.79321731366235,-399.93281820144983,-458.299151527579,-20.011734892644842
382,-20.011734892647837,-58.82672568790065,-113.48768728841449,-169.56781632889738,-226.47231024289061,-283.9269120625774,-341.7719941734411,-399.9074317430954,-458.2698119367303,-20.011734892644853
383,-20.011734892647837,-58.83182500349388,-113.48682856826466,-169.56129034634063,-226.46049447051533,-283.9102263119653,-341.7508362438704,-399.88211862841877,-458.2405543162561,-20.011734892644863
384,-20.011734892647837,-58.836932163613184,-113.485992895509,-169.55480065999987,-226.44872610874316,-283.893597245088,-341.7297432143047,-399.8568784979463,-458.2113782509992,-20.011734892644874
385,-20.011734892647837,-58.84204712055562,-113.48518015226811,-169.54834709530766,-226.43700493878026,-283.8770246050972,-341.7087147872914,-399.8317110058769,-458.1822833399621,-20.011734892644885
386,-20.011734892647837,-58.84716982133902,-113.48439021588996,-169.54192947331134,-226.42533073775564,-283.8605081313873,-341.68775066202346,-399.80661580352785,-458.153269179749,-20.011734892644895
387,-20.011734892647837,-58.852300214021916,-113.4836229652646,-169.5355476169838,-226.41370328502953,-283.844047565899,-341.6668505406377,-399.78159254562786,-458.1243353708536,-20.011734892644906
388,-20.011734892647837,-58.857438249998545,-113.48287828311447,-169.529201353511,-226.40212236447624,-283.82764265539964,-341.6460141304893,-399.7566408925874,-458.0954815199257,-20.011734892644917
389,-20.011734892647837,-58.8625838755456,-113.4821560475363,-169.52289050582942,-226.39058775601973,-283.8112931430127,-341.6252411356781,-399.7317605020207,-458.0667072312875,-20.011734892644927
390,-20.011734892647837,-58.86773704218825,-113.48145614236232,-169.51661490298392,-226.37909924598767,-283.79499877857046,-341.60453126739486,-399.7069510390845,-458.03801211727006,-20.011734892644938
391,-20.011734892647837,-58.872897700938104,-113.48077845139372,-169.51037437435798,-226.36765662133885,-283.77875931283575,-341.5838842381391,-399.68221217069436,-458.00939579242225,-20.01173489264495
392,-20.011734892647837,-58.87806580057829,-113.48012285668078,-169.50416874795005,-226.356259667936,-283.7625744957721,-341.5632997599854,-399.6575435637833,-457.98085787176785,-20.01173489264496
393,-20.011734892647837,-58.883241295345144,-113.47948924620025,-169.49799785804754,-226.34490817821774,-283.7464440842118,-341.54277755224484,-399.63294489296067,-457.95239797845784,-20.01173489264497
394,-20.011734892647837,-58.88842413381326,-113.47887750273577,-169.4918615341041,-226.33360194007162,-283.73036783072547,-341.52231733033193,-399.60841582937263,-457.9240157326287,-20.011734892644977
395,-20.011734892647837,-58.893614267932385,-113.4782875129104,-169.48575960976834,-226.32234074586108,-283.71434549264484,-341.5019188147824,-399.58395604971645,-457.8957107604109,-20.011734892644988
396,-20.011734892647837,-58.898811649977226,-113.4777191641318,-169.47969191982628,-226.3111243893642,-283.698376828999,-341.4815817281844,-399.55956523316667,-457.8674826908522,-20.011734892645
397,-20.011734892647837,-58.90401623353174,-113.47717234557231,-169.47365830117764,-226.29995266674754,-283.6824616014842,-341.46130579614487,-399.53524306233703,-457.8393311568743,-20.01173489264501
398,-20.011734892647837,-58.90922796910415,-113.47664694377966,-169.46765858844336,-226.28882537217115,-283.6665995700652,-341.44109074288605,-399.5109892188724,-457.811255790862,-20.01173489264502
399,-20.011734892647837,-58.91444681317899,-113.47614285172462,-169.46169262301038,-226.27774230682974,-283.6507905020141,-341.4209363002802,-399.48680339247915,-457.78325623368823,-20.01173489264503
400,-20.011734892647837,-58.91967271712039,-113.47565995770015,-169.45576024192746,-226.26670326784654,-283.6350341607999,-341.4008421967345,-399.46268526980595,-457.75533212359267,-20.01173489264504
401,-20.011734892647837,-58.924905634887985,-113.47519815303335,-169.4498612856137,-226.2557080559789,-283.6193303137913,-341.38080816489116,-399.4386345421388,-457.72748310387055,-20.011734892645052
402,-20.011734892647837,-58.93014552269712,-113.47475733174107,-169.44399559751164,-226.2447564752686,-283.6036787319038,-341.3608339412688,-399.41465090503885,-457.6997088225087,-20.01173489264506
403,-20.011734892647837,-58.9353923306171,-113.4743373821246,-169.43816301567847,-226.23384832463051,-283.5880791811853,-341.34091925784486,-399.39073404992035,-457.67200892375854,-20.01173489264507
404,-20.011734892647837,-58.940646015674474,-113.47393819986868,-169.43236338588244,-226.22298341094648,-283.5725314359068,-341.3210638551421,-399.3668836771327,-457.64438306121457,-20.01173489264508
405,-20.011734892647837,-58.94590653614519,-113.47355968232971,-169.4265965558877,-226.21216154334783,-283.5570352728414,-341.301267476504,-399.3430994902323,-457.6168308920823,-20.01173489264509
406,-20.011734892647837,-58.95117384450878,-113.47320172148608,-169.42086236840217,-226.20138252616,-283.54159046420665,-341.281529861033,-399.3193811889162,-457.5893520701094,-20.0117348926451
407,-20.011734892647837,-58.95644789518699,-113.47286421167298,-169.41516066880874,-226.19064616663223,-283.52619678539094,-341.26185075131366,-399.2957284767406,-457.56194625329846,-20.01173489264511
408,-20.011734892647837,-58.96172864556506,-113.47254705059966,-169.40949130618034,-226.17995227594955,-283.51085401596237,-341.24222989441654,-399.27214106212284,-457.534613104907,-20.01173489264512
409,-20.011734892647837,-58.96701605432647,-113.47225013768069,-169.40385413160806,-226.16930066755836,-283.4955619379922,-341.22266704021894,-399.2486186566556,-457.50735229175746,-20.01173489264513
410,-20.011734892647837,-58.97231007442479,-113.47197336700364,-169.39824899116596,-226.15869115012973,-283.4803203290139,-341.2031619343605,-399.2251609680606,-457.4801634771876,-20.01173489264514
411,-20.011734892647837,-58.97761066620105,-113.47171664044332,-169.3926757390227,-226.14812354066746,-283.46512897512997,-341.1837143313457,-399.20176771328556,-457.4530463341441,-20.01173489264515
412,-20.011734892647837,-58.982917782301925,-113.47147985257577,-169.38713422235276,-226.13759764941793,-283.4499876559185,-341.1643239794469,-399.1784386034049,-457.4260005300785,-20.01173489264516
413,-20.011734892647837,-58.9882313861777,-113.4712629091731,-169.38162429982842,-226.1271132983597,-283.4348961629193,-341.14499063918726,-399.15517336209786,-457.39902574542447,-20.01173489264517
414,-20.011734892647837,-58.99355143297299,-113.47106570809018,-169.376145822504,-226.11667030208488,-283.41985428051356,-341.12571406421665,-399.1319717065219,-457.37212165446454,-20.01173489264518
415,-20.011734892647837,-58.998877881313454,-113.47088815104814,-169.37069864559686,-226.1062684795785,-283.40486179770005,-341.10649401308535,-399.10883335908045,-457.3452879370975,-20.01173489264519
416,-20.011734892647837,-59.004210688984784,-113.47073013930981,-169.3652826241596,-226.09590764988843,-283.38991850376283,-341.0873302449065,-399.0857580430845,-457.3185242744941,-20.011734892645197
417,-20.011734892647837,-59.009549815319595,-113.47059157606293,-169.3598976154615,-226.08558763450444,-283.375024190647,-341.06822252173055,-399.06274548512135,-457.29183035146485,-20.011734892645208
418,-20.011734892647837,-59.014895219561446,-113.47047236478117,-169.3545434773463,-226.07530825571382,-283.3601786513128,-341.0491706068949,-399.0397954134013,-457.26520585480165,-20.01173489264522
419,-20.011734892647837,-59.0202468578963,-113.4703724062519,-169.3492200652579,-226.06506933362508,-283.3453816767562,-341.030174262041,-399.0169075547714,-457.2386504702896,-20.01173489264523
420,-20.011734892647837,-59.02560469524861,-113.47029161036906,-169.3439272440304,-226.05487069795612,-283.3306330677942,-341.01123325889785,-398.99408164649566,-457.2121638944828,-20.011734892645237
421,-20.011734892647837,-59.030968688880385,-113.47022987972888,-169.33866487148168,-226.04471217162526,-283.31593261865476,-340.99234736286724,-398.97131741983554,-457.18574581828267,-20.011734892645247
422,-20.011734892647837,-59.03633880020442,-113.47018712144008,-169.33343281022084,-226.03459358255694,-283.3012801287787,-340.97351634482317,-398.9486146118477,-457.1593959387321,-20.011734892645258
423,-20.011734892647837,-59.04171498778211,-113.47016324011807,-169.32823092064027,-226.024514756672,-283.2866753958084,-340.95473997409783,-398.92597295836515,-457.13311395199366,-20.011734892645265
424,-20.011734892647837,-59.0470972137705,-113.47015814432908,-169.32305906735732,-226.01447552432677,-283.2721182220244,-340.9360180249145,-398.90339220042785,-457.1068995597771,-20.011734892645276
425,-20.011734892647837,-59.052485439618835,-113.4701717422836,-169.31791711490527,-226.00447571600267,-283.257608410033,-340.9173502720722,-398.8808720799637,-457.08075246501704,-20.011734892645286
426,-20.011734892647837,-59.05787962444966,-113.47020394021435,-169.3128049261089,-225.9945151606797,-283.2431457611365,-340.8987364893138,-398.8584123381525,-457.0546723702343,-20.011734892645297
427,-20.011734892647837,-59.06327973151622,-113.47025464883032,-169.30772236853682,-225.9845936922863,-283.22873008178266,-340.880176455771,-398.8360127218695,-457.0286589839763,-20.011734892645304
428,-20.011734892647837,-59.06868572121237,-113.47032377632411,-169.30266930750562,-225.9747111427026,-283.21436117656356,-340.8616699489622,-398.8136729766783,-457.00271201380707,-20.011734892645315
429,-20.011734892647837,-59.07409755753249,-113.47041123482855,-169.29764561253495,-225.9648673482128,-283.2000388546673,-340.8432167512399,-398.79139285327557,-456.97683117274903,-20.011734892645325
430,-20.011734892647837,-59.07951520377962,-113.47051693612181,-169.29265115305,-225.9550621452065,-283.185762925577,-340.82481664548686,-398.76917210318544,-456.9510161749746,-20.011734892645332
431,-20.011734892647837,-59.08493861827207,-113.47064078733109,-169.2876857940833,-225.9452953658781,-283.1715331947676,-340.8064694108116,-398.74701047444944,-456.92526673149285,-20.011734892645343
432,-20.011734892647837,-59.090367767532705,-113.47078270411926,-169.28274940945897,-225.93556685140936,-283.1573494768865,-340.7881748357249,-398.7249077248018,-456.89958256332255,-20.011734892645354
433,-20.011734892647837,-59.09580261258909,-113.47094259698164,-169.27784186808745,-225.92587643826266,-283.1432115820452,-340.76993270442904,-398.7028636079554,-456.87396338777495,-20.01173489264536
434,-20.011734892647837,-59.101243114107696,-113.4711203763777,-169.27296303909495,-225.91622396330862,-283.1291193209443,-340.75174280194034,-398.6808778787205,-456.84840892356976,-20.01173489264537
435,-20.011734892647837,-59.106689241542114,-113.4713159618766,-169.2681128009668,-225.90660927296733,-283.11507251401326,-340.73360492322615,-398.6589503021393,-456.8229188999672,-20.01173489264538
436,-20.011734892647837,-59.11214095676972,-113.47152926579056,-169.26329102517914,-225.89703220683901,-283.1010709750388,-340.7155188568306,-398.6370806371087,-456.79749304038785,-20.01173489264539
437,-20.011734892647837,-59.117598223246695,-113.47176020232769,-169.25849758534937,-225.8874926068519,-283.0871145203111,-340.69748439401803,-398.6152686455215,-456.7721310715506,-20.0117348926454
438,-20.011734892647837,-59.1230610044304,-113.47200868601136,-169.25373235565323,-225.87799031567872,-283.07320296703756,-340.67950132718516,-398.5935140906737,-456.74683272187906,-20.011734892645407
439,-20.011734892647837,-59.12852926621913,-113.47227463411724,-169.2489952132606,-225.86852517916992,-283.05933613577537,-340.6615694522898,-398.57181673969257,-456.7215977239247,-20.011734892645418
440,-20.011734892647837,-59.13400297134711,-113.47255796106576,-169.24428603272506,-225.85909704074226,-283.04551384481744,-340.6436885632354,-398.55017635791705,-456.6964258087457,-20.011734892645425
441,-20.011734892647837,-59.13948208720666,-113.47285858624149,-169.23960469380208,-225.84970574919498,-283.03173591800703,-340.62585845968243,-398.52859271670735,-456.6713167137144,-20.011734892645435
442,-20.011734892647837,-59.14496657621028,-113.47317642435274,-169.2349510718063,-225.84035114906555,-283.01800217509157,-340.60807893740025,-398.5070655837927,-456.6462701728623,-20.011734892645446
443,-20.011734892647837,-59.15045640765476,-113.47351139729301,-169.23032504947085,-225.83103309248781,-283.0043124435791,-340.5903498001211,-398.4855947351242,-456.6212859287289,-20.011734892645453
444,-20.011734892647837,-59.15595154271109,-113.47386341912834,-169.22572650193308,-225.82175142417572,-282.9906665437201,-340.5726708445199,-398.4641799398506,-456.5963637173372,-20.011734892645464
445,-20.011734892647837,-59.16145195032018,-113.47423241199051,-169.2211553126261,-225.81250599731328,-282.977064304396,-340.55504187609955,-398.4428209762014,-456.57150328407334,-20.01173489264547
446,-20.011734892647837,-59.166957596218474,-113.4746182951003,-169.21661136229943,-225.80329666257398,-282.9635055521369,-340.5374626982072,-398.421517620501,-456.546704372697,-20.01173489264548
447,-20.011734892647837,-59.1724684480949,-113.4750209899218,-169.21209453417197,-225.7941232732724,-282.9499901162707,-340.51993311718104,-398.40026965231186,-456.5219667304845,-20.01173489264549
448,-20.011734892647837,-59.17798446730091,-113.47544041186997,-169.2076047056379,-225.78498567706816,-282.93651782062625,-340.5024529340505,-398.37907684613316,-456.49729009992285,-20.0117348926455
449,-20.011734892647837,-59.183505623419165,-113.47587648487725,-169.20314176283094,-225.77588373052896,-282.923088498095,-340.48502195909634,-398.3579389859574,-456.4726742332657,-20.011734892645507
450,-20.011734892647837,-59.18903188597865,-113.47632913310579,-169.1987055923353,-225.76681729084044,-282.9097019823378,-340.4676400035553,-398.33685585697333,-456.4481188842325,-20.011734892645517
451,-20.011734892647837,-59.19456321886835,-113.4767982753591,-169.1942960755951,-225.75778621021374,-282.89635810219255,-340.4503068740253,-398.31582723996763,-456.4236238024087,-20.011734892645524
452,-20.011734892647837,-59.20009959221697,-113.47728383695927,-169.18991310079016,-225.74879034775995,-282.88305669354594,-340.4330223843351,-398.2948529231936,-456.3991887451115,-20.011734892645535
453,-20.011734892647837,-59.20564097143231,-113.47778573878415,-169.18555655187146,-225.73982955852432,-282.86979758836657,-340.41578634457534,-398.27393269139816,-456.3748134664153,-20.011734892645542
454,-20.011734892647837,-59.211187323709105,-113.47830390377271,-169.18122631506446,-225.73090369998806,-282.8565806212055,-340.3985985675976,-398.25306633231907,-456.35049772364556,-20.011734892645553
455,-20.011734892647837,-59.216738619167295,-113.47883825806116,-169.1769222800038,-225.72201263320213,-282.8434056303273,-340.38145887014264,-398.2322536378115,-456.32624127850414,-20.01173489264556
456,-20.011734892647837,-59.22229482258454,-113.47938872271338,-169.17264433146192,-225.7131562145136,-282.83027244943656,-340.3643670645646,-398.2114943955696,-456.30204388878775,-20.01173489264557
457,-20.011734892647837,-59.22785590797028,-113.47995522829234,-169.16839236391888,-225.70433431013487,-282.81718092224475,-340.3473229733974,-398.1907884036888,-456.277905322949,-20.011734892645578
458,-20.011734892647837,-59.23342183821211,-113.48053769450468,-169.16416626120525,-225.69554677578506,-282.80413088211003,-340.33032640899086,-398.1701354503023,-456.253825339729,-20.01173489264559
459,-20.011734892647837,-59.23899258771416,-113.48113605283677,-169.15996591913648,-225.6867934793231,-282.79112217466906,-340.31337719614174,-398.1495353362082,-456.22980371078455,-20.011734892645595
460,-20.011734892647837,-59.24456811936111,-113.48175022351661,-169.15579122247325,-225.67807427770674,-282.77815463479493,-340.29647514904883,-398.12898785182244,-456.2058401976366,-20.011734892645602
461,-20.011734892647837,-59.25014840581546,-113.48238013680876,-169.15164206621512,-225.66938903828478,-282.7652281078879,-340.2796200926026,-398.1084927984664,-456.18193457295797,-20.011734892645613
462,-20.011734892647837,-59.255733417231276,-113.48302572072623,-169.14751834331028,-225.6607376265061,-282.7523424375822,-340.26281185008963,-398.0880499760693,-456.15808660827184,-20.01173489264562
463,-20.011734892647837,-59.2613231224055,-113.48368690217964,-169.14341994580334,-225.65211990706564,-282.739497466892,-340.2460502443374,-398.0676591843106,-456.134296075092,-20.01173489264563
464,-20.011734892647837,-59.26691748589984,-113.48436360409686,-169.13934676195356,-225.6435357410219,-282.7266930353263,-340.2293350948265,-398.04732021972967,-456.1105627420324,-20.011734892645638
465,-20.011734892647837,-59.27251648531282,-113.48505576269322,-169.13529869350353,-225.63498500306403,-282.71392899615597,-340.2126662349562,-398.02703289298984,-456.0868863920666,-20.01173489264565
466,-20.011734892647837,-59.278120088257324,-113.48576330444695,-169.1312756326528,-225.6264675584843,-282.701205193384,-340.19604348901277,-398.0067970058445,-456.0632667994938,-20.011734892645656
467,-20.011734892647837,-59.28372826425918,-113.48648615799586,-169.12727747395334,-225.61798327507276,-282.6885214736387,-340.179466684062,-397.98661236302684,-456.0397037418253,-20.011734892645663
468,-20.011734892647837,-59.28934098323446,-113.48722425261249,-169.12330411278316,-225.60953202158876,-282.6758776846448,-340.1629356484169,-397.9664787707166,-456.01619699824994,-20.011734892645674
469,-20.011734892647837,-59.294958216646165,-113.48797751935896,-169.11935544649936,-225.6011136689143,-282.6632736763751,-340.1464502127888,-397.9463960376874,-455.99274635077893,-20.01173489264568
470,-20.011734892647837,-59.30057993597914,-113.48874588955988,-169.11543137291014,-225.5927280885235,-282.65070929951867,-340.1300102087534,-397.9263639737728,-455.9693515827095,-20.011734892645688
471,-20.011734892647837,-59.30620610987086,-113.48952929193135,-169.11153178740187,-225.58437514960949,-282.638184402606,-340.1136154658746,-397.90638238698654,-455.9460124757448,-20.0117348926457
472,-20.011734892647837,-59.3118367133419,-113.49032766180932,-169.10765659216636,-225.57605472830954,-282.62569884123474,-340.09726582092765,-397.8864510927445,-455.9227288192126,-20.011734892645705
473,-20.011734892647837,-59.317471714180456,-113.49114092753226,-169.1038056825818,-225.56776669408646,-282.6132524644474,-340.08096110427675,-397.8665699002399,-455.89950039643844,-20.011734892645713
474,-20.011734892647837,-59.32311108485698,-113.49196902235406,-169.09997895912454,-225.5595109216376,-282.600845126641,-340.0647011517818,-397.84673862434823,-455.87632699664954,-20.011734892645723
475,-20.011734892647837,-59.328754799665056,-113.49281188158288,-169.09617632450633,-225.55128728803214,-282.5884766847027,-340.048485801933,-397.82695708276,-455.85320841210427,-20.01173489264573
476,-20.011734892647837,-59.33440282514225,-113.49366943300033,-169.09239767409218,-225.54309566312747,-282.5761469884246,-340.03231488626426,-397.80722508639207,-455.8301444285042,-20.011734892645737
477,-20.011734892647837,-59.34005513870928,-113.49454161549878,-169.08864291453648,-225.53493592820422,-282.56385589913816,-340.0161882479854,-397.7875424580181,-455.8071348436193,-20.011734892645748
478,-20.011734892647837,-59.34571171103345,-113.49542836144286,-169.08491194614297,-225.52680795832526,-282.55160327207193,-340.000105724339,-397.7679090146236,-455.78417944964286,-20.011734892645755
479,-20.011734892647837,-59.35137250989005,-113.49632960052942,-169.0812046667232,-225.51871162619315,-282.5393889602076,-339.98406715045485,-397.7483245712581,-455.76127803704304,-20.011734892645762
480,-20.011734892647837,-59.35703751611999,-113.4972452757429,-169.07752098755117,-225.51064681810385,-282.5272128302333,-339.9680723753014,-397.728788956985,-455.7384304105082,-20.011734892645773
481,-20.011734892647837,-59.36270669524536,-113.4981753149698,-169.073860804976,-225.50261340555775,-282.515074734153,-339.95212123329424,-397.7093019864885,-455.71563636055413,-20.01173489264578
482,-20.011734892647837,-59.36838002418118,-113.49911965770812,-169.0702240271302,-225.49461127196804,-282.50297453599364,-339.9362135710008,-397.68986348677606,-455.6928956902238,-20.011734892645787
483,-20.011734892647837,-59.37405747494633,-113.50007823877704,-169.06661055763786,-225.48664029636703,-282.49091209551125,-339.9203492308463,-397.67047328088296,-455.67020819879014,-20.011734892645794
484,-20.011734892647837,-59.37973901987398,-113.50105099352514,-169.0630203008219,-225.47870035861303,-282.4788872733959,-339.9045280563165,-397.65113119307296,-455.6475736869556,-20.011734892645805
485,-20.011734892647837,-59.38542463280173,-113.50203785901944,-169.05945316289208,-225.4707913405764,-282.46689993245724,-339.8887498931421,-397.6318370500213,-455.6249919580319,-20.011734892645812
486,-20.011734892647837,-59.39111428622004,-113.50303877119175,-169.05590904908905,-225.46291312328404,-282.45494993476825,-339.8730145864405,-397.6125906779543,-455.60246281508057,-20.01173489264582
487,-20.011734892647837,-59.39680795648879,-113.50405367005379,-169.05238786889953,-225.45506559213237,-282.443037146876,-339.8573219859266,-397.5933919078584,-455.5799860661178,-20.011734892645826
488,-20.011734892647837,-59.40250561427838,-113.50508249013646,-169.0488895264937,-225.44724862732443,-282.43116143023934,-339.84167193634727,-397.57424056591424,-455.55756151454705,-20.011734892645837
489,-20.011734892647837,-59.40820723784847,-113.50612517376734,-169.04541393400123,-225.43946211714496,-282.41932265450174,-339.8260642907551,-397.5551364867663,-455.5351889724287,-20.011734892645844
490,-20.011734892647837,-59.41391279677352,-113.50718165479434,-169.04196099523435,-225.43170594168225,-282.40752068121304,-339.8104988942264,-397.5360794972416,-455.51286824419594,-20.01173489264585
491,-20.011734892647837,-59.419622266565675,-113.50825187320707,-169.0385306203077,-225.42397998744724,-282.3957553784469,-339.7949755984791,-397.51706943096514,-455.49059914126764,-20.01173489264586
492,-20.011734892647837,-59.42533562315257,-113.50933576961314,-169.0351227201135,-225.4162841418478,-282.38402661527516,-339.77949425634506,-397.49810612282954,-455.4683814765185,-20.011734892645865
493,-20.011734892647837,-59.43105283869415,-113.51043328105337,-169.03173720213536,-225.40861828900202,-282.3723342575786,-339.7640547175803,-397.47918940480554,-455.4462150600853,-20.011734892645876
494,-20.011734892647837,-59.43677388949693,-113.5115443489145,-169.02837397836058,-225.40098231764853,-282.36067817595836,-339.748656836774,-397.4603191138478,-455.42409970727437,-20.011734892645883
495,-20.011734892647837,-59.442498751834876,-113.51266891474873,-169.0250329610974,-225.3933761169643,-282.34905824155067,-339.7333004691632,-397.4414950877092,-455.4020352343709,-20.01173489264589
496,-20.011734892647837,-59.448227396429196,-113.51380691475174,-169.02171405745304,-225.3857995710406,-282.3374743205041,-339.7179854651077,-397.4227171594133,-455.38002145311185,-20.011734892645897
497,-20.011734892647837,-59.45395980308056,-113.51495829439362,-169.01841718396255,-225.3782525735119,-282.3259262886059,-339.70271168471646,-397.40398517187975,-455.3580581853096,-20.011734892645904
498,-20.011734892647837,-59.459695943058755,-113.516122990807,-169.0151422489767,-225.37073500994202,-282.31441401366817,-339.68747898023116,-397.3852989603064,-455.3361452452313,-20.011734892645915
499,-20.011734892647837,-59.46543579508594,-113.51730094876883,-169.01188916864157,-225.3632467738042,-282.30293737150623,-339.6722872120052,-397.3666583681458,-455.31428245557595,-20.011734892645922
