outer_weight,aggregate_log2,peak_first_r,peak_remaining_ones,peak_gap_min,peak_gap_max,peak_inner_mode,peak_outer_log2_bound,peak_placement_log2,peak_inner_log2,peak_best_lambda,peak_best_alpha,peak_best_rho,peak_term_log2
32,-86.91045818756483,1,31,12001,17000,csv,37.65828950968125,-16.445093443249107,-108.57658824597326,nan,nan,nan,-87.36339217954111
33,-87.51458568298798,1,32,12001,17000,csv,39.14818454258202,-16.958869280421823,-110.13492520434752,nan,nan,nan,-87.94560994218733
34,-88.15140477830963,1,33,12001,17000,csv,40.60573652614918,-17.472671760156004,-111.69458857040168,nan,nan,nan,-88.5615238044085
35,-88.78852402058381,1,34,12001,17000,csv,42.06328850971633,-17.986495132013488,-113.25550148831518,nan,nan,nan,-89.17870811061233
36,-89.42590334144627,1,35,12001,17000,csv,43.52084049328349,-18.50033489370378,-114.81759360055418,nan,nan,nan,-89.79708800097447
37,-90.06350974352674,1,36,12001,17000,csv,44.978392476850644,-19.014187563313726,-116.38080033447254,nan,nan,nan,-90.41659542093562
38,-90.70131610661028,1,37,12001,17000,csv,46.4359444604178,-19.52805037415169,-117.94506228661041,nan,nan,nan,-91.0371682003443
39,-91.33930031981647,1,38,12001,17000,csv,47.89349644398496,-20.04192118716503,-119.51032468092988,nan,nan,nan,-91.65874942410996
40,-91.97744445606311,1,39,12001,17000,csv,49.35104842755211,-20.55579831995385,-121.07653689724805,nan,nan,nan,-92.28128678964978
41,-92.61573413376243,1,40,12001,17000,csv,50.808600411119265,-21.069680462454585,-122.64365207783136,nan,nan,nan,-92.90473212916669
42,-93.25415790804328,1,41,12001,17000,csv,52.26615239468642,-21.58356657746367,-124.2116267431384,nan,nan,nan,-93.52904092591564
43,-93.8927068395546,1,42,12001,17000,csv,53.72370437825358,-22.097455878414166,-125.78042048381475,nan,nan,nan,-94.15417198397535
44,-94.53137404386959,1,43,12001,17000,csv,55.181256361820736,-22.61134772871958,-127.34999568852813,nan,nan,nan,-94.78008705542697
45,-95.17015434867224,1,44,12001,17000,csv,56.63880834538789,-23.12524163440105,-128.92031726610185,nan,nan,nan,-95.406750555115
46,-95.80904401936773,1,45,12001,17000,csv,58.09636032895505,-23.639137211236857,-130.49135244689737,nan,nan,nan,-96.03412932917917
47,-96.44804049991542,1,46,12001,17000,csv,59.55391231252221,-24.15303415699441,-132.06307058399088,nan,nan,nan,-96.66219242846307
48,-97.08714219968385,1,47,12001,17000,csv,61.011464296089365,-24.666932248967555,-133.6354429513336,nan,nan,nan,-97.29091090421178
49,-97.72634829495075,1,48,12001,17000,csv,62.46901627965651,-25.180831296810993,-135.208442603986,nan,nan,nan,-97.92025762114048
50,-98.36565859865108,1,49,12001,17000,csv,63.926568263223665,-25.694731145544097,-136.78204424494265,nan,nan,nan,-98.55020712726309
51,-99.00507343550952,1,50,12001,17000,csv,65.38412024679081,-26.208631705036623,-138.35622405626594,nan,nan,nan,-99.18073551451175
52,-99.644593487,1,51,12001,17000,csv,66.84167223035797,-26.72253286106286,-139.93095962379442,nan,nan,nan,-99.81182025449931
53,-100.28421978285631,1,52,12001,17000,csv,68.29922421392513,-27.236434575784642,-141.50622980973586,nan,nan,nan,-100.44344017159537
54,-100.92395351681579,1,53,12001,17000,csv,69.75677619749229,-27.750336769243972,-143.0820146602067,nan,nan,nan,-101.0755752319584
55,-101.56379607480925,1,54,12001,17000,csv,71.21432818105944,-28.26423940392533,-144.6582953286703,nan,nan,nan,-101.7082065515362
56,-102.20374892867532,1,55,12001,17000,csv,72.6718801646266,-28.778142453071723,-146.23505397064292,nan,nan,nan,-102.34131625908805
57,-102.8438136181127,1,56,12001,17000,csv,74.12943214819376,-29.292045890805184,-147.81227370842646,nan,nan,nan,-102.97488745103789
58,-103.48399169266872,1,57,12001,17000,csv,75.58698413176091,-29.805949702639168,-149.3899385291897,nan,nan,nan,-103.60890410006795
59,-104.12428467311132,1,58,12001,17000,csv,77.04453611532806,-30.319853858314445,-150.9680332464922,nan,nan,nan,-104.2433509894786
60,-104.7646940726963,1,59,12001,17000,csv,78.50208809889521,-30.833758355095256,-152.546543443837,nan,nan,nan,-104.87821370003705
61,-105.40522132267228,1,60,12001,17000,csv,79.95964008246237,-31.3476631717773,-154.1254554161656,nan,nan,nan,-105.51347850548053
62,-106.04586781539003,1,61,12001,17000,csv,81.41719206602953,-31.861568324140194,-155.70475612578437,nan,nan,nan,-106.14913238389504
63,-106.68663481244383,1,62,12001,17000,csv,82.87474404959669,-32.37547377936994,-157.28443316285393,nan,nan,nan,-106.78516289262718
64,-107.3275235269619,1,63,12001,17000,csv,84.33229603316384,-32.88937955359086,-158.86447470365383,nan,nan,nan,-107.42155822408084
65,-107.96853504707609,1,64,12001,17000,csv,85.789848016731,-33.40328564084007,-160.44486947102828,nan,nan,nan,-108.05830709513735
66,-108.60967035328147,1,65,12001,17000,csv,87.24740000029816,-33.9171920244014,-162.02560671247628,nan,nan,nan,-108.69539873657952
67,-109.25093032473045,1,66,12001,17000,csv,88.70495198386531,-34.43109870867261,-163.60667614716434,nan,nan,nan,-109.33282287197163
68,-109.8923157596648,1,67,12001,17000,csv,90.16250396743247,-34.94500570349328,-165.1880679731812,nan,nan,nan,-109.97056970924201
69,-110.53382729184545,1,68,12001,17000,csv,91.62005595099963,-35.45891299286541,-166.76977278742046,nan,nan,nan,-110.60862982928624
70,-111.17546549130311,1,69,12001,17000,csv,93.07760793456677,-35.972820575001606,-168.35178162271276,nan,nan,nan,-111.2469942631476
71,-111.81723081324365,1,70,12001,17000,csv,94.53515991813393,-36.48672846328873,-169.93408586904533,nan,nan,nan,-111.88565441420013
72,-112.45912359772852,1,71,12001,17000,csv,95.99271190170109,-37.00063663959395,-171.51667729729363,nan,nan,nan,-112.52460203518649
73,-113.10114410081312,1,72,12001,17000,csv,97.45026388526824,-37.51454511478164,-173.09954800638928,nan,nan,nan,-113.16382923590268
74,-113.74329247410041,1,73,12001,17000,csv,98.9078158688354,-38.02845388976357,-174.68269041862064,nan,nan,nan,-113.8033284395488
75,-114.38556878052951,1,74,12001,17000,csv,100.36536785240256,-38.5423629613299,-176.26609727054557,nan,nan,nan,-114.44309237947292
76,-115.02797298027399,1,75,12001,17000,csv,101.82291983596971,-39.05627232260963,-177.8497615766728,nan,nan,nan,-115.0831140633127
77,-115.67050497331442,1,76,12001,17000,csv,103.28047181953687,-39.570181982998974,-179.43367663454467,nan,nan,nan,-115.72338679800677
78,-116.3131645506901,1,77,12001,17000,csv,104.73802380310403,-40.08409193944294,-181.01783598408383,nan,nan,nan,-116.36390412042275
79,-116.95595145636115,1,78,12001,17000,csv,106.19557578667118,-40.59800219012891,-182.6022334411121,nan,nan,nan,-117.00465984456983
80,-117.59886533436008,1,79,12001,17000,csv,107.65312777023833,-41.11191273009672,-184.1868630293543,nan,nan,nan,-117.64564798921269
81,-118.24190578314767,1,80,12001,17000,csv,109.11067975380548,-41.625823573846446,-185.7717189981858,nan,nan,nan,-118.28686281822677
82,-118.88507232088374,1,81,12001,17000,csv,110.56823173737264,-42.13973470221481,-187.35679582582102,nan,nan,nan,-118.92829879066319
83,-119.52836443245214,1,82,12001,17000,csv,112.0257837209398,-42.65364614184978,-188.94208817231106,nan,nan,nan,-119.56995059322104
84,-120.17178150045031,1,83,12001,17000,csv,113.48333570450696,-43.167557861861496,-190.52759089979972,nan,nan,nan,-120.21181305715426
85,-120.81532290050153,1,84,12001,17000,csv,114.94088768807411,-43.68146988053218,-192.1132990492639,nan,nan,nan,-120.85388124172196
86,-121.45898793903135,1,85,12001,17000,csv,116.39843967164127,-44.19538219266519,-193.6992078376078,nan,nan,nan,-121.49615035863171
87,-122.10277587792615,1,86,12001,17000,csv,117.85599165520843,-44.70929479873462,-195.28531264226413,nan,nan,nan,-122.13861578579032
88,-122.7466859494999,1,87,12001,17000,csv,119.31354363877558,-45.22320770236615,-196.87160900777118,nan,nan,nan,-122.78127307136175
89,-123.3907173405812,1,88,12001,17000,csv,120.77109562234274,-45.73712090653612,-198.45809262271342,nan,nan,nan,-123.4241179069068
90,-124.03486918583336,1,89,12001,17000,csv,122.2286476059099,-46.251034393523696,-200.04475932303566,nan,nan,nan,-124.06714611064946
91,-124.6791406217018,1,90,12001,17000,csv,123.68619958947706,-46.76494817911589,-201.63160508367477,nan,nan,nan,-124.7103536733136
92,-125.32353074101712,1,91,12001,17000,csv,125.14375157304421,-47.278862266207625,-203.2186260088853,nan,nan,nan,-125.35373670204872
93,-125.96803858992106,1,92,12001,17000,csv,126.60130355661137,-47.79277663778976,-204.80581832887825,nan,nan,nan,-125.99729141005663
94,-126.61266322333299,1,93,12001,17000,csv,128.05885554017854,-48.306691307459914,-206.39317839714687,nan,nan,nan,-126.64101416442824
95,-127.25740366404773,1,94,12001,17000,csv,129.5164075237457,-48.820606274830425,-207.98070268538544,nan,nan,nan,-127.28490143647016
96,-127.90225890606384,1,95,12001,17000,csv,130.97395950731286,-49.334521535641215,-209.56838777036947,nan,nan,nan,-127.92894979869783
97,-128.54722793274482,1,96,12001,17000,csv,132.43151149087998,-49.848437092980475,-211.1562303340008,nan,nan,nan,-128.5731559361013
98,-129.19230971200793,1,97,12001,17000,csv,133.88906347444714,-50.362352938549975,-212.74422717086992,nan,nan,nan,-129.21751663497275
99,-129.83750320131946,1,98,12001,17000,csv,135.3466154580143,-50.87626907946856,-214.33237516008953,nan,nan,nan,-129.86202878154378
100,-130.48280735467938,1,99,12001,17000,csv,136.80416744158146,-51.390185520755495,-215.92067128447601,nan,nan,nan,-130.50668936365005
101,-131.12822109828923,1,100,12001,17000,csv,138.2617194251486,-51.90410225183177,-217.5091126135534,nan,nan,nan,-131.15149544023657
102,-131.7737433693482,1,101,12001,17000,csv,139.71927140871577,-52.41801928358905,-219.09769630121838,nan,nan,nan,-131.79644417609165
103,-132.41937307726096,1,102,12001,17000,csv,141.17682339228293,-52.931936602225505,-220.68641958713846,nan,nan,nan,-132.44153279708104
104,-133.06510915449417,1,103,12001,17000,csv,142.63437537585008,-53.44585422195428,-222.275279790942,nan,nan,nan,-133.0867586370462
105,-133.71095050468227,1,104,12001,17000,csv,144.09192735941724,-53.95977212843968,-223.86427431246318,nan,nan,nan,-133.73211908148562
106,-134.35689605310296,1,105,12001,17000,csv,145.5494793429844,-54.47369033998757,-225.45340061639018,nan,nan,nan,-134.37761161339336
107,-135.00294468884846,1,106,12001,17000,csv,147.00703132655156,-54.98760883717978,-227.04265624145432,nan,nan,nan,-135.02323375208255
108,-135.64909535116368,1,107,12001,17000,csv,148.4645833101187,-55.50152763860842,-228.63203880715903,nan,nan,nan,-135.66898313564874
109,-136.29534692546306,1,108,12001,17000,csv,149.92213529368587,-56.015446723954256,-230.2215459829792,nan,nan,nan,-136.31485741324758
110,-136.94169834662148,1,109,12001,17000,csv,151.37968727725303,-56.529366111263016,-231.8111755112581,nan,nan,nan,-136.9608543452681
111,-137.58814852275177,1,110,12001,17000,csv,152.83723926082018,-57.04328578969785,-233.40092519500266,nan,nan,nan,-137.60697172388032
112,-138.23469636798742,1,111,12001,17000,csv,154.29479124438734,-57.557205764482205,-234.9907928827101,nan,nan,nan,-138.25320740280497
113,-138.88134081292176,1,112,12001,17000,csv,155.7523432279545,-58.07112603187011,-236.5807765011801,nan,nan,nan,-138.89955930509572
114,-139.52808079394092,1,113,12001,17000,csv,157.20989521152165,-58.58504659774849,-238.17087402334522,nan,nan,nan,-139.54602540957205
115,-140.1749152332987,1,114,12001,17000,csv,158.6674471950888,-59.09896744756361,-239.7610834758116,nan,nan,nan,-140.1926037282864
116,-140.82184309190345,1,115,12001,17000,csv,160.12499917865597,-59.61288860623654,-241.35140292959795,nan,nan,nan,-140.83929235717852
117,-141.46886330286583,1,116,12001,17000,csv,161.58255116222313,-60.126810055061014,-242.94183051429576,nan,nan,nan,-141.48608940713365
118,-142.11597481719585,1,117,12001,17000,csv,163.04010314579025,-60.640731791493636,-244.532364401811,nan,nan,nan,-142.1329930475144
119,-142.76317661778614,1,118,12001,17000,csv,164.4976551293574,-61.15465383180026,-246.12300281604814,nan,nan,nan,-142.780001518491
120,-143.41046765087114,1,119,12001,17000,csv,165.95520711292457,-61.668576157837606,-247.71374401471996,nan,nan,nan,-143.427113059633
121,-144.0578469227438,1,120,12001,17000,csv,167.41275909649173,-62.18249878932738,-249.30458631307937,nan,nan,nan,-144.07432600591503
122,-144.70531339673528,1,121,12001,17000,csv,168.87031108005888,-62.69642170933298,-250.8955280527488,nan,nan,nan,-144.7216386820229
123,-145.35286607940452,1,122,12001,17000,csv,170.32786306362604,-63.21034491997307,-252.48656763116225,nan,nan,nan,-145.36904948750927
124,-146.00050398402416,1,123,12001,17000,csv,171.7854150471932,-63.72426843211451,-254.07770347330532,nan,nan,nan,-146.01655685822664
125,-146.64822612079777,1,124,12001,17000,csv,173.24296703076035,-64.23819223573128,-255.66893405049018,nan,nan,nan,-146.6641592554611
126,-147.29603151279113,1,125,12001,17000,csv,174.7005190143275,-64.75211633164508,-257.26025786282753,nan,nan,nan,-147.3118551801451
127,-147.94391920494655,1,126,12001,17000,csv,176.15807099789467,-65.26604072876307,-258.85167344981056,nan,nan,nan,-147.95964318067897
128,-148.59188822638262,1,127,12001,17000,csv,177.61562298146183,-65.77996541209677,-260.4431793833061,nan,nan,nan,-148.60752181394102
129,-149.23993765203127,1,128,12001,17000,csv,179.07317496502898,-66.29389039839293,-262.034774272434,nan,nan,nan,-149.25548970579794
130,-149.88806653202693,1,129,12001,17000,csv,180.53072694859614,-66.80781567140343,-263.6264567561368,nan,nan,nan,-149.9035454789441
131,-150.5362739525452,1,130,12001,17000,csv,181.9882789321633,-67.32174124335779,-265.2182255021808,nan,nan,nan,-150.5516878133753
132,-151.1845590053005,1,131,12001,17000,csv,183.44583091573045,-67.83566711724802,-266.8100792125639,nan,nan,nan,-151.19991541408146
133,-151.83292077451384,1,132,12001,17000,csv,184.9033828992976,-68.34959327231559,-268.40201662453717,nan,nan,nan,-151.84822699755514
134,-152.48135837561753,1,133,12001,17000,csv,186.36093488286477,-68.86351972922103,-269.9940364830031,nan,nan,nan,-152.49662132935933
135,-153.12987092670542,1,134,12001,17000,csv,187.81848686643193,-69.37744648005832,-271.58613758102575,nan,nan,nan,-153.14509719465215
136,-153.77845756163774,1,135,12001,17000,csv,189.27603884999908,-69.89137352939724,-273.17831873134025,nan,nan,nan,-153.79365341073841
137,-154.42711740913822,1,136,12001,17000,csv,190.73359083356624,-70.40530086485433,-274.7705787736501,nan,nan,nan,-154.44228880493816
138,-155.07584964214428,1,137,12001,17000,csv,192.1911428171334,-70.9192285087563,-276.3629165719871,nan,nan,nan,-155.09100226361002
139,-155.7246533852589,1,138,12001,17000,csv,193.64869480070053,-71.43315642615698,-277.9553310128586,nan,nan,nan,-155.73979263831507
140,-156.45823887216022,1,139,12001,17000,csv,195.0215357643064,-71.94708465559324,-279.5478210122105,nan,nan,nan,-156.47336990349731
141,-157.2285255995603,1,140,12001,17000,csv,196.35774536731543,-72.4610131741897,-281.1403855016257,nan,nan,nan,-157.24365330849997
142,-157.99888141364102,1,141,12001,17000,csv,197.69395497032448,-72.97494198494587,-282.7330234501628,nan,nan,nan,-158.0140104647842
143,-158.76930551394787,1,142,12001,17000,csv,199.0301645733335,-73.48887109614225,-284.3257338250585,nan,nan,nan,-158.78444034786722
144,-159.53979711010723,1,143,12001,17000,csv,200.36637417634256,-74.002800499984,-285.9185156310218,nan,nan,nan,-159.55494195466326
145,-160.31035542570146,1,144,12001,17000,csv,201.70258377935158,-74.5167301891579,-287.5113678964149,nan,nan,nan,-160.32551430622124
146,-161.08097971407415,1,145,12001,17000,csv,203.03879338236064,-75.0306601852958,-289.10428966003735,nan,nan,nan,-161.09615646297252
147,-161.85166920501334,1,146,12001,17000,csv,204.37500298536966,-75.54459047379623,-290.6972799826894,nan,nan,nan,-161.86686747111597
148,-162.622423158369,1,147,12001,17000,csv,205.7112125883787,-76.05852105310214,-292.29033795124445,nan,nan,nan,-162.6376464159679
149,-163.39324083326903,1,148,12001,17000,csv,207.04742219138774,-76.57245192521577,-293.8834626563901,nan,nan,nan,-163.40849239021816
150,-164.16412151671088,1,149,12001,17000,csv,208.38363179439676,-77.08638309529215,-295.4766532219651,nan,nan,nan,-164.17940452286047
151,-164.93506449350176,1,150,12001,17000,csv,209.71984139740582,-77.60031456151683,-297.0699087837467,nan,nan,nan,-164.95038194785772
152,-165.7060690580188,1,151,12001,17000,csv,211.05605100041484,-78.11424632114495,-298.6632284956091,nan,nan,nan,-165.72142381633918
153,-166.4771345062659,1,152,12001,17000,csv,212.3922606034239,-78.62817837105285,-300.25661152002976,nan,nan,nan,-166.49252928765873
154,-167.24826016972025,1,153,12001,17000,csv,213.72847020643292,-79.14211072410308,-301.85005704594283,nan,nan,nan,-167.263697563613
155,-168.01944535982648,1,154,12001,17000,csv,215.06467980944194,-79.6560433663526,-303.44356427478357,nan,nan,nan,-168.03492783169423
156,-168.79068941695138,1,155,12001,17000,csv,216.400889412451,-80.16997630679953,-305.03713242041005,nan,nan,nan,-168.80621931475858
157,-169.56199167809186,1,156,12001,17000,csv,217.73709901546002,-80.68390953291737,-306.6307607201883,nan,nan,nan,-169.57757123764563
158,-170.33335150981992,1,157,12001,17000,csv,219.07330861846907,-81.19784306176143,-308.22444841692476,nan,nan,nan,-170.34898286021712
159,-171.1047682573756,1,158,12001,17000,csv,220.4095182214781,-81.7117768794119,-309.8181947680646,nan,nan,nan,-171.1204534259984
160,-171.87624131123684,1,159,12001,17000,csv,221.74572782448715,-82.22571100619962,-311.4119990472086,nan,nan,nan,-171.89198222892108
161,-172.64777002771856,1,160,12001,17000,csv,223.08193742749617,-82.73964541201622,-313.0058605486877,nan,nan,nan,-172.66356853320772
162,-173.41935381317418,1,161,12001,17000,csv,224.4181470305052,-83.25358011705339,-314.5997785709912,nan,nan,nan,-173.43521165753938
163,-174.19099205901685,1,162,12001,17000,csv,225.75435663351425,-83.76751511853627,-316.19375242473217,nan,nan,nan,-174.20691090975419
164,-174.96268417391718,1,163,12001,17000,csv,227.09056623652327,-84.2814504121593,-317.7877814436319,nan,nan,nan,-174.97866561926793
165,-175.73442956034492,1,164,12001,17000,csv,228.42677583953233,-84.79538599662601,-319.3818649555222,nan,nan,nan,-175.75047511261587
166,-176.5062276622933,1,165,12001,17000,csv,229.76298544254135,-85.30932188641282,-320.9760023181527,nan,nan,nan,-176.5223387620242
167,-177.27807789362788,1,166,12001,17000,csv,231.09919504555037,-85.82325806197787,-322.5701928961889,nan,nan,nan,-177.29425591261642
168,-178.04997970261786,1,167,12001,17000,csv,232.43540464855943,-86.33719454125503,-324.16443605462723,nan,nan,nan,-178.06622594732283
169,-178.82193252832056,1,168,12001,17000,csv,233.77161425156845,-86.85113130461968,-325.7587311901197,nan,nan,nan,-178.83824824317094
170,-179.59393582837927,1,169,12001,17000,csv,235.1078238545775,-87.36506836833041,-327.35307768464355,nan,nan,nan,-179.61032219839646
171,-180.36598906860092,1,170,12001,17000,csv,236.44403345758653,-87.87900572399167,-328.94747495618986,nan,nan,nan,-180.382447222595
172,-181.13809172291386,1,171,12001,17000,csv,237.78024306059558,-88.39294337824958,-330.54192241834033,nan,nan,nan,-181.15462273599434
173,-181.91024326239827,1,172,12001,17000,csv,239.1164526636046,-88.90688132810601,-332.1364194938466,nan,nan,nan,-181.92684815834798
174,-182.6824431711248,1,173,12001,17000,csv,240.45266226661363,-89.42081957147047,-333.73096562039655,nan,nan,nan,-182.6991229252534
175,-183.4546909501838,1,174,12001,17000,csv,241.78887186962268,-89.93475810720292,-335.3255602539323,nan,nan,nan,-183.47144649151252
176,-184.22698608737414,1,175,12001,17000,csv,243.1250814726317,-90.44869693584678,-336.92020283726544,nan,nan,nan,-184.2438183004805
177,-184.99932809953586,1,176,12001,17000,csv,244.46129107564076,-90.96263606404455,-338.514892838791,nan,nan,nan,-185.0162378271948
178,-185.77171649323404,1,177,12001,17000,csv,245.79750067864978,-91.47657547911558,-340.10962973767454,nan,nan,nan,-185.78870453814034
179,-186.54415080394168,1,178,12001,17000,csv,247.13371028165884,-91.99051519783961,-341.704413014627,nan,nan,nan,-186.56121793080777
180,-187.31663054314987,1,179,12001,17000,csv,248.46991988466786,-92.50445520571839,-343.2992421590107,nan,nan,nan,-187.33377748006123
181,-188.08915525792065,1,180,12001,17000,csv,249.80612948767688,-93.0183955129005,-344.8941166734615,nan,nan,nan,-188.1063826986851
182,-188.86172447914961,1,181,12001,17000,csv,251.14233909068594,-93.53233610997495,-346.489036065269,nan,nan,nan,-188.879033084558
183,-189.63433775434973,1,182,12001,17000,csv,252.47854869369496,-94.04627700147012,-348.08399984601107,nan,nan,nan,-189.65172815378622
184,-190.40699464639238,1,183,12001,17000,csv,253.814758296704,-94.56021818874615,-349.6790075474977,nan,nan,nan,-190.42446743953982
185,-191.1796947142918,1,184,12001,17000,csv,255.15096789971304,-95.07415967172255,-351.2740587002751,nan,nan,nan,-191.1972504722846
186,-191.95243751944537,1,185,12001,17000,csv,256.4871775027221,-95.5881014525662,-352.8691528364868,nan,nan,nan,-191.97007678633094
187,-192.72522263068004,1,186,12001,17000,csv,257.8233871057311,-96.10204351611901,-354.46428951440816,nan,nan,nan,-192.74294592479606
188,-193.49804964252291,1,187,12001,17000,csv,259.15959670874014,-96.61598588766765,-356.05946827864875,nan,nan,nan,-193.51585745757626
189,-194.2709181263146,1,188,12001,17000,csv,260.4958063117492,-97.12992854868799,-357.65468869576335,nan,nan,nan,-194.28881093270212
190,-195.0438276672323,1,189,12001,17000,csv,261.83201591475824,-97.64387149951426,-359.24995032821107,nan,nan,nan,-195.0618059129671
191,-195.81677788824095,1,190,12001,17000,csv,263.16822551776727,-98.1578147612563,-360.8452527568416,nan,nan,nan,-195.83484200033064
192,-196.5897683570315,1,191,12001,17000,csv,264.5044351207763,-98.67175829957387,-362.440595563217,nan,nan,nan,-196.6079187420146
193,-197.36279870066977,1,192,12001,17000,csv,265.8406447237854,-99.18570213897601,-364.03597833089555,nan,nan,nan,-197.38103574608618
194,-198.13586852564725,1,193,12001,17000,csv,267.1768543267944,-99.69964627507079,-365.63140065222615,nan,nan,nan,-198.15419260050254
195,-198.9089774526415,1,194,12001,17000,csv,268.5130639298034,-100.21359070318294,-367.2268621352846,nan,nan,nan,-198.9273889086641
196,-199.68212510749484,1,195,12001,17000,csv,269.84927353281245,-100.72753542846749,-368.8223623840707,nan,nan,nan,-199.70062427972573
197,-200.45531111248746,1,196,12001,17000,csv,271.1854831358215,-101.24148044484627,-370.41790101108035,nan,nan,nan,-200.4738983201051
198,-201.2285351017529,1,197,12001,17000,csv,272.52169273883055,-101.75542575652571,-372.01347763119963,nan,nan,nan,-201.2472106488948
199,-202.00179672532693,1,198,12001,17000,csv,273.8579023418396,-102.26937136648712,-373.6090918772188,nan,nan,nan,-202.02056090186636
200,-202.7750956061779,1,199,12001,17000,csv,275.1941119448486,-102.78331726312672,-375.2047433697824,nan,nan,nan,-202.79394868806054
201,-203.54843141346282,1,200,12001,17000,csv,276.5303215478576,-103.297263465176,-376.8004317465788,nan,nan,nan,-203.56737366389717
202,-204.32180378557038,1,201,12001,17000,csv,277.8665311508667,-103.81120995466108,-378.39615665133823,nan,nan,nan,-204.3408354551326
203,-205.09521239497874,1,202,12001,17000,csv,279.20274075387573,-104.3251567455086,-379.9919177309998,nan,nan,nan,-205.11433372263264
204,-205.86865689373892,1,203,12001,17000,csv,280.53895035688475,-104.83910383092461,-381.58771463299144,nan,nan,nan,-205.8878681070313
205,-206.64213694135856,1,204,12001,17000,csv,281.8751599598938,-105.3530511983331,-383.18354701873915,nan,nan,nan,-206.66143825717847
206,-207.41565222499352,1,205,12001,17000,csv,283.2113695629028,-105.86699886792985,-384.7794145450351,nan,nan,nan,-207.43504385006213
207,-208.1892024223751,1,206,12001,17000,csv,284.5475791659119,-106.38094683913278,-386.37531688043845,nan,nan,nan,-208.20868455365934
208,-208.96278719917836,1,207,12001,17000,csv,285.8837887689209,-106.89489509571149,-387.97125369759436,nan,nan,nan,-208.98236002438495
209,-209.73640624957,1,208,12001,17000,csv,287.21999837192993,-107.40884364852673,-389.56722467102037,nan,nan,nan,-209.75606994761716
210,-210.51005926616247,1,209,12001,17000,csv,288.55620797493896,-107.92279250466254,-391.16322947767486,nan,nan,nan,-210.52981400739844
211,-211.28374591999818,1,210,12001,17000,csv,289.89241757794804,-108.4367416392447,-392.75926780568295,nan,nan,nan,-211.30359186697962
212,-212.0574659401607,1,211,12001,17000,csv,291.22862718095706,-108.95069108179541,-394.35533934702306,nan,nan,nan,-212.0774032478614
213,-212.8312190111376,1,212,12001,17000,csv,292.5648367839661,-109.46464081534987,-395.9514437956814,nan,nan,nan,-212.8512478270652
214,-213.6050048336792,1,213,12001,17000,csv,293.9010463869751,-109.97859084491438,-397.5475808405147,nan,nan,nan,-213.62512529845395
215,-214.37882311587362,1,214,12001,17000,csv,295.23725598998413,-110.49254116057045,-399.14375019313246,nan,nan,nan,-214.39903536371878
216,-215.15267358809692,1,215,12001,17000,csv,296.5734655929932,-111.00649178053482,-400.73995155942646,nan,nan,nan,-215.17297774696806
217,-215.9265559588422,1,216,12001,17000,csv,297.90967519600224,-111.52044269758335,-402.33618464880504,nan,nan,nan,-215.94695215038615
218,-216.70046992564704,1,217,12001,17000,csv,299.24588479901126,-112.03439389502455,-403.93244917006547,nan,nan,nan,-216.72095826607875
219,-217.47441525250744,1,218,12001,17000,csv,300.5820944020203,-112.54834540061847,-405.52874485421825,nan,nan,nan,-217.49499585281643
220,-218.24839163818743,1,219,12001,17000,csv,301.9183040050293,-113.06229719585917,-407.1250714128883,nan,nan,nan,-218.26906460371816
221,-219.02239881929185,1,220,12001,17000,csv,303.2545136080384,-113.57624928944506,-408.7214285693472,nan,nan,nan,-219.04316425075388
222,-219.79643653261687,1,221,12001,17000,csv,304.5907232110474,-114.09020167175458,-410.31781606543194,nan,nan,nan,-219.8172945261391
223,-220.570504522556,1,222,12001,17000,csv,305.92693281405644,-114.60415435551567,-411.9142336282224,nan,nan,nan,-220.59145516968164
224,-221.34460251126293,1,223,12001,17000,csv,307.26314241706547,-115.11810732301228,-413.51068099322254,nan,nan,nan,-221.36564589916935
225,-222.11873026536682,1,224,12001,17000,csv,308.5993520200745,-115.63206059673394,-415.1071579007288,nan,nan,nan,-222.13986647738824
226,-222.8928875238783,1,225,12001,17000,csv,309.9355616230836,-116.14601416215373,-416.7036641003307,nan,nan,nan,-222.91411663940085
227,-223.66707402662627,1,226,12001,17000,csv,311.2717712260926,-116.65996801875599,-418.30019932860097,nan,nan,nan,-223.68839612126436
228,-224.44128953579425,1,227,12001,17000,csv,312.6079808291016,-117.17392216246435,-419.89676334865413,nan,nan,nan,-224.46270468201686
229,-225.21553382542652,1,228,12001,17000,csv,313.94419043211064,-117.68787661761962,-421.493355906464,nan,nan,nan,-225.23704209197297
230,-225.98980662458672,1,229,12001,17000,csv,315.2804000351197,-118.20183135244179,-423.0899767597885,nan,nan,nan,-226.01140807711056
231,-226.7641077282313,1,230,12001,17000,csv,316.61660963812875,-118.71578640090684,-424.68662566685333,nan,nan,nan,-226.78580242963142
232,-227.5384368755305,1,231,12001,17000,csv,317.9528192411378,-119.2297417299933,-426.28330239658357,nan,nan,nan,-227.56022488543908
233,-228.31279384490955,1,232,12001,17000,csv,319.2890288441468,-119.74369735271102,-427.88000671202195,nan,nan,nan,-228.33467522058618
234,-229.08717841184847,1,233,12001,17000,csv,320.6252384471558,-120.25765327150748,-429.4767383833599,nan,nan,nan,-229.10915320771153
235,-229.8615903551419,1,234,12001,17000,csv,321.9614480501649,-120.77160948854998,-431.07349718489763,nan,nan,nan,-229.8836586232827
236,-230.63602944231164,1,235,12001,17000,csv,323.2976576531739,-121.28556600127877,-432.67028288399536,nan,nan,nan,-230.6581912321002
237,-231.41049545477475,1,236,12001,17000,csv,324.63386725618295,-121.7995228049108,-434.26709526501077,nan,nan,nan,-231.4327508137386
238,-232.1849881805006,1,237,12001,17000,csv,325.970076859192,-122.31347990276527,-435.86393411028865,nan,nan,nan,-232.20733715386194
239,-232.9595073992616,1,238,12001,17000,csv,327.306286462201,-122.82743729506683,-437.46079919732284,nan,nan,nan,-232.98195003018867
240,-233.73405291071566,1,239,12001,17000,csv,328.6424960652101,-123.34139499082858,-439.05769031477837,nan,nan,nan,-233.75658924039686
241,-234.50862449187184,1,240,12001,17000,csv,329.9787056682191,-123.85535297350452,-440.6546072543721,nan,nan,nan,-234.5312545596575
242,-235.28322193722457,1,241,12001,17000,csv,331.31491527122813,-124.36931124653574,-442.25154980548984,nan,nan,nan,-235.30594578079746
243,-236.057845055843,1,242,12001,17000,csv,332.65112487423715,-124.88326982736862,-443.8485177579102,nan,nan,nan,-236.08066271104167
244,-236.8324936261581,1,243,12001,17000,csv,333.9873344772462,-125.39722869184925,-445.44551091262997,nan,nan,nan,-236.85540512723304
245,-237.60716746065737,1,244,12001,17000,csv,335.32354408025526,-125.91118785218168,-447.0425290685502,nan,nan,nan,-237.63017284047663
246,-238.38186636677784,1,245,12001,17000,csv,336.6597536832643,-126.42514731199299,-448.6395720280156,nan,nan,nan,-238.4049656567443
247,-239.1565901378089,1,246,12001,17000,csv,337.9959632862733,-126.93910706227553,-450.2366395916454,nan,nan,nan,-239.17978336764764
248,-239.93133858618359,1,247,12001,17000,csv,339.33217288928233,-127.45306710722753,-451.8337315666399,nan,nan,nan,-239.95462578458512
249,-240.70611152723657,1,248,12001,17000,csv,340.6683824922914,-127.96702744960794,-453.4308477643783,nan,nan,nan,-240.72949272169484
250,-241.4809087696493,1,249,12001,17000,csv,342.00459209530044,-128.48098808875693,-455.0279879926836,nan,nan,nan,-241.5043839861401
251,-242.25573011442808,1,250,12001,17000,csv,343.34080169830946,-128.99494901207981,-456.62515206424456,nan,nan,nan,-242.2792993780149
252,-243.03057540512756,1,251,12001,17000,csv,344.6770113013185,-129.50891024152224,-458.222339799703,nan,nan,nan,-243.05423873990674
253,-243.80544442860153,1,252,12001,17000,csv,346.0132209043275,-130.02287175486254,-459.8195510065916,nan,nan,nan,-243.82920185712663
254,-244.58033703515102,1,253,12001,17000,csv,347.3494305073366,-130.53683357490354,-461.4167855120538,nan,nan,nan,-244.60418857962077
255,-245.35525303035774,1,254,12001,17000,csv,348.6856401103456,-131.05079568548126,-463.014043136476,nan,nan,nan,-245.37919871161165
256,-246.13019224257368,1,255,12001,17000,csv,350.02184971335464,-131.5647580892487,-464.6113237047794,nan,nan,nan,-246.15423208067347
257,-246.90515448829098,1,256,12001,17000,csv,351.35805931636366,-132.07872077730008,-466.20862704162005,nan,nan,nan,-246.92928850255646
258,-247.6801396268996,1,257,12001,17000,csv,352.6942689193727,-132.5926837804168,-467.80595297468585,nan,nan,nan,-247.70436783572995
259,-248.45514745004002,1,258,12001,17000,csv,354.03047852238177,-133.10664706326315,-469.40330132995933,nan,nan,nan,-248.47946987084072
260,-249.2301778212144,1,259,12001,17000,csv,355.3666881253908,-133.62061065335365,-471.00067194314244,nan,nan,nan,-249.2545944711053
261,-250.00523054844993,1,260,12001,17000,csv,356.7028977283998,-134.13457452232797,-472.598064649608,nan,nan,nan,-250.02974144353612
262,-250.7803054942851,1,261,12001,17000,csv,358.03910733140884,-134.6485386990953,-474.1954792824493,nan,nan,nan,-250.80491065013575
263,-251.55540248236872,1,262,12001,17000,csv,359.37531693441787,-135.1625031669737,-475.7929156813044,nan,nan,nan,-251.58010191386023
264,-252.3305213409289,1,263,12001,17000,csv,360.71152653742695,-135.67646791993775,-477.39037367971173,nan,nan,nan,-252.35531506222253
265,-253.10566194254162,1,264,12001,17000,csv,362.047736140436,-136.19043298064935,-478.9878531274344,nan,nan,nan,-253.13054996764777
266,-253.88082411521287,1,265,12001,17000,csv,363.383945743445,-136.7043983386675,-480.58535386174765,nan,nan,nan,-253.90580645697014
267,-254.6560076855547,1,266,12001,17000,csv,364.720155346454,-137.21836397595416,-482.18287572712893,nan,nan,nan,-254.68108435662907
268,-255.4312125304865,1,267,12001,17000,csv,366.0563649494631,-137.73232992187377,-483.7804185707909,nan,nan,nan,-255.45638354320158
269,-256.2064384748173,1,268,12001,17000,csv,367.3925745524721,-138.2462961494989,-485.37798224361046,nan,nan,nan,-256.23170384063724
270,-256.9816853887645,1,269,12001,17000,csv,368.72878415548115,-138.76026268416445,-486.9755665903416,nan,nan,nan,-257.0070451190249
271,-257.7569531097367,1,270,12001,17000,csv,370.0649937584902,-139.27422950684013,-488.5731714667197,nan,nan,nan,-257.78240721506967
272,-258.5322414956415,1,271,12001,17000,csv,371.4012033614992,-139.78819662364504,-490.17079672435204,nan,nan,nan,-258.5577899864979
273,-259.30755039407705,1,272,12001,17000,csv,372.7374129645083,-140.30216402780115,-491.7684422171223,nan,nan,nan,-259.3331932804152
274,-260.08287968748203,1,273,12001,17000,csv,374.0736225675173,-140.81613174421636,-493.36610780225254,nan,nan,nan,-260.1086169789516
275,-260.8582292069975,1,274,12001,17000,csv,375.40983217052633,-141.33009974711103,-494.9637933360102,nan,nan,nan,-260.8840609125949
276,-261.6335988164827,1,275,12001,17000,csv,376.74604177353535,-141.84406804137052,-496.56149867750196,nan,nan,nan,-261.6595249453371
277,-262.4089883917105,1,276,12001,17000,csv,378.0822513765444,-142.35803663651404,-498.159223692489,nan,nan,nan,-262.43500895245865
278,-263.18439777661234,1,277,12001,17000,csv,379.41846097955346,-142.8720055183685,-499.75696823841736,nan,nan,nan,-263.2105127772324
279,-263.9598268515338,1,278,12001,17000,csv,380.7546705825625,-143.38597470377726,-501.3547321790259,nan,nan,nan,-263.9860363002407
280,-264.73527547379683,1,279,12001,17000,csv,382.0908801855715,-143.89994418100287,-502.95251538285675,nan,nan,nan,-264.7615793782881
281,-265.51074350563505,1,280,12001,17000,csv,383.42708978858053,-144.4139139480094,-504.5503177137233,nan,nan,nan,-265.53714187315217
282,-266.28623083023484,1,281,12001,17000,csv,384.76329939158956,-144.92788401708822,-506.14813904269613,nan,nan,nan,-266.3127236681948
283,-267.06173729342305,1,282,12001,17000,csv,386.09950899459864,-145.44185437252054,-507.7459792305526,nan,nan,nan,-267.0883246084745
284,-267.83726279974775,1,283,12001,17000,csv,387.43571859760766,-145.95582503530431,-509.34383816130185,nan,nan,nan,-267.8639445989985
285,-268.61280718570424,1,284,12001,17000,csv,388.7719282006167,-146.4697959806922,-510.9417156951149,nan,nan,nan,-268.6395834751904
286,-269.3883703444678,1,285,12001,17000,csv,390.1081378036257,-146.9837672218123,-512.5396117126379,nan,nan,nan,-269.4152411308245
287,-270.1639521579127,1,286,12001,17000,csv,391.4443474066348,-147.4977387643039,-514.1375260894587,nan,nan,nan,-270.1909174471278
288,-270.9395524889497,1,287,12001,17000,csv,392.7805570096438,-148.01171059635772,-515.7354587001511,nan,nan,nan,-270.966612286865
289,-271.71517121355953,1,288,12001,17000,csv,394.11676661265284,-148.5256827215876,-517.3334094169627,nan,nan,nan,-271.74232552589746
290,-272.4908082230339,1,289,12001,17000,csv,395.45297621566186,-149.03965514639003,-518.9313781246439,nan,nan,nan,-272.518057055372
291,-273.2664633907199,1,290,12001,17000,csv,396.7891858186709,-149.5536278667082,-520.5293647003634,nan,nan,nan,-273.29380674840075
292,-274.04213659530365,1,291,12001,17000,csv,398.12539542167997,-150.06760087671182,-522.1273690285722,nan,nan,nan,-274.069574483604
293,-274.81782772266985,1,292,12001,17000,csv,399.461605024689,-150.5815741850215,-523.7253909863276,nan,nan,nan,-274.84536014666014
294,-275.5935366551345,1,293,12001,17000,csv,400.797814627698,-151.09554778383972,-525.3234304635679,nan,nan,nan,-275.6211636197096
295,-276.3692632763381,1,294,12001,17000,csv,402.13402423070704,-151.6095216793301,-526.9214873377175,nan,nan,nan,-276.39698478634057
296,-277.1450074771705,1,295,12001,17000,csv,403.47023383371607,-152.1234958715645,-528.5195614993743,nan,nan,nan,-277.1728235372227
297,-277.9207691414223,1,296,12001,17000,csv,404.80644343672515,-152.63747036050063,-530.117652832318,nan,nan,nan,-277.94867975609344
298,-278.6965481518852,1,297,12001,17000,csv,406.14265303973417,-153.15144513688256,-531.7157612284809,nan,nan,nan,-278.7245533256293
299,-279.47234441121174,1,298,12001,17000,csv,407.4788626427432,-153.66542021507303,-533.3138865760527,nan,nan,nan,-279.50044414838254
300,-280.24815779784996,1,299,12001,17000,csv,408.8150722457522,-154.1793955846233,-534.9120287637303,nan,nan,nan,-280.2763521026014
301,-281.0239882105584,1,300,12001,17000,csv,410.15128184876124,-154.69337125079255,-536.510187684976,nan,nan,nan,-281.0522770870073
302,-281.79983552421254,1,301,12001,17000,csv,411.4874914517703,-155.20734720192831,-538.1083632261756,nan,nan,nan,-281.8282189763336
303,-282.5756996653871,1,302,12001,17000,csv,412.82370105477935,-155.7213234624105,-539.7065552897367,nan,nan,nan,-282.60417769736785
304,-283.3515805011344,1,303,12001,17000,csv,414.1599106577884,-156.2353000082112,-541.3047637661514,nan,nan,nan,-283.3801531165742
305,-284.1274779436986,1,304,12001,17000,csv,415.4961202607974,-156.74927685548846,-542.9029885517493,nan,nan,nan,-284.1561451464404
306,-284.903391875968,1,305,12001,17000,csv,416.8323298638065,-157.26325398853533,-544.5012295449739,nan,nan,nan,-284.9321536697027
307,-285.67932220832284,1,306,12001,17000,csv,418.1685394668155,-157.77723142878222,-546.0994866346018,nan,nan,nan,-285.70817859656853
308,-286.4552688185511,1,307,12001,17000,csv,419.5047490698245,-158.2912091464059,-547.6977597282936,nan,nan,nan,-286.48421980487495
309,-287.2312316378991,1,308,12001,17000,csv,420.84095867283355,-158.80518717674386,-549.2960487220315,nan,nan,nan,-287.2602772259418
310,-288.0072105459818,1,309,12001,17000,csv,422.1771682758426,-159.31916549419566,-550.8943535206303,nan,nan,nan,-288.03635073898334
311,-288.78320543733844,1,310,12001,17000,csv,423.51337787885166,-159.83314409942886,-552.4926740179542,nan,nan,nan,-288.8124402385314
312,-289.5592162306098,1,311,12001,17000,csv,424.8495874818607,-160.34712300257524,-554.0910101228246,nan,nan,nan,-289.5885456435392
313,-290.3352428376365,1,312,12001,17000,csv,426.1857970848697,-160.8611022137311,-555.6893617365754,nan,nan,nan,-290.3646668654368
314,-291.1112851324397,1,313,12001,17000,csv,427.52200668787873,-161.37508170311958,-557.2877287628638,nan,nan,nan,-291.14080377810467
315,-291.88734303598164,1,314,12001,17000,csv,428.85821629088775,-161.8890614896336,-558.8861111040575,nan,nan,nan,-291.9169563028033
316,-292.6634164684328,1,315,12001,17000,csv,430.19442589389683,-162.4030415797297,-560.484508673757,nan,nan,nan,-292.69312435958983
317,-293.4395053096217,1,316,12001,17000,csv,431.53063549690586,-162.91702195301878,-562.0829213717128,nan,nan,nan,-293.46930782782573
318,-294.21560949940033,1,317,12001,17000,csv,432.8668450999149,-163.43100263542783,-563.6813491124893,nan,nan,nan,-294.2455066480023
319,-294.9917289095488,1,318,12001,17000,csv,434.2030547029239,-163.94498359900626,-565.2797917950288,nan,nan,nan,-295.02172069111117
320,-295.76786348125916,1,319,12001,17000,csv,435.539264305933,-164.45896486821675,-566.878249336718,nan,nan,nan,-295.79794989900176
321,-296.5440131021698,1,320,12001,17000,csv,436.875473908942,-164.97294641946337,-568.476721648344,nan,nan,nan,-296.57419415886534
322,-297.3201776985889,1,321,12001,17000,csv,438.21168351195104,-165.4869282756481,-570.075208633249,nan,nan,nan,-297.350453396946
323,-298.09635717379956,1,322,12001,17000,csv,439.54789311496006,-166.00091042093027,-571.6737102106815,nan,nan,nan,-298.1267275166517
324,-298.8725514465623,1,323,12001,17000,csv,440.8841027179691,-166.51489286129345,-573.2722262934684,nan,nan,nan,-298.90301643679277
325,-299.64876043264627,1,324,12001,17000,csv,442.22031232097817,-167.02887560132694,-574.870756792579,nan,nan,nan,-299.67932007292774
326,-300.4249840387852,1,325,12001,17000,csv,443.5565219239872,-167.54285863399127,-576.4693016216944,nan,nan,nan,-300.4556383316985
327,-301.20122217752333,1,326,12001,17000,csv,444.8927315269962,-168.05684195636968,-578.0678606964057,nan,nan,nan,-301.2319711257791
328,-301.9774747741808,1,327,12001,17000,csv,446.22894113000524,-168.5708255771251,-579.6664339334358,nan,nan,nan,-302.00831838055564
329,-302.753741752285,1,328,12001,17000,csv,447.56515073301426,-169.08480950247667,-581.2650212498629,nan,nan,nan,-302.7846800193253
330,-303.530023008121,1,329,12001,17000,csv,448.90136033602334,-169.59879371198076,-582.8636225623505,nan,nan,nan,-303.56105593830796
331,-304.3063184676047,1,330,12001,17000,csv,450.23756993903237,-170.1127782161957,-584.4622377863927,nan,nan,nan,-304.33744606355606
332,-305.0826280548784,1,331,12001,17000,csv,451.5737795420414,-170.62676301499232,-586.0608668463153,nan,nan,nan,-305.11385031926625
333,-305.8589516901086,1,332,12001,17000,csv,452.9099891450504,-171.14074811191222,-587.6595096584147,nan,nan,nan,-305.89026862527646
334,-306.63528928901883,1,333,12001,17000,csv,454.24619874805944,-171.6547334994093,-589.2581661463472,nan,nan,nan,-306.66670089769707
335,-307.4116407690652,1,334,12001,17000,csv,455.5824083510685,-172.16871918023207,-590.8568362242918,nan,nan,nan,-307.44314705345533
336,-308.1880060624283,1,335,12001,17000,csv,456.91861795407755,-172.682705161571,-592.4555198177293,nan,nan,nan,-308.21960702522273
337,-308.9643850821453,1,336,12001,17000,csv,458.25482755708657,-173.19669143345163,-594.0542168493047,nan,nan,nan,-308.99608072566974
338,-309.7407777669646,1,337,12001,17000,csv,459.5910371600956,-173.7106780076174,-595.6529272461954,nan,nan,nan,-309.7725680937172
339,-310.5171840128306,1,338,12001,17000,csv,460.9272467631047,-174.22466486754365,-597.2516509206073,nan,nan,nan,-310.54906902504626
340,-311.2936037683714,1,339,12001,17000,csv,462.2634563661137,-174.73865202286652,-598.8503878120993,nan,nan,nan,-311.3255834688521
341,-312.0700369514026,1,340,12001,17000,csv,463.5996659691227,-175.25263947810254,-600.4491378331614,nan,nan,nan,-312.10211134214126
342,-312.84648347865146,1,341,12001,17000,csv,464.93587557213175,-175.76662722001674,-602.0479009142382,nan,nan,nan,-312.8786525621232
343,-313.6229432925326,1,342,12001,17000,csv,466.2720851751408,-176.2806152673511,-603.6466769788868,nan,nan,nan,-313.65520707109715
344,-314.3994163082767,1,343,12001,17000,csv,467.60829477814985,-176.79460360054964,-605.2454659619382,nan,nan,nan,-314.43177478433796
345,-315.175902467211,1,344,12001,17000,csv,468.9445043811589,-177.30859223701464,-606.8442677873658,nan,nan,nan,-315.2083556432215
346,-315.95240167474583,1,345,12001,17000,csv,470.2807139841679,-177.82258116112826,-608.4430823757049,nan,nan,nan,-315.9849495526652
347,-316.72891387919856,1,346,12001,17000,csv,471.6169235871769,-178.33657038393903,-610.0419096649339,nan,nan,nan,-316.761556461696
348,-317.50543899024063,1,347,12001,17000,csv,472.95313319018595,-178.8505598892234,-611.6407495802924,nan,nan,nan,-317.5381762793299
349,-318.2819769734628,1,348,12001,17000,csv,474.28934279319503,-179.36454970717114,-613.2396020578545,nan,nan,nan,-318.31480897183064
350,-319.058527716,1,349,12001,17000,csv,475.62555239620406,-179.87853980455293,-614.8384670170556,nan,nan,nan,-319.09145442540444
351,-319.8350911946066,1,350,12001,17000,csv,476.9617619992131,-180.39253021660352,-616.4373444004034,nan,nan,nan,-319.8681126177938
352,-320.61166729702103,1,351,12001,17000,csv,478.2979716022221,-180.9065209081682,-618.036234129888,nan,nan,nan,-320.64478343583414
353,-321.3882559741936,1,352,12001,17000,csv,479.63418120523113,-181.42051189233825,-619.635136144026,nan,nan,nan,-321.4214668311331
354,-322.16485716493526,1,353,12001,17000,csv,480.9703908082402,-181.934503174748,-621.2340503757797,nan,nan,nan,-322.1981627422875
355,-322.94147080330913,1,354,12001,17000,csv,482.30660041124924,-182.44849475722003,-622.832976757366,nan,nan,nan,-322.97487110333685
356,-323.7180968044783,1,355,12001,17000,csv,483.64281001425826,-182.96248662366634,-624.4319152196925,nan,nan,nan,-323.7515918291006
357,-324.4947351258992,1,356,12001,17000,csv,484.9790196172673,-183.47647879504893,-626.0308656998566,nan,nan,nan,-324.5283248776382
358,-325.2713856969502,1,357,12001,17000,csv,486.31522922027636,-183.99047126040568,-627.6298281379142,nan,nan,nan,-325.3050701780435
359,-326.04804843704386,1,358,12001,17000,csv,487.6514388232854,-184.50446401245972,-629.2288024602065,nan,nan,nan,-326.0818276493808
360,-326.82472330926237,1,359,12001,17000,csv,488.9876484262944,-185.01845707076427,-630.8277886110703,nan,nan,nan,-326.8585972555402
361,-327.6014102188189,1,360,12001,17000,csv,490.32385802930344,-185.53245041258378,-632.4267865173686,nan,nan,nan,-327.6353789006489
362,-328.3781091251317,1,361,12001,17000,csv,491.66006763231246,-186.0464440492542,-634.025796128277,nan,nan,nan,-328.4121725452187
363,-329.15481997113613,1,362,12001,17000,csv,492.99627723532154,-186.56043798977953,-635.6248173771348,nan,nan,nan,-329.1889781315928
364,-329.93154267996374,1,363,12001,17000,csv,494.33248683833057,-187.0744322240389,-637.2238501970576,nan,nan,nan,-329.9657955827659
365,-330.70827717946224,1,364,12001,17000,csv,495.6686964413396,-187.58842674219704,-638.8228945258021,nan,nan,nan,-330.74262482665955
366,-331.48502344924634,1,365,12001,17000,csv,497.0049060443486,-188.10242157192897,-640.4219503160095,nan,nan,nan,-331.5194658435899
367,-332.26178138186265,1,366,12001,17000,csv,498.34111564735764,-188.61641667529148,-642.0210174970857,nan,nan,nan,-332.29631852501956
368,-333.0385509577458,1,367,12001,17000,csv,499.6773252503667,-189.13041209549374,-643.6200960069561,nan,nan,nan,-333.07318285208316
369,-333.81533207826686,1,368,12001,17000,csv,501.01353485337575,-189.64440779284178,-645.2191857862041,nan,nan,nan,-333.8500587256701
370,-334.5921247216811,1,369,12001,17000,csv,502.34974445638477,-190.15840379293513,-646.8182867883354,nan,nan,nan,-334.62694612488576
371,-335.36892881389974,1,370,12001,17000,csv,503.6859540593938,-190.6724000896793,-648.4173989443664,nan,nan,nan,-335.40384497465186
372,-336.1457442858891,1,371,12001,17000,csv,505.0221636624028,-191.1863966740375,-650.0165221946052,nan,nan,nan,-336.18075520623984
373,-336.9225710975958,1,372,12001,17000,csv,506.3583732654119,-191.70039355988865,-651.6156564854882,nan,nan,nan,-336.95767677996497
374,-337.69940917912146,1,373,12001,17000,csv,507.6945828684209,-192.2143907328791,-653.2148017610652,nan,nan,nan,-337.73460962552343
375,-338.47625848935917,1,374,12001,17000,csv,509.03079247142995,-192.7283882109632,-654.8139579625364,nan,nan,nan,-338.51155370206965
376,-339.25311895142,1,375,12001,17000,csv,510.367002074439,-193.24238597357544,-656.4131250331792,nan,nan,nan,-339.28850893231566
377,-340.02999053233015,1,376,12001,17000,csv,511.70321167744805,-193.75638403812445,-658.012302923272,nan,nan,nan,-340.06547528394844
378,-340.80687316241557,1,377,12001,17000,csv,513.0394212804571,-194.27038239878857,-659.6114915681565,nan,nan,nan,-340.84245268648795
379,-341.5837667805565,1,378,12001,17000,csv,514.3756308834661,-194.7843810453969,-661.2106909173598,nan,nan,nan,-341.6194410792906
380,-342.360671348881,1,379,12001,17000,csv,515.7118404864751,-195.29837999310166,-662.8099009180339,nan,nan,nan,-342.39644042466045
381,-343.137586806483,1,380,12001,17000,csv,517.0480500894841,-195.81237923620847,-664.4091215145339,nan,nan,nan,-343.17345066125824
382,-343.9145130977158,1,381,12001,17000,csv,518.3842596924932,-196.32637877272646,-666.0083526533612,nan,nan,nan,-343.95047173359444
383,-344.6914501637839,1,382,12001,17000,csv,519.7204692955022,-196.84037859571163,-667.6075942827509,nan,nan,nan,-344.72750358296037
384,-345.46839796518,1,383,12001,17000,csv,521.0566788985112,-197.35437872402053,-669.2068463441904,nan,nan,nan,-345.50454616969967
385,-346.24535644501896,1,384,12001,17000,csv,522.3928885015204,-197.86837914510033,-670.8061087935063,nan,nan,nan,-346.28159943708624
386,-347.02232554070184,1,385,12001,17000,csv,523.7290981045294,-198.38237985592878,-672.4053815709023,nan,nan,nan,-347.05866332230164
387,-347.7993052177226,1,386,12001,17000,csv,525.0653077075384,-198.89638086850937,-674.0046646301128,nan,nan,nan,-347.8357377910837
388,-348.57629541822286,1,387,12001,17000,csv,526.4015173105474,-199.41038217427285,-675.603957921885,nan,nan,nan,-348.61282278561043
389,-349.3532960753372,1,388,12001,17000,csv,527.7377269135565,-199.9243837638178,-677.2032613882051,nan,nan,nan,-349.3899182384664
390,-350.1303071726486,1,389,12001,17000,csv,529.0739365165655,-200.43838566455452,-678.8025749860989,nan,nan,nan,-350.1670241340879
391,-350.90732862883203,1,390,12001,17000,csv,530.4101461195745,-200.95238784948288,-680.4018986603705,nan,nan,nan,-350.9441403902789
392,-351.6843604116194,1,391,12001,17000,csv,531.7463557225835,-201.46639033602605,-682.0012323620339,nan,nan,nan,-351.7212669754764
393,-352.4614024609472,1,392,12001,17000,csv,533.0825653255926,-201.98039311220327,-683.6005760425556,nan,nan,nan,-352.49840382916636
394,-353.23845473343073,1,393,12001,17000,csv,534.4187749286017,-202.49439618324323,-685.199929653486,nan,nan,nan,-353.27555090812757
395,-354.01551718147874,1,394,12001,17000,csv,535.7549845316107,-203.0083995530258,-686.7992931433986,nan,nan,nan,-354.0527081648137
396,-354.79258974995895,1,395,12001,17000,csv,537.0911941346197,-203.52240321026875,-688.398666468271,nan,nan,nan,-354.82987554392
397,-355.56967240447193,1,396,12001,17000,csv,538.4274037376288,-204.03640716873633,-689.9980495803785,nan,nan,nan,-355.6070530114861
398,-356.34676508402015,1,397,12001,17000,csv,539.7636133406378,-204.55041142111077,-691.5974424252428,nan,nan,nan,-356.38424050571575
399,-357.12386774522645,1,398,12001,17000,csv,541.0998229436468,-205.06441596490913,-693.1968449627753,nan,nan,nan,-357.16143798403766
400,-357.9009803544103,1,399,12001,17000,csv,542.4360325466558,-205.57842081360104,-694.7962571454303,nan,nan,nan,-357.93864541237554
401,-358.6781028342463,1,400,12001,17000,csv,543.7722421496649,-206.09242594230273,-696.3956789205395,nan,nan,nan,-358.71586271317733
402,-359.4552351629298,1,401,12001,17000,csv,545.1084517526739,-206.60643136923318,-697.9951102487796,nan,nan,nan,-359.4930898653389
403,-360.2323772975242,1,402,12001,17000,csv,546.444661355683,-207.12043709610953,-699.5945510850219,nan,nan,nan,-360.27032682544836
404,-361.00952917959256,1,403,12001,17000,csv,547.780870958692,-207.63444311829153,-701.1940013753028,nan,nan,nan,-361.0475735349023
405,-361.786690763513,1,404,12001,17000,csv,549.1170805617011,-208.14844942672244,-702.7934610833661,nan,nan,nan,-361.82482994838745
406,-362.56386201462027,1,405,12001,17000,csv,550.4532901647101,-208.6624560378441,-704.3929301580824,nan,nan,nan,-362.60209603121643
407,-363.3410428830774,1,406,12001,17000,csv,551.7894997677191,-209.17646294114456,-705.9924085599911,nan,nan,nan,-363.3793717334165
408,-364.1182333217181,1,407,12001,17000,csv,553.1257093707281,-209.69047013658837,-707.5918962421712,nan,nan,nan,-364.1566570080314
409,-364.8954332973755,1,408,12001,17000,csv,554.4619189737372,-210.20447763462107,-709.191393160661,nan,nan,nan,-364.93395182154495
410,-365.67264275391074,1,409,12001,17000,csv,555.7981285767462,-210.7184854233701,-710.7908992714566,nan,nan,nan,-365.71125611808054
411,-366.44986165718694,1,410,12001,17000,csv,557.1343381797552,-211.23249350771403,-712.3904145355716,nan,nan,nan,-366.4885698635304
412,-367.2270899530987,1,411,12001,17000,csv,558.4705477827642,-211.74650188118903,-713.9899389052857,nan,nan,nan,-367.2658930037105
413,-368.0043276094251,1,412,12001,17000,csv,559.8067573857734,-212.26051055225707,-715.5894723399622,nan,nan,nan,-368.0432255064459
414,-368.7815745750507,1,413,12001,17000,csv,561.1429669887824,-212.77451951408784,-717.1890147949877,nan,nan,nan,-368.8205673202931
415,-369.5588308225721,1,414,12001,17000,csv,562.4791765917914,-213.28852878065936,-718.7885662295369,nan,nan,nan,-369.5979184184048
416,-370.3360962937781,1,415,12001,17000,csv,563.8153861948005,-213.80253833329516,-720.3881266035794,nan,nan,nan,-370.3752787420741
417,-371.1133709626804,1,416,12001,17000,csv,565.1515957978095,-214.31654819127743,-721.9876958722111,nan,nan,nan,-371.1526482656791
418,-371.8906547749648,1,417,12001,17000,csv,566.4878054008185,-214.83055833935305,-723.5872739961076,nan,nan,nan,-371.9300269346421
419,-372.66794768901815,1,418,12001,17000,csv,567.8240150038275,-215.344568775462,-725.1868609358556,nan,nan,nan,-372.7074147074901
420,-373.44524967167524,1,419,12001,17000,csv,569.1602246068366,-215.85857950640093,-726.7864566516702,nan,nan,nan,-373.48481155123454
421,-374.2225606840533,1,420,12001,17000,csv,570.4964342098456,-216.37259053860362,-728.3860610977265,nan,nan,nan,-374.26221742648454
422,-374.999880683599,1,421,12001,17000,csv,571.8326438128547,-216.8866018633098,-729.9856742406909,nan,nan,nan,-375.03963229114595
423,-375.77720963085045,1,422,12001,17000,csv,573.1688534158637,-217.4006134861138,-731.5852960352554,nan,nan,nan,-375.81705610550546
424,-376.5545474768392,1,423,12001,17000,csv,574.5050630188728,-217.91462539680924,-733.184926442669,nan,nan,nan,-376.59448882060553
425,-377.33189419303557,1,424,12001,17000,csv,575.8412726218818,-218.42863760242744,-734.7845654277751,nan,nan,nan,-377.37193040832074
426,-378.1092497408187,1,425,12001,17000,csv,577.1774822248908,-218.94265010633262,-736.3842129479887,nan,nan,nan,-378.14938082943047
427,-378.88661408477225,1,426,12001,17000,csv,578.5136918278998,-219.4566629103474,-737.9838689664658,nan,nan,nan,-378.9268400489134
428,-379.663987170827,1,427,12001,17000,csv,579.8499014309089,-219.9706760021536,-739.5835334410802,nan,nan,nan,-379.704308012325
429,-380.4413689743843,1,428,12001,17000,csv,581.1861110339179,-220.48468939192844,-741.1832063376019,nan,nan,nan,-380.4817846956124
430,-381.2187594444907,1,429,12001,17000,csv,582.5223206369269,-220.9987030683278,-742.7828876159926,nan,nan,nan,-381.25927004739356
431,-381.99615855744196,1,430,12001,17000,csv,583.8585302399359,-221.51271704588453,-744.3825772382097,nan,nan,nan,-382.0367640441583
432,-382.7735662738423,1,431,12001,17000,csv,585.1947398429451,-222.02673131871325,-745.9822751706337,nan,nan,nan,-382.81426664640185
433,-383.5509825556876,1,432,12001,17000,csv,586.5309494459541,-222.54074588909043,-747.5819813730659,nan,nan,nan,-383.59177781620224
434,-384.32840735178354,1,433,12001,17000,csv,587.8671590489631,-223.05476074461603,-749.1816958065356,nan,nan,nan,-384.3692975021885
435,-385.1058406522416,1,434,12001,17000,csv,589.2033686519721,-223.56877590580643,-750.7814184411104,nan,nan,nan,-385.1468256949447
436,-385.8832823900063,1,435,12001,17000,csv,590.5395782549812,-224.08279135280372,-752.3811492287786,nan,nan,nan,-385.9243623266011
437,-386.66073254954495,1,436,12001,17000,csv,591.8757878579902,-224.59680709436725,-753.9808881461926,nan,nan,nan,-386.70190738256963
438,-387.4381910994607,1,437,12001,17000,csv,593.2119974609992,-225.1108231377848,-755.5806351541228,nan,nan,nan,-387.47946083090835
439,-388.21565799260316,1,438,12001,17000,csv,594.5482070640082,-225.62483948029967,-757.1803902079635,nan,nan,nan,-388.2570226242549
440,-388.9931331826163,1,439,12001,17000,csv,595.8844166670173,-226.13885610202578,-758.7801532816728,nan,nan,nan,-389.03459271668135
441,-389.770616661305,1,440,12001,17000,csv,597.2206262700264,-226.652873032147,-760.3799243379835,nan,nan,nan,-389.81217110010414
442,-390.5481083706528,1,441,12001,17000,csv,598.5568358730354,-227.16689024990774,-761.9797033389117,nan,nan,nan,-390.589757715784
443,-391.325608288711,1,442,12001,17000,csv,599.8930454760444,-227.6809077625585,-763.5794902562762,nan,nan,nan,-391.3673525427903
444,-392.10311637974985,1,443,12001,17000,csv,601.2292550790535,-228.1949255762438,-765.1792850472783,nan,nan,nan,-392.14495554446864
445,-392.8806325923235,1,444,12001,17000,csv,602.5654646820625,-228.70894367074925,-766.7790876811493,nan,nan,nan,-392.9225666698361
446,-393.65815691579684,1,445,12001,17000,csv,603.9016742850715,-229.2229620731241,-768.3788981201111,nan,nan,nan,-393.7001859081637
447,-394.4356893053635,1,446,12001,17000,csv,605.2378838880805,-229.73698076232176,-769.9787163406482,nan,nan,nan,-394.47781321488947
448,-395.2132297332026,1,447,12001,17000,csv,606.5740934910896,-230.25099975430112,-771.5785422983553,nan,nan,nan,-395.2554485615668
449,-395.99077816318743,1,448,12001,17000,csv,607.9103030940986,-230.76501903885946,-773.178375968019,nan,nan,nan,-396.0330919127799
450,-396.76833454952884,1,449,12001,17000,csv,609.2465126971076,-231.2790386159768,-774.7782173030974,nan,nan,nan,-396.8107432219666
451,-397.5458988805677,1,450,12001,17000,csv,610.5827223001168,-231.79305848953663,-776.3780662892411,nan,nan,nan,-397.588402478661
452,-398.3234711079185,1,451,12001,17000,csv,611.9189319031258,-232.30707865407294,-777.9779228822758,nan,nan,nan,-398.366069633223
453,-399.10105119929113,1,452,12001,17000,csv,613.2551415061348,-232.82109911439784,-779.5777870456122,nan,nan,nan,-399.1437446538753
454,-399.8786391369971,1,453,12001,17000,csv,614.5913511091438,-233.3351198742821,-781.1776587580908,nan,nan,nan,-399.9214275232291
455,-400.6562348711805,1,454,12001,17000,csv,615.9275607121529,-233.84914092664621,-782.7775379761583,nan,nan,nan,-400.6991181906517
456,-401.43383838003433,1,455,12001,17000,csv,617.2637703151619,-234.36316227105362,-784.3774246793366,nan,nan,nan,-401.4768166352284
457,-402.21144962347586,1,456,12001,17000,csv,618.5999799181709,-234.87718390481587,-785.9773188297169,nan,nan,nan,-402.2545228163618
458,-402.98906857682033,1,457,12001,17000,csv,619.9361895211799,-235.39120583733802,-787.5772203932434,nan,nan,nan,-403.03223670940145
459,-403.76669521745686,1,458,12001,17000,csv,621.272399124189,-235.9052280713131,-789.1771293448966,nan,nan,nan,-403.8099582920207
460,-404.5443295015475,1,459,12001,17000,csv,622.6086087271981,-236.41925060000904,-790.7770456469855,nan,nan,nan,-404.5876875197964
461,-405.3219713857387,1,460,12001,17000,csv,623.9448183302071,-236.9332734095451,-792.3769692704548,nan,nan,nan,-405.36542434979276
462,-406.09962087609716,1,461,12001,17000,csv,625.2810279332161,-237.4472965349396,-793.9769001866222,nan,nan,nan,-406.14316878834563
463,-406.87727790144856,1,462,12001,17000,csv,626.6172375362252,-237.9613199355681,-795.5768383642983,nan,nan,nan,-406.9209207636412
464,-407.65494246475663,1,463,12001,17000,csv,627.9534471392342,-238.47534364615603,-797.1767837722767,nan,nan,nan,-407.6986802791986
465,-408.4326145101029,1,464,12001,17000,csv,629.2896567422432,-238.98936764162772,-798.7767363791496,nan,nan,nan,-408.4764472785341
466,-409.21029402324604,1,465,12001,17000,csv,630.6258663452522,-239.50339193490436,-800.3766961584827,nan,nan,nan,-409.2542217481348
467,-409.9879809662279,1,466,12001,17000,csv,631.9620759482613,-240.0174165223043,-801.9766630752,nan,nan,nan,-410.03200364924305
468,-410.76567531197696,1,467,12001,17000,csv,633.2982855512703,-240.53144140516633,-803.5766371015147,nan,nan,nan,-410.8097929554108
469,-411.543377033631,1,468,12001,17000,csv,634.6344951542793,-241.0454665799498,-805.1766182140582,nan,nan,nan,-411.58758963972866
470,-412.32108610539524,1,469,12001,17000,csv,635.9707047572884,-241.55949205829347,-806.776606374886,nan,nan,nan,-412.365393675891
471,-413.0988024782859,1,470,12001,17000,csv,637.3069143602975,-242.07351781997932,-808.3766015554814,nan,nan,nan,-413.1432050151633
472,-413.8765261518466,1,471,12001,17000,csv,638.6431239633065,-242.5875438871517,-809.976603733887,nan,nan,nan,-413.92102365773223
473,-414.65425707470547,1,472,12001,17000,csv,639.9793335663155,-243.10157023901593,-811.5766128784038,nan,nan,nan,-414.6988495511042
474,-415.4319952260832,1,473,12001,17000,csv,641.3155431693245,-243.61559689164915,-813.1766289527872,nan,nan,nan,-415.47668267511176
475,-416.20974057641064,1,474,12001,17000,csv,642.6517527723336,-244.12962383516242,-814.7766519375665,nan,nan,nan,-416.25452300039535
476,-416.98749310198934,1,475,12001,17000,csv,643.9879623753426,-244.6436510752601,-816.3766818030043,nan,nan,nan,-417.0323705029218
477,-417.7652527726565,1,476,12001,17000,csv,645.3241719783516,-245.15767861117638,-817.9767185196679,nan,nan,nan,-417.81022515249265
478,-418.5430195592191,1,477,12001,17000,csv,646.6603815813606,-245.6717064432205,-819.5767620582566,nan,nan,nan,-418.58808692011644
479,-419.3207934349186,1,478,12001,17000,csv,647.9965911843698,-246.18573457101957,-821.1768123921253,nan,nan,nan,-419.36595577877506
480,-420.0985743638498,1,479,12001,17000,csv,649.3328007873788,-246.6997629884445,-822.776869491733,nan,nan,nan,-420.1438316927987
481,-420.8763623295962,1,480,12001,17000,csv,650.6690103903878,-247.21379170104774,-824.3769333352333,nan,nan,nan,-420.9217146458932
482,-421.65415729684617,1,481,12001,17000,csv,652.0052199933968,-247.7278207062427,-825.9770038894904,nan,nan,nan,-421.6996046023363
483,-422.4319592533151,1,482,12001,17000,csv,653.3414295964059,-248.2418500152571,-827.5770811314162,nan,nan,nan,-422.47750155026745
484,-423.20976816028445,1,483,12001,17000,csv,654.6776391994149,-248.75587961553538,-829.177165034373,nan,nan,nan,-423.2554054504935
485,-423.9875839775095,1,484,12001,17000,csv,656.0138488024239,-249.26990950021627,-830.777255565316,nan,nan,nan,-424.0333162631083
486,-424.7654067101766,1,485,12001,17000,csv,657.350058405433,-249.78393969539138,-832.3773527034582,nan,nan,nan,-424.81123399341664
487,-425.5432362968407,1,486,12001,17000,csv,658.686268008442,-250.2979701717868,-833.9774564159121,nan,nan,nan,-425.58915857925695
488,-426.3210727403616,1,487,12001,17000,csv,660.022477611451,-250.812000949114,-835.5775666870976,nan,nan,nan,-426.3670900247606
489,-427.0989160076841,1,488,12001,17000,csv,661.3586872144601,-251.32603202656173,-837.1776834836537,nan,nan,nan,-427.1450282957553
490,-427.87676605663734,1,489,12001,17000,csv,662.6948968174692,-251.84006338920335,-838.7778067784626,nan,nan,nan,-427.9229733501968
491,-428.65462288139037,1,490,12001,17000,csv,664.0311064204782,-252.35409505295502,-840.3779365505028,nan,nan,nan,-428.70092518297963
492,-429.432486447797,1,491,12001,17000,csv,665.3673160234872,-252.8681270140214,-841.978072768567,nan,nan,nan,-429.4788837591012
493,-430.21035672230613,1,492,12001,17000,csv,666.7035256264962,-253.38215925952863,-843.5782154126117,nan,nan,nan,-430.2568490456441
494,-430.98823369368785,1,493,12001,17000,csv,668.0397352295053,-253.89619180835234,-845.178364452108,nan,nan,nan,-431.0348210309551
495,-431.76611733085514,1,494,12001,17000,csv,669.3759448325143,-254.41022465190326,-846.7785198647047,nan,nan,nan,-431.81279968409365
496,-432.5440076068757,1,495,12001,17000,csv,670.7121544355233,-254.92425778837423,-848.3786816253291,nan,nan,nan,-432.59078497818007
497,-433.321904494496,1,496,12001,17000,csv,672.0483640385323,-255.43829121835824,-849.9788497060453,nan,nan,nan,-433.36877688587117
498,-434.09980797817644,1,497,12001,17000,csv,673.3845736415415,-255.9523249441454,-851.5790240893382,nan,nan,nan,-434.1467753919421
499,-434.8777180145574,1,498,12001,17000,csv,674.7207832445505,-256.46635895835334,-853.1792047384153,nan,nan,nan,-434.9247804522181
500,-435.6556346056062,1,499,12001,17000,csv,676.0569928475595,-256.9803932774357,-854.7793916400586,nan,nan,nan,-435.70279206993484
