H,total_log2
0,-63.8926492
1,-65.13412224022218
2,-66.79071435637974
3,-68.61725296150165
4,-70.53691045457789
5,-72.51546711274284
6,-74.53466951574978
7,-76.58362216768225
8,-78.65529730910086
9,-80.7448964985567
10,-82.84899720497037
11,-84.96507238612341
12,-87.09120297509968
13,-89.22589726016152
14,-91.36797272160065
15,-93.5164760460679
16,-95.67062751978509
17,-97.82978122743656
18,-99.99339612442012
19,-102.1610144867866
20,-104.33224561400345
21,-106.50675338126791
22,-108.68424651067924
23,-110.86447092210447
24,-113.04720367991408
25,-115.23224807456883
26,-117.41942969233578
27,-119.6085931551687
28,-121.79959943147234
29,-123.99232365613577
30,-126.18665322888788
31,-128.3824862841579
32,-130.57973036602496
33,-132.77830130971344
34,-134.97812225402842
35,-137.17912284143637
36,-139.38123849660352
37,-141.58440982413194
38,-143.78858203723462
39,-145.99370452379048
40,-148.1997304341277
41,-150.40661626720706
42,-152.6143216297973
43,-154.8228088998173
44,-157.0320429941521
45,-159.24199115122482
46,-161.45262270261387
47,-163.66390893570664
48,-165.87582291093804
49,-168.08833931517927
50,-170.3014343385542
51,-172.51508556958885
52,-174.72927186780376
53,-176.94397328737693
54,-179.15917097102272
55,-181.37484707963216
56,-183.59098472207066
57,-185.80756790431798
58,-188.0245814318718
59,-190.24201089360955
60,-192.45984257641118
61,-194.6780634398955
62,-196.89666108228533
63,-199.115623682547
64,-201.3349399581506
65,-203.55459915659483
66,-205.77459100242075
67,-207.9949056722196
68,-210.21553379513134
69,-212.4364663851762
70,-214.6576948323412
71,-216.8792109182509
72,-219.10100672571338
73,-221.32307468776608
74,-223.5454075382798
75,-225.76799830251161
76,-227.99084025113223
77,-230.2139269563104
78,-232.43725221237088
79,-234.66081004035027
80,-236.88459471112282
81,-239.10860068946627
82,-241.33282262736998
83,-243.55725540578837
84,-245.78189404688794
85,-248.00673377563442
86,-250.2317699775223
87,-252.45699818634077
88,-254.6824140906745
89,-256.90801353721724
90,-259.1337924874695
91,-261.35974705106025
92,-263.58587346626257
93,-265.81216807044626
94,-268.03862734605417
95,-270.26524786986187
96,-272.49202632108444
97,-274.71895949968626
98,-276.9460442740313
99,-279.1732776296233
100,-281.4006566521095
101,-283.6281784712014
102,-285.85584033731595
103,-288.0836395835173
104,-290.31157358008005
105,-292.53963981587776
106,-294.767835826954
107,-296.9961592247511
108,-299.22460767874344
109,-301.45317893933634
110,-303.68187079878754
111,-305.9106811190307
112,-308.1396078241781
113,-310.368648873726
114,-312.5978023023422
115,-314.82706618104584
116,-317.056438634054
117,-319.28591785745726
118,-321.5155020429132
119,-323.74518946425854
120,-325.97497843674586
121,-328.204867304685
122,-330.4348544520736
123,-332.66493831464624
124,-334.89511736640236
125,-337.12539009132934
126,-339.35575505310527
127,-341.58621081016076
128,-343.8167559662419
129,-346.04738917372646
130,-348.278109084258
131,-350.50891441327013
132,-352.73980389263977
133,-354.97077626189474
134,-357.2018303302228
135,-359.4329648942354
136,-361.66417880707223
137,-363.8954709139543
138,-366.12684012288724
139,-368.3582853310061
140,-370.5898054860172
141,-372.8213995408557
142,-375.0530664788816
143,-377.28480530211755
144,-379.5166150254882
145,-381.74849469854223
146,-383.9804433793933
147,-386.2124601576024
148,-388.44454412385613
149,-390.67669439393194
150,-392.9089101170436
151,-395.1411904309412
152,-397.3735345088521
153,-399.6059415370219
154,-401.83841072494903
155,-404.0709412784284
156,-406.30353243213983
157,-408.5361834235152
158,-410.76889353149727
159,-413.0016620135634
160,-415.23448817210624
161,-417.46737129217917
162,-419.7003107032054
163,-421.9333057120352
164,-424.166355676058
165,-426.3994599369014
166,-428.6326178619174
167,-430.86582882147763
168,-433.0990922041714
169,-435.3324073946645
170,-437.56577381094695
171,-439.79919086660055
172,-442.0326579924391
173,-444.26617461540127
174,-446.49974018605485
175,-448.7333541633346
176,-450.96701601026126
177,-453.20072520600087
178,-455.4344812205146
179,-457.6682835539137
180,-459.9021317168961
181,-462.13602519525426
182,-464.3699635166882
183,-466.60394621032117
184,-468.8379727986372
185,-471.0720428218426
186,-473.30615584089924
187,-475.54031139235497
188,-477.774509040077
189,-480.0087483626494
190,-482.2430289301706
191,-484.4773503188304
192,-486.7117121202474
193,-488.9461139240839
194,-491.1805553384156
195,-493.4150359726162
196,-495.64955543112063
197,-497.8841133395639
198,-500.1187093119247
199,-502.3533429876591
200,-504.5880139937066
201,-506.82272198185836
202,-509.0574665856179
203,-511.29224746853663
204,-513.5270642866659
205,-515.7619166887359
206,-517.996804354055
207,-520.2317269445198
208,-522.4666841373344
209,-524.7016756202067
210,-526.9367010758867
211,-529.1717601882917
212,-531.4068526594692
213,-533.6419781836511
214,-535.8771364643842
215,-538.1123271941245
216,-540.3475501091528
217,-542.5828049048309
218,-544.8180913067937
219,-547.053409040102
220,-549.2887578145929
221,-551.5241373801631
222,-553.7595474638945
223,-555.994987793228
224,-558.2304581192092
225,-560.4659581860531
226,-562.70148773302
227,-564.9370465178499
228,-567.1726342918907
229,-569.408250812901
230,-571.6438958364184
231,-573.8795691340559
232,-576.1152704634819
233,-578.3509995975746
234,-580.5867563052595
235,-582.8225403700204
236,-585.0583515654665
237,-587.2941896685676
238,-589.5300544675673
239,-591.7659457430676
240,-594.0018632975354
241,-596.2378069042329
242,-598.4737763690617
243,-600.7097714795825
244,-602.94579205082
245,-605.1818378582469
246,-607.4179087374158
247,-609.6540044686549
248,-611.8901248714052
249,-614.1262697588642
250,-616.3624389356586
251,-618.5986322224305
252,-620.8348494374618
253,-623.0710903944588
254,-625.3073549218705
255,-627.5436428499926
256,-629.7799539819832
257,-632.016288161653
258,-634.2526452230471
259,-636.489024983056
260,-638.725427293176
261,-640.9618519784399
262,-643.1982988731095
263,-645.434767829535
264,-647.6712586679196
265,-649.9077712497234
266,-652.1443054167378
267,-654.3808610054248
268,-656.617437872037
269,-658.8540358693893
270,-661.0906548397822
271,-663.3272946401958
272,-665.5639551352638
273,-667.8006361580229
274,-670.0373375889258
275,-672.2740592736421
276,-674.5108010752467
277,-676.747562867309
278,-678.9843445055056
279,-681.2211458422559
280,-683.4579667682455
281,-685.6948071357335
282,-687.9316668162468
283,-690.1685456776718
284,-692.4054436097381
285,-694.6423604635324
286,-696.879296125392
287,-699.1162504779523
288,-701.3532233827117
289,-703.590214721734
290,-705.8272243856229
291,-708.064252250768
292,-710.3012981942281
293,-712.5383621032518
294,-714.7754438633272
295,-717.012543356989
296,-719.2496604733931
297,-721.4867951071576
298,-723.7239471303499
299,-725.9611164504764
300,-728.1983029609995
301,-730.4355065348703
302,-732.6727270718072
303,-734.9099644864893
304,-737.1472186483725
305,-739.3844894666496
306,-741.621776840846
307,-743.8590806651857
308,-746.0964008329652
309,-748.3337372570599
310,-750.5710898367086
311,-752.8084584672961
312,-755.0458430501571
313,-757.2832435077593
314,-759.5206597290331
315,-761.7580916168328
316,-763.9955390977779
317,-766.2330020515009
318,-768.4704804118778
319,-770.707974080171
320,-772.945482956419
321,-775.183006970837
322,-777.4205460184883
323,-779.6581000229479
324,-781.8956688871253
325,-784.1332525408217
326,-786.3708508861946
327,-788.6084638453414
328,-790.8460913272784
329,-793.0837332594175
330,-795.3213895545643
331,-797.5590601316733
332,-799.7967449150988
333,-802.0344438177516
334,-804.2721567618705
335,-806.5098836729364
336,-808.747624468221
337,-810.9853790775875
338,-813.2231474213042
339,-815.4609294201192
340,-817.6987250107087
341,-819.9365341020175
342,-822.1743566337265
343,-824.4121925272323
344,-826.6500417118808
345,-828.8879041189576
346,-831.1257796649415
347,-833.3636682938842
348,-835.6015699284236
349,-837.839484501432
350,-840.0774119392911
351,-842.3153521828037
352,-844.5533051597362
353,-846.7912708003652
354,-849.0292490315325
355,-851.2672398029548
356,-853.5052430436706
357,-855.7432586883589
358,-857.9812866714244
359,-860.2193269157045
360,-862.457379385685
361,-864.6954440009805
362,-866.9335207003053
363,-869.1716094248375
364,-871.4097101177073
365,-873.6478227019963
366,-875.8859471393575
367,-878.1240833489071
368,-880.3622312927233
369,-882.6003908893792
370,-884.8385620940774
371,-887.0767448498116
372,-889.3149390868966
373,-891.553144765503
374,-893.7913618160852
375,-896.0295901872922
376,-898.2678298186559
377,-900.5060806616393
378,-902.7443426684575
379,-904.9826157647656
380,-907.2208999083535
381,-909.4591950457237
382,-911.697501122423
383,-913.9358180772517
384,-916.1741458740995
385,-918.4124844477939
386,-920.6508337574453
387,-922.8891937376757
388,-925.1275643519706
389,-927.3659455385449
390,-929.6043372637014
391,-931.8427394515792
392,-934.0811520751446
393,-936.3195750805727
394,-938.5580084083762
395,-940.7964520306554
396,-943.034905875502
397,-945.2733699126203
398,-947.5118440884877
399,-949.7503283636191
400,-951.9888226853454
401,-954.2273269982218
402,-956.4658412705534
403,-958.7043654510671
404,-960.942899495443
405,-963.1814433606128
406,-965.4199969990556
407,-967.6585603692239
408,-969.8971334190943
409,-972.1357161181005
410,-974.3743084191926
411,-976.6129102746513
412,-978.8515216411522
413,-981.0901424848313
414,-983.3287727487389
415,-985.5674124062823
416,-987.8060614071824
417,-990.0447197148012
418,-992.2833872897257
419,-994.5220640894851
420,-996.7607500682518
421,-998.9994451926949
422,-1001.238149414818
423,-1003.4768627093061
424,-1005.7155850195047
425,-1007.9543163162667
426,-1010.1930565654321
427,-1012.4318057221907
428,-1014.6705637469354
429,-1016.9093306050042
430,-1019.1481062556668
431,-1021.3868906626161
432,-1023.6256837937154
433,-1025.8644856046187
434,-1028.103296065395
435,-1030.3421151334055
436,-1032.5809427745555
437,-1034.819778952302
438,-1037.0586236327872
439,-1039.297476784596
440,-1041.5363383623985
441,-1043.7752083443352
442,-1046.0140866780396
443,-1048.2529733395222
444,-1050.4918683007027
445,-1052.7307715130542
446,-1054.969682950374
447,-1057.208602581692
448,-1059.4475303710474
449,-1061.6864662880212
450,-1063.9254102913894
451,-1066.1643623504197
452,-1068.403322439264
453,-1070.6422905152706
454,-1072.8812665563821
455,-1075.120250528684
456,-1077.3592423969544
457,-1079.5982421298272
458,-1081.8372496942186
459,-1084.0762650658742
460,-1086.3152882076781
461,-1088.5543190909482
462,-1090.7933576844916
463,-1093.0324039544212
464,-1095.2714578854448
465,-1097.5105194269488
466,-1099.749588562666
467,-1101.9886652513721
468,-1104.227749475075
469,-1106.466841201204
470,-1108.7059403985552
471,-1110.9450470371094
472,-1113.1841610932292
473,-1115.4232825333572
474,-1117.6624113299615
475,-1119.9015474559906
476,-1122.1406908846989
477,-1124.3798415841022
478,-1126.618999532926
479,-1128.858164693569
480,-1131.0973370495583
481,-1133.3365165623857
482,-1135.575703208961
483,-1137.8148969707074
484,-1140.0540978118981
485,-1142.2933057063658
486,-1144.5325206373486
487,-1146.7717425597073
488,-1149.0109714642645
489,-1151.250207323905
490,-1153.4894500934204
491,-1155.7286997684753
492,-1157.9679563209652
493,-1160.2072197096118
494,-1162.446489928188
495,-1164.6857669516216
496,-1166.9250507358515
497,-1169.1643412660517
498,-1171.4036385296142
499,-1173.6429424837606
