k,N,delta,d,sigma,offset,h,outer_source,outer_log2,outer_z,inner_log2,term_log2,cum_log2,best_r,best_piece_log2,survivor_only_sum
1048576,2097152,0.106,222298,32,12,1,gf,-6.628911,0.005,-2.237843,-8.866754,-8.866754,0,-2.237843,exact
1048576,2097152,0.106,222298,32,12,2,exact,1.000352,,-4.475684,-3.475332,-3.441364,0,-4.475684,exact
1048576,2097152,0.106,222298,32,12,3,exact,2.005624,,-6.713526,-4.707901,-2.939893,0,-6.713526,exact
1048576,2097152,0.106,222298,32,12,4,exact,3.356795,,-8.951366,-5.594571,-2.727256,0,-8.951366,exact
1048576,2097152,0.106,222298,32,12,5,exact,4.728129,,-11.189206,-6.461077,-2.622700,0,-11.189206,exact
1048576,2097152,0.106,222298,32,12,6,exact,6.265068,,-13.427045,-7.161977,-2.561951,0,-13.427045,exact
1048576,2097152,0.106,222298,32,12,7,exact,7.982221,,-15.664883,-7.682662,-2.521070,0,-15.664883,exact
1048576,2097152,0.106,222298,32,12,8,exact,9.807275,,-17.902721,-8.095446,-2.491106,0,-17.902721,exact
1048576,2097152,0.106,222298,32,12,9,exact,11.636414,,-20.140558,-8.504144,-2.468938,0,-20.140558,exact
1048576,2097152,0.106,222298,32,12,10,exact,13.406124,,-22.378394,-8.972270,-2.453122,0,-22.378394,exact
1048576,2097152,0.106,222298,32,12,11,exact,15.096900,,-24.616229,-9.519329,-2.442396,0,-24.616230,exact
1048576,2097152,0.106,222298,32,12,12,exact,16.714537,,-26.854064,-10.139527,-2.435461,0,-26.854064,exact
1048576,2097152,0.106,222298,32,12,13,exact,18.275573,,-29.091897,-10.816325,-2.431139,0,-29.091899,exact
1048576,2097152,0.106,222298,32,12,14,exact,19.799282,,-31.329731,-11.530448,-2.428512,0,-31.329732,exact
1048576,2097152,0.106,222298,32,12,15,exact,21.303734,,-33.567563,-12.263829,-2.426933,0,-33.567565,exact
1048576,2097152,0.106,222298,32,12,16,exact,22.803939,,-35.805394,-13.001456,-2.425987,0,-35.805397,exact
1048576,2097152,0.106,222298,32,12,17,exact,24.310835,,-38.043225,-13.732390,-2.425418,0,-38.043228,exact
1048576,2097152,0.106,222298,32,12,18,exact,25.830594,,-40.281055,-14.450461,-2.425072,0,-40.281058,exact
1048576,2097152,0.106,222298,32,12,19,exact,27.364478,,-42.518884,-15.154406,-2.424859,0,-42.518888,exact
1048576,2097152,0.106,222298,32,12,20,exact,28.909702,,-44.756712,-15.847010,-2.424728,0,-44.756717,exact
1048576,2097152,0.106,222298,32,12,21,exact,30.461159,,-46.994540,-16.533380,-2.424646,0,-46.994546,exact
1048576,2097152,0.106,222298,32,12,22,exact,32.013342,,-49.232366,-17.219024,-2.424595,0,-49.232374,exact
1048576,2097152,0.106,222298,32,12,23,exact,33.561762,,-51.470191,-17.908430,-2.424564,0,-51.470200,exact
1048576,2097152,0.106,222298,32,12,24,exact,35.103592,,-53.708016,-18.604424,-2.424545,0,-53.708027,exact
1048576,2097152,0.106,222298,32,12,25,exact,36.637691,,-55.945839,-19.308148,-2.424533,0,-55.945852,exact
1048576,2097152,0.106,222298,32,12,26,exact,38.164254,,-58.183662,-20.019408,-2.424525,0,-58.183677,exact
1048576,2097152,0.106,222298,32,12,27,exact,39.684334,,-60.421483,-20.737149,-2.424521,0,-60.421501,exact
1048576,2097152,0.106,222298,32,12,28,exact,41.199386,,-62.659303,-21.459917,-2.424518,0,-62.659325,exact
1048576,2097152,0.106,222298,32,12,29,exact,42.710886,,-64.897122,-22.186235,-2.424517,0,-64.897147,exact
1048576,2097152,0.106,222298,32,12,30,exact,44.220075,,-67.134939,-22.914864,-2.424516,0,-67.134969,exact
1048576,2097152,0.106,222298,32,12,31,exact,45.727819,,-68.342861,-22.615042,-2.424514,0,-68.342878,blocked
1048576,2097152,0.106,222298,32,12,32,exact,47.234577,,-70.547794,-23.313217,-2.424514,0,-70.547814,blocked
1048576,2097152,0.106,222298,32,12,33,exact,48.740461,,-72.752776,-24.012315,-2.424513,0,-72.752799,blocked
1048576,2097152,0.106,222298,32,12,34,exact,50.245331,,-74.957806,-24.712475,-2.424513,0,-74.957832,blocked
1048576,2097152,0.106,222298,32,12,35,exact,51.748918,,-77.162885,-25.413967,-2.424513,0,-77.162914,blocked
1048576,2097152,0.106,222298,32,12,36,exact,53.250923,,-79.368011,-26.117088,-2.424513,0,-79.368045,blocked
1048576,2097152,0.106,222298,32,12,37,exact,54.751096,,-81.573185,-26.822089,-2.424513,0,-81.573224,blocked
1048576,2097152,0.106,222298,32,12,38,exact,56.249275,,-83.778407,-27.529132,-2.424513,0,-83.778451,blocked
1048576,2097152,0.106,222298,32,12,39,exact,57.745392,,-85.983677,-28.238285,-2.424512,0,-85.983727,blocked
1048576,2097152,0.106,222298,32,12,40,exact,59.239469,,-88.188995,-28.949526,-2.424512,0,-88.189051,blocked
1048576,2097152,0.106,222298,32,12,41,exact,60.731586,,-90.394359,-29.662773,-2.424512,0,-90.394423,blocked
1048576,2097152,0.106,222298,32,12,42,exact,62.221861,,-92.599772,-30.377911,-2.424512,0,-92.599844,blocked
1048576,2097152,0.106,222298,32,12,43,exact,63.710418,,-94.805231,-31.094813,-2.424512,0,-94.805312,blocked
1048576,2097152,0.106,222298,32,12,44,exact,65.197374,,-97.010737,-31.813363,-2.424512,0,-97.010829,blocked
1048576,2097152,0.106,222298,32,12,45,exact,66.682825,,-99.216289,-32.533465,-2.424512,0,-99.216393,blocked
1048576,2097152,0.106,222298,32,12,46,exact,68.166842,,-101.421888,-33.255046,-2.424512,0,-101.422005,blocked
1048576,2097152,0.106,222298,32,12,47,exact,69.649475,,-103.627534,-33.978059,-2.424512,0,-103.627665,blocked
1048576,2097152,0.106,222298,32,12,48,exact,71.130753,,-105.833225,-34.702472,-2.424512,0,-105.833373,blocked
1048576,2097152,0.106,222298,32,12,49,exact,72.610695,,-108.038962,-35.428268,-2.424512,0,-108.039128,blocked
1048576,2097152,0.106,222298,32,12,50,exact,74.089313,,-110.244745,-36.155432,-2.424512,0,-110.244931,blocked
1048576,2097152,0.106,222298,32,12,51,exact,75.566618,,-112.327900,-36.761282,-2.424512,0,-112.328092,blocked
1048576,2097152,0.106,222298,32,12,52,exact,77.042625,,-114.656445,-37.613820,-2.424512,0,-114.656678,blocked
1048576,2097152,0.106,222298,32,12,53,exact,78.517350,,-116.731544,-38.214193,-2.424512,0,-116.731782,blocked
1048576,2097152,0.106,222298,32,12,54,exact,79.990815,,-119.068323,-39.077508,-2.424512,0,-119.068615,blocked
1048576,2097152,0.106,222298,32,12,55,exact,81.463045,,-121.135177,-39.672133,-2.424512,0,-121.135473,blocked
1048576,2097152,0.106,222298,32,12,56,exact,82.934064,,-123.480375,-40.546311,-2.424512,0,-123.480740,blocked
1048576,2097152,0.106,222298,32,12,57,exact,84.403903,,-125.538803,-41.134901,-2.424512,0,-125.539171,blocked
1048576,2097152,0.106,222298,32,12,58,exact,85.872586,,-127.892598,-42.020013,-2.424512,0,-127.893052,blocked
1048576,2097152,0.106,222298,32,12,59,exact,87.340140,,-129.942425,-42.602285,-2.424512,0,-129.942879,blocked
1048576,2097152,0.106,222298,32,12,60,exact,88.806588,,-132.304987,-43.498399,-2.424512,0,-132.305551,blocked
1048576,2097152,0.106,222298,32,12,61,exact,90.271954,,-134.346043,-44.074089,-2.424512,0,-134.346603,blocked
1048576,2097152,0.106,222298,32,12,62,exact,91.736259,,-136.717537,-44.981278,-2.424512,0,-136.718237,blocked
1048576,2097152,0.106,222298,32,12,63,exact,93.199520,,-138.749659,-45.550139,-2.424512,0,-138.750348,blocked
1048576,2097152,0.106,222298,32,12,64,exact,94.661757,,-141.130241,-46.468484,-2.424512,0,-141.131107,blocked
1048576,2097152,0.106,222298,32,12,65,exact,96.122987,,-143.153271,-47.030285,-2.424512,0,-143.154119,blocked
1048576,2097152,0.106,222298,32,12,66,exact,97.583226,,-145.543092,-47.959866,-2.424512,0,-145.544162,blocked
1048576,2097152,0.106,222298,32,12,67,exact,99.042492,,-147.556880,-48.514388,-2.424512,0,-147.557919,blocked
1048576,2097152,0.106,222298,32,12,68,exact,100.500800,,-149.956081,-49.455281,-2.424512,0,-149.957400,blocked
1048576,2097152,0.106,222298,32,12,69,exact,101.958166,,-151.960481,-50.002315,-2.424512,0,-151.961754,blocked
1048576,2097152,0.106,222298,32,12,70,exact,103.414606,,-154.369197,-50.954591,-2.424512,0,-154.370821,blocked
1048576,2097152,0.106,222298,32,12,71,exact,104.870134,,-156.364071,-51.493937,-2.424512,0,-156.365627,blocked
1048576,2097152,0.106,222298,32,12,72,exact,106.324767,,-158.782427,-52.457660,-2.424512,0,-158.784424,blocked
1048576,2097152,0.106,222298,32,12,73,exact,107.778517,,-160.767644,-52.989127,-2.424512,0,-160.769542,blocked
1048576,2097152,0.106,222298,32,12,74,exact,109.231400,,-163.195756,-53.964356,-2.424512,0,-163.198207,blocked
1048576,2097152,0.106,222298,32,12,75,exact,110.683428,,-165.171190,-54.487762,-2.424512,0,-165.173503,blocked
1048576,2097152,0.106,222298,32,12,76,exact,112.134616,,-167.609165,-55.474549,-2.424512,0,-167.612171,blocked
1048576,2097152,0.106,222298,32,12,77,exact,113.584976,,-169.574699,-55.989723,-2.424512,0,-169.577513,blocked
1048576,2097152,0.106,222298,32,12,78,exact,115.034520,,-172.022633,-56.988113,-2.424512,0,-172.026314,blocked
1048576,2097152,0.106,222298,32,12,79,exact,116.483262,,-173.978158,-57.494896,-2.424512,0,-173.981577,blocked
1048576,2097152,0.106,222298,32,12,80,exact,117.931211,,-176.436133,-58.504922,-2.424512,0,-176.440634,blocked
1048576,2097152,0.106,222298,32,12,81,gf,126.185990,0.36769766217,-178.381547,-52.195558,-2.424512,0,-178.385697,blocked
1048576,2097152,0.106,222298,32,12,82,gf,127.629398,0.36769766217,-180.849634,-53.220236,-2.424512,0,-180.855132,blocked
1048576,2097152,0.106,222298,32,12,83,gf,129.072806,0.36769766217,-182.784847,-53.712041,-2.424512,0,-182.789878,blocked
1048576,2097152,0.106,222298,32,12,84,gf,130.516214,0.36769766217,-185.263097,-54.746883,-2.424512,0,-185.269806,blocked
1048576,2097152,0.106,222298,32,12,85,gf,131.959622,0.36769766217,-187.188030,-55.228408,-2.424512,0,-187.194120,blocked
1048576,2097152,0.106,222298,32,12,86,gf,133.403030,0.36769766217,-189.676478,-56.273448,-2.424512,0,-189.684655,blocked
1048576,2097152,0.106,222298,32,12,87,gf,134.846438,0.36769766217,-191.591063,-56.744625,-2.424512,0,-191.598429,blocked
1048576,2097152,0.106,222298,32,12,88,gf,136.289846,0.36769766217,-194.089722,-57.799876,-2.424512,0,-194.099678,blocked
1048576,2097152,0.106,222298,32,12,89,gf,137.733254,0.36769766217,-195.993907,-58.260652,-2.424512,0,-196.002806,blocked
1048576,2097152,0.106,222298,32,12,90,gf,139.176662,0.36769766217,-198.502764,-59.326102,-2.424512,0,-198.514875,blocked
1048576,2097152,0.106,222298,32,12,91,gf,140.620070,0.36769766217,-200.396514,-59.776444,-2.424512,0,-200.407255,blocked
1048576,2097152,0.106,222298,32,12,92,gf,142.063479,0.36769766217,-202.915527,-60.852048,-2.424512,0,-202.930243,blocked
1048576,2097152,0.106,222298,32,12,93,gf,143.506887,0.36769766217,-204.798828,-61.291941,-2.424512,0,-204.811777,blocked
1048576,2097152,0.106,222298,32,12,94,gf,144.950295,0.36769766217,-207.327918,-62.377624,-2.424512,0,-207.345782,blocked
1048576,2097152,0.106,222298,32,12,95,gf,146.393703,0.36769766217,-209.200779,-62.807076,-2.424512,0,-209.216375,blocked
1048576,2097152,0.106,222298,32,12,96,gf,147.837111,0.36769766217,-211.739828,-63.902717,-2.424512,0,-211.761492,blocked
1048576,2097152,0.106,222298,32,12,97,gf,149.280519,0.36769766217,-213.602286,-64.321767,-2.424512,0,-213.621052,blocked
1048576,2097152,0.106,222298,32,12,98,gf,150.723927,0.36769766217,-216.151124,-65.427197,-2.424512,0,-216.177370,blocked
1048576,2097152,0.106,222298,32,12,99,gf,152.167335,0.36769766217,-218.003252,-65.835917,-2.424512,0,-218.025809,blocked
1048576,2097152,0.106,222298,32,12,100,gf,153.610743,0.36769766217,-220.561651,-66.950908,-2.424512,0,-220.593416,blocked
1048576,2097152,0.106,222298,32,12,101,gf,155.054151,0.36769766217,-222.403562,-67.349410,-2.424512,0,-222.430649,blocked
1048576,2097152,0.106,222298,32,12,102,gf,156.497559,0.36769766217,-225.501941,-69.004382,-2.424512,0,-225.557754,blocked
1048576,2097152,0.106,222298,32,12,103,gf,157.940968,0.36769766217,-227.175589,-69.234621,-2.424512,0,-227.217797,blocked
1048576,2097152,0.106,222298,32,12,104,gf,159.384376,0.36769766217,-229.002491,-69.618116,-2.424512,0,-229.038068,blocked
1048576,2097152,0.106,222298,32,12,105,gf,160.827784,0.36769766217,-232.123801,-71.296018,-2.424512,0,-232.198506,blocked
1048576,2097152,0.106,222298,32,12,106,gf,162.271192,0.36769766217,-233.786607,-71.515415,-2.424512,0,-233.842550,blocked
1048576,2097152,0.106,222298,32,12,107,gf,163.714600,0.36769766217,-235.599068,-71.884468,-2.424512,0,-235.645683,blocked
1048576,2097152,0.106,222298,32,12,108,gf,165.158008,0.36769766217,-238.739982,-73.581974,-2.424512,0,-238.839626,blocked
1048576,2097152,0.106,222298,32,12,109,gf,166.601416,0.36769766217,-240.393730,-73.792314,-2.424512,0,-240.467670,blocked
1048576,2097152,0.106,222298,32,12,110,gf,168.044824,0.36769766217,-242.192575,-74.147751,-2.424512,0,-242.253500,blocked
1048576,2097152,0.106,222298,32,12,111,gf,169.488232,0.36769766217,-245.348735,-75.860502,-2.424512,0,-245.481112,blocked
1048576,2097152,0.106,222298,32,12,112,gf,170.931640,0.36769766217,-246.995737,-76.064096,-2.424512,0,-247.093154,blocked
1048576,2097152,0.106,222298,32,12,113,gf,172.375048,0.36769766217,-248.782118,-76.407070,-2.424512,0,-248.861525,blocked
1048576,2097152,0.106,222298,32,12,114,gf,173.818457,0.36769766217,-251.947924,-78.129468,-2.424512,0,-252.122959,blocked
1048576,2097152,0.106,222298,32,12,115,gf,175.261865,0.36769766217,-253.591113,-78.329248,-2.424512,0,-253.718998,blocked
1048576,2097152,0.106,222298,32,12,116,gf,176.705273,0.36769766217,-255.366586,-78.661313,-2.424512,0,-255.469760,blocked
1048576,2097152,0.106,222298,32,12,117,gf,178.148681,0.36769766217,-258.535019,-80.386338,-2.424512,0,-258.765163,blocked
1048576,2097152,0.106,222298,32,12,118,gf,179.592089,0.36769766217,-260.178025,-80.585936,-2.424512,0,-260.345197,blocked
1048576,2097152,0.106,222298,32,12,119,gf,181.035497,0.36769766217,-261.944625,-80.909128,-2.424512,0,-262.078212,blocked
1048576,2097152,0.106,222298,32,12,120,gf,182.478905,0.36769766217,-265.107122,-82.628217,-2.424512,0,-265.407721,blocked
1048576,2097152,0.106,222298,32,12,121,gf,183.922313,0.36769766217,-266.754305,-82.831992,-2.424512,0,-266.971749,blocked
1048576,2097152,0.106,222298,32,12,122,gf,185.365721,0.36769766217,-268.514616,-83.148895,-2.424512,0,-268.686883,blocked
1048576,2097152,0.106,222298,32,12,123,gf,186.809129,0.36769766217,-271.661082,-84.851953,-2.424512,0,-272.050629,blocked
1048576,2097152,0.106,222298,32,12,124,gf,188.252537,0.36769766217,-273.317471,-85.064934,-2.424512,0,-273.598649,blocked
1048576,2097152,0.106,222298,32,12,125,gf,189.695946,0.36769766217,-275.074672,-85.378726,-2.424512,0,-275.295776,blocked
1048576,2097152,0.106,222298,32,12,126,gf,191.139354,0.36769766217,-278.193684,-87.054330,-2.424512,0,-278.693882,blocked
1048576,2097152,0.106,222298,32,12,127,gf,192.582762,0.36769766217,-279.864802,-87.282040,-2.424512,0,-280.225894,blocked
1048576,2097152,0.106,222298,32,12,128,gf,194.026170,0.36769766217,-281.622653,-87.596483,-2.424512,0,-281.904895,blocked
1048576,2097152,0.106,222298,32,12,129,gf,195.469578,0.36769766217,-284.701925,-89.232347,-2.424512,0,-285.337477,blocked
1048576,2097152,0.106,222298,32,12,130,gf,196.912986,0.36769766217,-286.393472,-89.480486,-2.424512,0,-286.853478,blocked
1048576,2097152,0.106,222298,32,12,131,gf,198.356394,0.36769766217,-288.156234,-89.799840,-2.424512,0,-288.514241,blocked
1048576,2097152,0.106,222298,32,12,132,gf,199.799802,0.36769766217,-291.183356,-91.383554,-2.424512,0,-291.981409,blocked
1048576,2097152,0.106,222298,32,12,133,gf,201.243210,0.36769766217,-292.900759,-91.657549,-2.424512,0,-293.481399,blocked
1048576,2097152,0.106,222298,32,12,134,gf,202.686618,0.36769766217,-294.673009,-91.986391,-2.424512,0,-295.123818,blocked
1048576,2097152,0.106,222298,32,12,135,gf,204.130026,0.36769766217,-297.636401,-93.506374,-2.424512,0,-298.625675,blocked
1048576,2097152,0.106,222298,32,12,136,gf,205.573435,0.36769766217,-299.384306,-93.810871,-2.424512,0,-300.109652,blocked
1048576,2097152,0.106,222298,32,12,137,gf,207.016843,0.36769766217,-301.170653,-94.153811,-2.424512,0,-301.733627,blocked
1048576,2097152,0.106,222298,32,12,138,gf,208.460251,0.36769766217,-304.060596,-95.600345,-2.424512,1,-304.877573,blocked
1048576,2097152,0.106,222298,32,12,139,gf,209.903659,0.36769766217,-305.842386,-95.938728,-2.424512,0,-306.738233,blocked
1048576,2097152,0.106,222298,32,12,140,gf,211.347067,0.36769766217,-307.647120,-96.300053,-2.424512,0,-308.343668,blocked
1048576,2097152,0.106,222298,32,12,141,gf,212.790475,0.36769766217,-310.456663,-97.666188,-2.424512,1,-311.109266,blocked
1048576,2097152,0.106,222298,32,12,142,gf,214.233883,0.36769766217,-312.274139,-98.040256,-2.424512,1,-313.186785,blocked
1048576,2097152,0.106,222298,32,12,143,gf,215.677291,0.36769766217,-314.100852,-98.423561,-2.424512,0,-314.953945,blocked
1048576,2097152,0.106,222298,32,12,144,gf,217.120699,0.36769766217,-316.826399,-99.705700,-2.424512,1,-317.342241,blocked
1048576,2097152,0.106,222298,32,12,145,gf,218.564107,0.36769766217,-318.679687,-100.115579,-2.424512,1,-319.420175,blocked
1048576,2097152,0.106,222298,32,12,146,gf,220.007515,0.36769766217,-320.530964,-100.523449,-2.424512,1,-321.498243,blocked
1048576,2097152,0.106,222298,32,12,147,gf,221.450924,0.36769766217,-323.172417,-101.721494,-2.424512,1,-323.576445,blocked
1048576,2097152,0.106,222298,32,12,148,gf,222.894332,0.36769766217,-325.060119,-102.165788,-2.424512,1,-325.654778,blocked
1048576,2097152,0.106,222298,32,12,149,gf,224.337740,0.36769766217,-326.937357,-102.599618,-2.424512,1,-327.733241,blocked
1048576,2097152,0.106,222298,32,12,150,gf,225.736940,0.380154400988,-329.497813,-103.760873,-2.424512,1,-329.811832,blocked
1048576,2097152,0.106,222298,32,12,151,gf,227.132283,0.380154400988,-331.417348,-104.285065,-2.424512,1,-331.890549,blocked
1048576,2097152,0.106,222298,32,12,152,gf,228.527625,0.380154400988,-333.320732,-104.793107,-2.424512,1,-333.969390,blocked
1048576,2097152,0.106,222298,32,12,153,gf,229.922968,0.380154400988,-335.877808,-105.954841,-2.424512,1,-336.048355,blocked
1048576,2097152,0.106,222298,32,12,154,gf,231.318310,0.380154400988,-337.905197,-106.586886,-2.424512,1,-338.127441,blocked
1048576,2097152,0.106,222298,32,12,155,gf,232.713653,0.380154400988,-339.861900,-107.148247,-2.424512,1,-340.206648,blocked
1048576,2097152,0.106,222298,32,12,156,gf,234.108996,0.380154400988,-341.798619,-107.689624,-2.424512,1,-342.285973,blocked
1048576,2097152,0.106,222298,32,12,157,gf,235.504338,0.380154400988,-344.244498,-108.740160,-2.424512,1,-344.365415,blocked
1048576,2097152,0.106,222298,32,12,158,gf,236.899681,0.380154400988,-346.288990,-109.389309,-2.424512,1,-346.444972,blocked
1048576,2097152,0.106,222298,32,12,159,gf,238.295023,0.380154400988,-348.276261,-109.981237,-2.424512,1,-348.524644,blocked
1048576,2097152,0.106,222298,32,12,160,gf,239.690366,0.380154400988,-350.242926,-110.552560,-2.424512,1,-350.604429,blocked
1048576,2097152,0.106,222298,32,12,161,gf,241.085709,0.380154400988,-352.598825,-111.513116,-2.424512,1,-352.684326,blocked
1048576,2097152,0.106,222298,32,12,162,gf,242.481051,0.380154400988,-354.655506,-112.174455,-2.424512,1,-354.764333,blocked
1048576,2097152,0.106,222298,32,12,163,gf,243.876394,0.380154400988,-356.667000,-112.790606,-2.424512,1,-356.844449,blocked
1048576,2097152,0.106,222298,32,12,164,gf,245.271736,0.380154400988,-358.659264,-113.387528,-2.424512,1,-358.924672,blocked
1048576,2097152,0.106,222298,32,12,165,gf,246.667079,0.380154400988,-360.944622,-114.277543,-2.424512,1,-361.005002,blocked
1048576,2097152,0.106,222298,32,12,166,gf,248.062422,0.380154400988,-363.009821,-114.947399,-2.424512,1,-363.085437,blocked
1048576,2097152,0.106,222298,32,12,167,gf,249.457764,0.380154400988,-365.039988,-115.582223,-2.424512,1,-365.165976,blocked
1048576,2097152,0.106,222298,32,12,168,gf,250.853107,0.380154400988,-367.053308,-116.200201,-2.424512,1,-367.246618,blocked
1048576,2097152,0.106,222298,32,12,169,gf,252.248449,0.380154400988,-369.284736,-117.036287,-2.424512,1,-369.327362,blocked
1048576,2097152,0.106,222298,32,12,170,gf,253.643792,0.380154400988,-371.355806,-117.712014,-2.424512,1,-371.408206,blocked
1048576,2097152,0.106,222298,32,12,171,gf,255.039135,0.380154400988,-373.400089,-118.360954,-2.424512,1,-373.489150,blocked
1048576,2097152,0.106,222298,32,12,172,gf,256.434477,0.380154400988,-375.430228,-118.995751,-2.424512,1,-375.570191,blocked
1048576,2097152,0.106,222298,32,12,173,gf,257.829820,0.380154400988,-377.621228,-119.791408,-2.424512,1,-377.651330,blocked
1048576,2097152,0.106,222298,32,12,174,gf,259.225162,0.380154400988,-379.696315,-120.471153,-2.424512,1,-379.732566,blocked
1048576,2097152,0.106,222298,32,12,175,gf,260.620505,0.380154400988,-381.751127,-121.130622,-2.424512,1,-381.813896,blocked
1048576,2097152,0.106,222298,32,12,176,gf,262.015848,0.380154400988,-383.794419,-121.778571,-2.424512,1,-383.895320,blocked
1048576,2097152,0.106,222298,32,12,177,gf,263.411190,0.380154400988,-385.955560,-122.544370,-2.424512,1,-385.976838,blocked
1048576,2097152,0.106,222298,32,12,178,gf,264.806533,0.380154400988,-388.033392,-123.226859,-2.424512,1,-388.058447,blocked
1048576,2097152,0.106,222298,32,12,179,gf,266.201875,0.380154400988,-390.095996,-123.894120,-2.424512,1,-390.140148,blocked
1048576,2097152,0.106,222298,32,12,180,gf,267.597218,0.380154400988,-392.149416,-124.552198,-2.424512,1,-392.221938,blocked
1048576,2097152,0.106,222298,32,12,181,gf,268.992561,0.380154400988,-394.288761,-125.296200,-2.424512,1,-394.303818,blocked
1048576,2097152,0.106,222298,32,12,182,gf,270.387903,0.380154400988,-396.368476,-125.980573,-2.424512,1,-396.385786,blocked
1048576,2097152,0.106,222298,32,12,183,gf,271.783246,0.380154400988,-398.436822,-126.653576,-2.424512,1,-398.467842,blocked
1048576,2097152,0.106,222298,32,12,184,gf,273.178588,0.380154400988,-400.497965,-127.319376,-2.424512,1,-400.549983,blocked
1048576,2097152,0.106,222298,32,12,185,gf,274.573931,0.380154400988,-402.621540,-128.047609,-2.424512,1,-402.632211,blocked
1048576,2097152,0.106,222298,32,12,186,gf,275.969274,0.380154400988,-404.702564,-128.733290,-2.424512,1,-404.714523,blocked
1048576,2097152,0.106,222298,32,12,187,gf,277.364616,0.380154400988,-406.775139,-129.410523,-2.424512,1,-406.796919,blocked
1048576,2097152,0.106,222298,32,12,188,gf,278.759959,0.380154400988,-408.842134,-130.082175,-2.424512,1,-408.879398,blocked
1048576,2097152,0.106,222298,32,12,189,gf,280.155301,0.380154400988,-410.954384,-130.799082,-2.424512,1,-410.961959,blocked
1048576,2097152,0.106,222298,32,12,190,gf,281.550644,0.380154400988,-413.036336,-131.485692,-2.424512,1,-413.044601,blocked
1048576,2097152,0.106,222298,32,12,191,gf,282.945987,0.380154400988,-415.112035,-132.166048,-2.424512,1,-415.127324,blocked
1048576,2097152,0.106,222298,32,12,192,gf,284.341329,0.380154400988,-417.183452,-132.842123,-2.424512,1,-417.210126,blocked
1048576,2097152,0.106,222298,32,12,193,gf,285.736672,0.380154400988,-419.287620,-133.550949,-2.424512,1,-419.293007,blocked
1048576,2097152,0.106,222298,32,12,194,gf,287.132014,0.380154400988,-421.370252,-134.238237,-2.424512,1,-421.375967,blocked
1048576,2097152,0.106,222298,32,12,195,gf,288.527357,0.380154400988,-423.448270,-134.920913,-2.424512,1,-423.459004,blocked
1048576,2097152,0.106,222298,32,12,196,gf,289.922700,0.380154400988,-425.523030,-135.600330,-2.424512,1,-425.542118,blocked
1048576,2097152,0.106,222298,32,12,197,gf,291.318042,0.380154400988,-427.621468,-136.303426,-2.424512,1,-427.625307,blocked
1048576,2097152,0.106,222298,32,12,198,gf,292.713385,0.380154400988,-429.704616,-136.991231,-2.424512,1,-429.708572,blocked
1048576,2097152,0.106,222298,32,12,199,gf,294.108727,0.380154400988,-431.784373,-137.675645,-2.424512,1,-431.791911,blocked
1048576,2097152,0.106,222298,32,12,200,gf,295.504070,0.380154400988,-433.861666,-138.357595,-2.424512,1,-433.875324,blocked
1048576,2097152,0.106,222298,32,12,201,gf,296.899413,0.380154400988,-435.956068,-139.056656,-2.424512,1,-435.958810,blocked
1048576,2097152,0.106,222298,32,12,202,gf,298.294755,0.380154400988,-438.039627,-139.744872,-2.424512,1,-438.042368,blocked
1048576,2097152,0.106,222298,32,12,203,gf,299.690098,0.380154400988,-440.120701,-140.430603,-2.424512,1,-440.125998,blocked
1048576,2097152,0.106,222298,32,12,204,gf,301.085441,0.380154400988,-442.202841,-141.117400,-2.424512,1,-442.209699,blocked
1048576,2097152,0.106,222298,32,12,205,gf,302.480783,0.380154400988,-444.284479,-141.803696,-2.424512,1,-444.293471,blocked
1048576,2097152,0.106,222298,32,12,206,gf,303.876126,0.380154400988,-446.375506,-142.499380,-2.424512,1,-446.377312,blocked
1048576,2097152,0.106,222298,32,12,207,gf,305.271468,0.380154400988,-448.459485,-143.188017,-2.424512,1,-448.461223,blocked
1048576,2097152,0.106,222298,32,12,208,gf,306.666811,0.380154400988,-450.541788,-143.874977,-2.424512,1,-450.545201,blocked
1048576,2097152,0.106,222298,32,12,209,gf,308.062154,0.380154400988,-452.624792,-144.562639,-2.424512,1,-452.629248,blocked
1048576,2097152,0.106,222298,32,12,210,gf,309.457496,0.380154400988,-454.707437,-145.249941,-2.424512,1,-454.713362,blocked
1048576,2097152,0.106,222298,32,12,211,gf,310.852839,0.380154400988,-456.796346,-145.943507,-2.424512,1,-456.797543,blocked
1048576,2097152,0.106,222298,32,12,212,gf,312.248181,0.380154400988,-458.880683,-146.632502,-2.424512,1,-458.881789,blocked
1048576,2097152,0.106,222298,32,12,213,gf,313.643524,0.380154400988,-460.963897,-147.320373,-2.424512,1,-460.966101,blocked
1048576,2097152,0.106,222298,32,12,214,gf,315.038867,0.380154400988,-463.047578,-148.008712,-2.424512,1,-463.050478,blocked
1048576,2097152,0.106,222298,32,12,215,gf,316.434209,0.380154400988,-465.131010,-148.696801,-2.424512,1,-465.134920,blocked
1048576,2097152,0.106,222298,32,12,216,gf,317.829552,0.380154400988,-467.218627,-149.389075,-2.424512,1,-467.219425,blocked
1048576,2097152,0.106,222298,32,12,217,gf,319.224894,0.380154400988,-469.303284,-150.078390,-2.424512,1,-469.303993,blocked
1048576,2097152,0.106,222298,32,12,218,gf,320.620237,0.380154400988,-471.387195,-150.766958,-2.424512,1,-471.388624,blocked
1048576,2097152,0.106,222298,32,12,219,gf,322.015580,0.380154400988,-473.471424,-151.455845,-2.424512,1,-473.473317,blocked
1048576,2097152,0.106,222298,32,12,220,gf,323.410922,0.380154400988,-475.555487,-152.144565,-2.424512,1,-475.558071,blocked
1048576,2097152,0.106,222298,32,12,221,gf,324.806265,0.380154400988,-477.642350,-152.836085,-2.424512,1,-477.642887,blocked
1048576,2097152,0.106,222298,32,12,222,gf,326.201607,0.380154400988,-479.727304,-153.525696,-2.424512,1,-479.727763,blocked
1048576,2097152,0.106,222298,32,12,223,gf,327.596950,0.380154400988,-481.811769,-154.214819,-2.424512,1,-481.812699,blocked
1048576,2097152,0.106,222298,32,12,224,gf,328.992293,0.380154400988,-483.896455,-154.904162,-2.424512,1,-483.897694,blocked
1048576,2097152,0.106,222298,32,12,225,gf,330.387635,0.380154400988,-485.981036,-155.593401,-2.424512,1,-485.982749,blocked
1048576,2097152,0.106,222298,32,12,226,gf,331.782978,0.380154400988,-488.067496,-156.284519,-2.424512,1,-488.067862,blocked
1048576,2097152,0.106,222298,32,12,227,gf,333.178320,0.380154400988,-490.152731,-156.974411,-2.424512,1,-490.153033,blocked
1048576,2097152,0.106,222298,32,12,228,gf,334.573663,0.380154400988,-492.237651,-157.663988,-2.424512,1,-492.238261,blocked
1048576,2097152,0.106,222298,32,12,229,gf,335.969006,0.380154400988,-494.322730,-158.353725,-2.424512,1,-494.323547,blocked
1048576,2097152,0.106,222298,32,12,230,gf,337.364348,0.380154400988,-496.407749,-159.043401,-2.424512,1,-496.408889,blocked
1048576,2097152,0.106,222298,32,12,231,gf,338.759691,0.380154400988,-498.494034,-159.734343,-2.424512,1,-498.494287,blocked
1048576,2097152,0.106,222298,32,12,232,gf,340.155033,0.380154400988,-500.579538,-160.424505,-2.424512,1,-500.579741,blocked
1048576,2097152,0.106,222298,32,12,233,gf,341.550376,0.380154400988,-502.664845,-161.114469,-2.424512,1,-502.665250,blocked
1048576,2097152,0.106,222298,32,12,234,gf,342.945719,0.380154400988,-504.750272,-161.804553,-2.424512,1,-504.750814,blocked
1048576,2097152,0.106,222298,32,12,235,gf,344.341061,0.380154400988,-506.835669,-162.494607,-2.424512,1,-506.836432,blocked
1048576,2097152,0.106,222298,32,12,236,gf,345.736404,0.380154400988,-508.921925,-163.185521,-2.424512,1,-508.922104,blocked
1048576,2097152,0.106,222298,32,12,237,gf,347.131746,0.380154400988,-511.007689,-163.875942,-2.424512,1,-511.007830,blocked
1048576,2097152,0.106,222298,32,12,238,gf,348.527089,0.380154400988,-513.093335,-164.566246,-2.424512,1,-513.093608,blocked
1048576,2097152,0.106,222298,32,12,239,gf,349.922432,0.380154400988,-515.179074,-165.256643,-2.424512,1,-515.179439,blocked
1048576,2097152,0.106,222298,32,12,240,gf,351.317774,0.380154400988,-517.264807,-165.947032,-2.424512,1,-517.265322,blocked
1048576,2097152,0.106,222298,32,12,241,gf,352.713117,0.380154400988,-519.351126,-166.638010,-2.424512,1,-519.351257,blocked
1048576,2097152,0.106,222298,32,12,242,gf,354.108459,0.380154400988,-521.437141,-167.328682,-2.424512,1,-521.437244,blocked
1048576,2097152,0.106,222298,32,12,243,gf,355.503802,0.380154400988,-523.523092,-168.019290,-2.424512,1,-523.523281,blocked
1048576,2097152,0.106,222298,32,12,244,gf,356.899145,0.380154400988,-525.609119,-168.709974,-2.424512,1,-525.609369,blocked
1048576,2097152,0.106,222298,32,12,245,gf,358.294487,0.380154400988,-527.695154,-169.400667,-2.424512,1,-527.695507,blocked
1048576,2097152,0.106,222298,32,12,246,gf,359.689830,0.380154400988,-529.781595,-170.091765,-2.424512,1,-529.781695,blocked
1048576,2097152,0.106,222298,32,12,247,gf,361.085172,0.380154400988,-531.867854,-170.782681,-2.424512,1,-531.867932,blocked
1048576,2097152,0.106,222298,32,12,248,gf,362.480515,0.380154400988,-533.954083,-171.473568,-2.424512,1,-533.954218,blocked
1048576,2097152,0.106,222298,32,12,249,gf,363.875858,0.380154400988,-536.040377,-172.164519,-2.424512,1,-536.040553,blocked
1048576,2097152,0.106,222298,32,12,250,gf,365.271200,0.380154400988,-538.126690,-172.855490,-2.424512,1,-538.126936,blocked
1048576,2097152,0.106,222298,32,12,251,gf,366.666543,0.380154400988,-540.213288,-173.546745,-2.424512,1,-540.213367,blocked
1048576,2097152,0.106,222298,32,12,252,gf,368.061885,0.380154400988,-542.299782,-174.237897,-2.424512,1,-542.299846,blocked
1048576,2097152,0.106,222298,32,12,253,gf,369.457228,0.380154400988,-544.386270,-174.929042,-2.424512,1,-544.386372,blocked
1048576,2097152,0.106,222298,32,12,254,gf,370.852571,0.380154400988,-546.472816,-175.620245,-2.424512,1,-546.472944,blocked
1048576,2097152,0.106,222298,32,12,255,gf,372.247913,0.380154400988,-548.559388,-176.311475,-2.424512,1,-548.559563,blocked
1048576,2097152,0.106,222298,32,12,256,gf,373.643256,0.380154400988,-550.646063,-177.002807,-2.424512,1,-550.646229,blocked
1048576,2097152,0.106,222298,32,12,257,gf,375.038598,0.380154400988,-552.732875,-177.694277,-2.424512,1,-552.732939,blocked
1048576,2097152,0.106,222298,32,12,258,gf,376.433941,0.380154400988,-554.819642,-178.385701,-2.424512,1,-554.819696,blocked
1048576,2097152,0.106,222298,32,12,259,gf,377.829284,0.380154400988,-556.906421,-179.077137,-2.424512,1,-556.906497,blocked
1048576,2097152,0.106,222298,32,12,260,gf,379.224626,0.380154400988,-558.993250,-179.768624,-2.424512,1,-558.993344,blocked
1048576,2097152,0.106,222298,32,12,261,gf,380.619969,0.380154400988,-561.080112,-180.460143,-2.424512,1,-561.080235,blocked
1048576,2097152,0.106,222298,32,12,262,gf,382.015311,0.380154400988,-563.167052,-181.151741,-2.424512,1,-563.167170,blocked
1048576,2097152,0.106,222298,32,12,263,gf,383.410654,0.380154400988,-565.254092,-181.843438,-2.424512,1,-565.254148,blocked
1048576,2097152,0.106,222298,32,12,264,gf,384.805997,0.380154400988,-567.341121,-182.535125,-2.424512,1,-567.341171,blocked
1048576,2097152,0.106,222298,32,12,265,gf,386.201339,0.380154400988,-569.428173,-183.226834,-2.424512,1,-569.428236,blocked
1048576,2097152,0.106,222298,32,12,266,gf,387.596682,0.380154400988,-571.515271,-183.918589,-2.424512,1,-571.515344,blocked
1048576,2097152,0.106,222298,32,12,267,gf,388.992024,0.380154400988,-573.602404,-184.610379,-2.424512,1,-573.602495,blocked
1048576,2097152,0.106,222298,32,12,268,gf,390.387367,0.380154400988,-575.689600,-185.302233,-2.424512,1,-575.689688,blocked
1048576,2097152,0.106,222298,32,12,269,gf,391.782710,0.380154400988,-577.776872,-185.994162,-2.424512,1,-577.776924,blocked
1048576,2097152,0.106,222298,32,12,270,gf,393.178052,0.380154400988,-579.864153,-186.686101,-2.424512,1,-579.864200,blocked
1048576,2097152,0.106,222298,32,12,271,gf,394.573395,0.380154400988,-581.951463,-187.378068,-2.424512,1,-581.951518,blocked
1048576,2097152,0.106,222298,32,12,272,gf,395.968737,0.380154400988,-584.038816,-188.070078,-2.424512,1,-584.038878,blocked
1048576,2097152,0.106,222298,32,12,273,gf,397.364080,0.380154400988,-586.126204,-188.762124,-2.424512,1,-586.126278,blocked
1048576,2097152,0.106,222298,32,12,274,gf,398.759423,0.380154400988,-588.213646,-189.454224,-2.424512,1,-588.213718,blocked
1048576,2097152,0.106,222298,32,12,275,gf,400.154765,0.380154400988,-590.301149,-190.146384,-2.424512,1,-590.301199,blocked
1048576,2097152,0.106,222298,32,12,276,gf,401.550108,0.380154400988,-592.388673,-190.838565,-2.424512,1,-592.388720,blocked
1048576,2097152,0.106,222298,32,12,277,gf,402.945450,0.380154400988,-594.476228,-191.530778,-2.424512,1,-594.476280,blocked
1048576,2097152,0.106,222298,32,12,278,gf,404.340793,0.380154400988,-596.563824,-192.223031,-2.424512,1,-596.563880,blocked
1048576,2097152,0.106,222298,32,12,279,gf,405.736136,0.380154400988,-598.651456,-192.915320,-2.424512,1,-598.651519,blocked
1048576,2097152,0.106,222298,32,12,280,gf,407.131478,0.380154400988,-600.739134,-193.607656,-2.424512,1,-600.739197,blocked
1048576,2097152,0.106,222298,32,12,281,gf,408.526821,0.380154400988,-602.826864,-194.300043,-2.424512,1,-602.826913,blocked
1048576,2097152,0.106,222298,32,12,282,gf,409.922163,0.380154400988,-604.914621,-194.992457,-2.424512,1,-604.914668,blocked
1048576,2097152,0.106,222298,32,12,283,gf,411.317506,0.380154400988,-607.002410,-195.684904,-2.424512,1,-607.002461,blocked
1048576,2097152,0.106,222298,32,12,284,gf,412.712849,0.380154400988,-609.090238,-196.377389,-2.424512,1,-609.090291,blocked
1048576,2097152,0.106,222298,32,12,285,gf,414.108191,0.380154400988,-611.178102,-197.069910,-2.424512,1,-611.178160,blocked
1048576,2097152,0.106,222298,32,12,286,gf,415.503534,0.380154400988,-613.266007,-197.762474,-2.424512,1,-613.266065,blocked
1048576,2097152,0.106,222298,32,12,287,gf,416.898876,0.380154400988,-615.353958,-198.455082,-2.424512,1,-615.354008,blocked
1048576,2097152,0.106,222298,32,12,288,gf,418.294219,0.380154400988,-617.441939,-199.147720,-2.424512,1,-617.441987,blocked
1048576,2097152,0.106,222298,32,12,289,gf,419.689562,0.380154400988,-619.529953,-199.840391,-2.424512,1,-619.530003,blocked
1048576,2097152,0.106,222298,32,12,290,gf,421.084904,0.380154400988,-621.618003,-200.533099,-2.424512,1,-621.618056,blocked
1048576,2097152,0.106,222298,32,12,291,gf,422.480247,0.380154400988,-623.706089,-201.225842,-2.424512,1,-623.706144,blocked
1048576,2097152,0.106,222298,32,12,292,gf,423.875589,0.380154400988,-625.794213,-201.918623,-2.424512,1,-625.794268,blocked
1048576,2097152,0.106,222298,32,12,293,gf,425.270932,0.380154400988,-627.882378,-202.611446,-2.424512,1,-627.882428,blocked
1048576,2097152,0.106,222298,32,12,294,gf,426.666275,0.380154400988,-629.970573,-203.304299,-2.424512,1,-629.970624,blocked
1048576,2097152,0.106,222298,32,12,295,gf,428.061617,0.380154400988,-632.058803,-203.997185,-2.424512,1,-632.058854,blocked
1048576,2097152,0.106,222298,32,12,296,gf,429.456960,0.380154400988,-634.147067,-204.690107,-2.424512,1,-634.147120,blocked
1048576,2097152,0.106,222298,32,12,297,gf,430.852302,0.380154400988,-636.235365,-205.383063,-2.424512,1,-636.235420,blocked
1048576,2097152,0.106,222298,32,12,298,gf,432.247645,0.380154400988,-638.323700,-206.076054,-2.424512,1,-638.323755,blocked
1048576,2097152,0.106,222298,32,12,299,gf,433.642988,0.380154400988,-640.412071,-206.769084,-2.424512,1,-640.412124,blocked
1048576,2097152,0.106,222298,32,12,300,gf,435.038330,0.380154400988,-642.500474,-207.462144,-2.424512,1,-642.500527,blocked
1048576,2097152,0.106,222298,32,12,301,gf,436.433673,0.380154400988,-644.588910,-208.155237,-2.424512,1,-644.588963,blocked
1048576,2097152,0.106,222298,32,12,302,gf,437.829015,0.380154400988,-646.677380,-208.848364,-2.424512,1,-646.677434,blocked
1048576,2097152,0.106,222298,32,12,303,gf,439.224358,0.380154400988,-648.765882,-209.541524,-2.424512,1,-648.765938,blocked
1048576,2097152,0.106,222298,32,12,304,gf,440.619701,0.380154400988,-650.854419,-210.234719,-2.424512,1,-650.854475,blocked
1048576,2097152,0.106,222298,32,12,305,gf,442.015043,0.380154400988,-652.942991,-210.927948,-2.424512,1,-652.943045,blocked
1048576,2097152,0.106,222298,32,12,306,gf,443.410386,0.380154400988,-655.031594,-211.621208,-2.424512,1,-655.031648,blocked
1048576,2097152,0.106,222298,32,12,307,gf,444.805728,0.380154400988,-657.120229,-212.314500,-2.424512,1,-657.120283,blocked
1048576,2097152,0.106,222298,32,12,308,gf,446.201071,0.380154400988,-659.208896,-213.007825,-2.424512,1,-659.208951,blocked
1048576,2097152,0.106,222298,32,12,309,gf,447.596414,0.380154400988,-661.297595,-213.701182,-2.424512,1,-661.297651,blocked
1048576,2097152,0.106,222298,32,12,310,gf,448.991756,0.380154400988,-663.386326,-214.394570,-2.424512,1,-663.386383,blocked
1048576,2097152,0.106,222298,32,12,311,gf,450.387099,0.380154400988,-665.475090,-215.087991,-2.424512,1,-665.475147,blocked
1048576,2097152,0.106,222298,32,12,312,gf,451.782442,0.380154400988,-667.563886,-215.781445,-2.424512,1,-667.563942,blocked
1048576,2097152,0.106,222298,32,12,313,gf,453.177784,0.380154400988,-669.652713,-216.474929,-2.424512,1,-669.652769,blocked
1048576,2097152,0.106,222298,32,12,314,gf,454.573127,0.380154400988,-671.741570,-217.168444,-2.424512,1,-671.741627,blocked
1048576,2097152,0.106,222298,32,12,315,gf,455.968469,0.380154400988,-673.830459,-217.861989,-2.424512,1,-673.830516,blocked
1048576,2097152,0.106,222298,32,12,316,gf,457.363812,0.380154400988,-675.919378,-218.555566,-2.424512,1,-675.919436,blocked
1048576,2097152,0.106,222298,32,12,317,gf,458.759155,0.380154400988,-678.008328,-219.249173,-2.424512,1,-678.008387,blocked
1048576,2097152,0.106,222298,32,12,318,gf,460.154497,0.380154400988,-680.097309,-219.942811,-2.424512,1,-680.097368,blocked
1048576,2097152,0.106,222298,32,12,319,gf,461.549840,0.380154400988,-682.186320,-220.636480,-2.424512,1,-682.186379,blocked
1048576,2097152,0.106,222298,32,12,320,gf,462.945182,0.380154400988,-684.275361,-221.330179,-2.424512,1,-684.275420,blocked
1048576,2097152,0.106,222298,32,12,321,gf,464.340525,0.380154400988,-686.364432,-222.023907,-2.424512,1,-686.364492,blocked
1048576,2097152,0.106,222298,32,12,322,gf,465.735868,0.380154400988,-688.453533,-222.717665,-2.424512,1,-688.453593,blocked
1048576,2097152,0.106,222298,32,12,323,gf,467.131210,0.380154400988,-690.542663,-223.411453,-2.424512,1,-690.542723,blocked
1048576,2097152,0.106,222298,32,12,324,gf,468.526553,0.380154400988,-692.631822,-224.105269,-2.424512,1,-692.631883,blocked
1048576,2097152,0.106,222298,32,12,325,gf,469.921895,0.380154400988,-694.721011,-224.799116,-2.424512,1,-694.721072,blocked
1048576,2097152,0.106,222298,32,12,326,gf,471.317238,0.380154400988,-696.810229,-225.492991,-2.424512,1,-696.810291,blocked
1048576,2097152,0.106,222298,32,12,327,gf,472.712581,0.380154400988,-698.899476,-226.186896,-2.424512,1,-698.899538,blocked
1048576,2097152,0.106,222298,32,12,328,gf,474.107923,0.380154400988,-700.988752,-226.880828,-2.424512,1,-700.988814,blocked
1048576,2097152,0.106,222298,32,12,329,gf,475.503266,0.380154400988,-703.078056,-227.574790,-2.424512,1,-703.078118,blocked
1048576,2097152,0.106,222298,32,12,330,gf,476.898608,0.380154400988,-705.167388,-228.268780,-2.424512,1,-705.167451,blocked
1048576,2097152,0.106,222298,32,12,331,gf,478.293951,0.380154400988,-707.256749,-228.962798,-2.424512,1,-707.256812,blocked
1048576,2097152,0.106,222298,32,12,332,gf,479.689294,0.380154400988,-709.346137,-229.656844,-2.424512,1,-709.346201,blocked
1048576,2097152,0.106,222298,32,12,333,gf,481.084636,0.380154400988,-711.435554,-230.350918,-2.424512,1,-711.435618,blocked
1048576,2097152,0.106,222298,32,12,334,gf,482.479979,0.380154400988,-713.524999,-231.045020,-2.424512,1,-713.525063,blocked
1048576,2097152,0.106,222298,32,12,335,gf,483.875321,0.380154400988,-715.614471,-231.739149,-2.424512,1,-715.614535,blocked
1048576,2097152,0.106,222298,32,12,336,gf,485.270664,0.380154400988,-717.703970,-232.433306,-2.424512,1,-717.704035,blocked
1048576,2097152,0.106,222298,32,12,337,gf,486.666007,0.380154400988,-719.793497,-233.127490,-2.424512,1,-719.793562,blocked
1048576,2097152,0.106,222298,32,12,338,gf,488.061349,0.380154400988,-721.883050,-233.821701,-2.424512,1,-721.883116,blocked
1048576,2097152,0.106,222298,32,12,339,gf,489.456692,0.380154400988,-723.972631,-234.515939,-2.424512,1,-723.972698,blocked
1048576,2097152,0.106,222298,32,12,340,gf,490.852034,0.380154400988,-726.062239,-235.210204,-2.424512,1,-726.062306,blocked
1048576,2097152,0.106,222298,32,12,341,gf,492.247377,0.380154400988,-728.151873,-235.904496,-2.424512,1,-728.151940,blocked
1048576,2097152,0.106,222298,32,12,342,gf,493.642720,0.380154400988,-730.241534,-236.598814,-2.424512,1,-730.241602,blocked
1048576,2097152,0.106,222298,32,12,343,gf,495.038062,0.380154400988,-732.331221,-237.293159,-2.424512,1,-732.331289,blocked
1048576,2097152,0.106,222298,32,12,344,gf,496.433405,0.380154400988,-734.420934,-237.987530,-2.424512,1,-734.421003,blocked
1048576,2097152,0.106,222298,32,12,345,gf,497.828747,0.380154400988,-736.510674,-238.681927,-2.424512,1,-736.510743,blocked
1048576,2097152,0.106,222298,32,12,346,gf,499.224090,0.380154400988,-738.600439,-239.376349,-2.424512,1,-738.600509,blocked
1048576,2097152,0.106,222298,32,12,347,gf,500.619433,0.380154400988,-740.690231,-240.070798,-2.424512,1,-740.690300,blocked
1048576,2097152,0.106,222298,32,12,348,gf,502.014775,0.380154400988,-742.780048,-240.765272,-2.424512,1,-742.780118,blocked
1048576,2097152,0.106,222298,32,12,349,gf,503.410118,0.380154400988,-744.869890,-241.459772,-2.424512,1,-744.869961,blocked
1048576,2097152,0.106,222298,32,12,350,gf,504.805460,0.380154400988,-746.959758,-242.154298,-2.424512,1,-746.959829,blocked
1048576,2097152,0.106,222298,32,12,351,gf,506.200803,0.380154400988,-749.049651,-242.848848,-2.424512,1,-749.049722,blocked
1048576,2097152,0.106,222298,32,12,352,gf,507.596146,0.380154400988,-751.139569,-243.543424,-2.424512,1,-751.139641,blocked
1048576,2097152,0.106,222298,32,12,353,gf,508.991488,0.380154400988,-753.229512,-244.238024,-2.424512,1,-753.229585,blocked
1048576,2097152,0.106,222298,32,12,354,gf,510.386831,0.380154400988,-755.319481,-244.932650,-2.424512,1,-755.319553,blocked
1048576,2097152,0.106,222298,32,12,355,gf,511.782173,0.380154400988,-757.409473,-245.627300,-2.424512,1,-757.409546,blocked
1048576,2097152,0.106,222298,32,12,356,gf,513.177516,0.380154400988,-759.499491,-246.321975,-2.424512,1,-759.499564,blocked
1048576,2097152,0.106,222298,32,12,357,gf,514.572859,0.380154400988,-761.589533,-247.016674,-2.424512,1,-761.589606,blocked
1048576,2097152,0.106,222298,32,12,358,gf,515.968201,0.380154400988,-763.679599,-247.711398,-2.424512,1,-763.679673,blocked
1048576,2097152,0.106,222298,32,12,359,gf,517.363544,0.380154400988,-765.769689,-248.406145,-2.424512,1,-765.769764,blocked
1048576,2097152,0.106,222298,32,12,360,gf,518.758886,0.380154400988,-767.859804,-249.100917,-2.424512,1,-767.859879,blocked
1048576,2097152,0.106,222298,32,12,361,gf,520.154229,0.380154400988,-769.949942,-249.795713,-2.424512,1,-769.950018,blocked
1048576,2097152,0.106,222298,32,12,362,gf,521.549572,0.380154400988,-772.040104,-250.490533,-2.424512,1,-772.040180,blocked
1048576,2097152,0.106,222298,32,12,363,gf,522.944914,0.380154400988,-774.130290,-251.185376,-2.424512,1,-774.130367,blocked
1048576,2097152,0.106,222298,32,12,364,gf,524.340257,0.380154400988,-776.220500,-251.880243,-2.424512,1,-776.220577,blocked
1048576,2097152,0.106,222298,32,12,365,gf,525.735599,0.380154400988,-778.310733,-252.575134,-2.424512,1,-778.310810,blocked
1048576,2097152,0.106,222298,32,12,366,gf,527.130942,0.380154400988,-780.400989,-253.270047,-2.424512,1,-780.401067,blocked
1048576,2097152,0.106,222298,32,12,367,gf,528.526285,0.380154400988,-782.491269,-253.964984,-2.424512,1,-782.491347,blocked
1048576,2097152,0.106,222298,32,12,368,gf,529.921627,0.380154400988,-784.581572,-254.659944,-2.424512,1,-784.581650,blocked
1048576,2097152,0.106,222298,32,12,369,gf,531.316970,0.380154400988,-786.671897,-255.354928,-2.424512,1,-786.671976,blocked
1048576,2097152,0.106,222298,32,12,370,gf,532.712312,0.380154400988,-788.762246,-256.049933,-2.424512,1,-788.762325,blocked
1048576,2097152,0.106,222298,32,12,371,gf,534.107655,0.380154400988,-790.852617,-256.744962,-2.424512,1,-790.852697,blocked
1048576,2097152,0.106,222298,32,12,372,gf,535.502998,0.380154400988,-792.943011,-257.440014,-2.424512,1,-792.943092,blocked
1048576,2097152,0.106,222298,32,12,373,gf,536.898340,0.380154400988,-795.033428,-258.135088,-2.424512,1,-795.033509,blocked
1048576,2097152,0.106,222298,32,12,374,gf,538.293683,0.380154400988,-797.123867,-258.830184,-2.424512,1,-797.123948,blocked
1048576,2097152,0.106,222298,32,12,375,gf,539.689025,0.380154400988,-799.214328,-259.525303,-2.424512,1,-799.214410,blocked
1048576,2097152,0.106,222298,32,12,376,gf,541.084368,0.380154400988,-801.304811,-260.220443,-2.424512,1,-801.304894,blocked
1048576,2097152,0.106,222298,32,12,377,gf,542.479711,0.380154400988,-803.395317,-260.915606,-2.424512,1,-803.395400,blocked
1048576,2097152,0.106,222298,32,12,378,gf,543.875053,0.380154400988,-805.485845,-261.610791,-2.424512,1,-805.485928,blocked
1048576,2097152,0.106,222298,32,12,379,gf,545.270396,0.380154400988,-807.576394,-262.305998,-2.424512,1,-807.576477,blocked
1048576,2097152,0.106,222298,32,12,380,gf,546.665738,0.380154400988,-809.666965,-263.001227,-2.424512,1,-809.667049,blocked
1048576,2097152,0.106,222298,32,12,381,gf,548.061081,0.380154400988,-811.757558,-263.696477,-2.424512,1,-811.757642,blocked
1048576,2097152,0.106,222298,32,12,382,gf,549.456424,0.380154400988,-813.848173,-264.391749,-2.424512,1,-813.848257,blocked
1048576,2097152,0.106,222298,32,12,383,gf,550.834366,0.39303314505,-815.938808,-265.104442,-2.424512,1,-815.938894,blocked
1048576,2097152,0.106,222298,32,12,384,gf,552.181643,0.39303314505,-818.029466,-265.847822,-2.424512,1,-818.029551,blocked
1048576,2097152,0.106,222298,32,12,385,gf,553.528921,0.39303314505,-820.120144,-266.591224,-2.424512,1,-820.120230,blocked
1048576,2097152,0.106,222298,32,12,386,gf,554.876198,0.39303314505,-822.210844,-267.334646,-2.424512,1,-822.210930,blocked
1048576,2097152,0.106,222298,32,12,387,gf,556.223475,0.39303314505,-824.301565,-268.078090,-2.424512,1,-824.301652,blocked
1048576,2097152,0.106,222298,32,12,388,gf,557.570752,0.39303314505,-826.392306,-268.821554,-2.424512,1,-826.392394,blocked
1048576,2097152,0.106,222298,32,12,389,gf,558.918029,0.39303314505,-828.483069,-269.565040,-2.424512,1,-828.483157,blocked
1048576,2097152,0.106,222298,32,12,390,gf,560.265306,0.39303314505,-830.573852,-270.308546,-2.424512,1,-830.573940,blocked
1048576,2097152,0.106,222298,32,12,391,gf,561.612583,0.39303314505,-832.664656,-271.052073,-2.424512,1,-832.664745,blocked
1048576,2097152,0.106,222298,32,12,392,gf,562.959860,0.39303314505,-834.755480,-271.795620,-2.424512,1,-834.755570,blocked
1048576,2097152,0.106,222298,32,12,393,gf,564.307137,0.39303314505,-836.846325,-272.539188,-2.424512,1,-836.846415,blocked
1048576,2097152,0.106,222298,32,12,394,gf,565.654415,0.39303314505,-838.937190,-273.282776,-2.424512,1,-838.937281,blocked
1048576,2097152,0.106,222298,32,12,395,gf,567.001692,0.39303314505,-841.028076,-274.026384,-2.424512,1,-841.028167,blocked
1048576,2097152,0.106,222298,32,12,396,gf,568.348969,0.39303314505,-843.118982,-274.770013,-2.424512,1,-843.119073,blocked
1048576,2097152,0.106,222298,32,12,397,gf,569.696246,0.39303314505,-845.209908,-275.513662,-2.424512,1,-845.209999,blocked
1048576,2097152,0.106,222298,32,12,398,gf,571.043523,0.39303314505,-847.300853,-276.257330,-2.424512,1,-847.300946,blocked
1048576,2097152,0.106,222298,32,12,399,gf,572.390800,0.39303314505,-849.391819,-277.001019,-2.424512,1,-849.391912,blocked
1048576,2097152,0.106,222298,32,12,400,gf,573.738077,0.39303314505,-851.482805,-277.744727,-2.424512,1,-851.482898,blocked
1048576,2097152,0.106,222298,32,12,401,gf,575.085354,0.39303314505,-853.573810,-278.488455,-2.424512,1,-853.573903,blocked
1048576,2097152,0.106,222298,32,12,402,gf,576.432631,0.39303314505,-855.664835,-279.232203,-2.424512,1,-855.664929,blocked
1048576,2097152,0.106,222298,32,12,403,gf,577.779909,0.39303314505,-857.755879,-279.975970,-2.424512,1,-857.755974,blocked
1048576,2097152,0.106,222298,32,12,404,gf,579.127186,0.39303314505,-859.846943,-280.719757,-2.424512,1,-859.847038,blocked
1048576,2097152,0.106,222298,32,12,405,gf,580.474463,0.39303314505,-861.938026,-281.463563,-2.424512,1,-861.938122,blocked
1048576,2097152,0.106,222298,32,12,406,gf,581.821740,0.39303314505,-864.029129,-282.207389,-2.424512,1,-864.029225,blocked
1048576,2097152,0.106,222298,32,12,407,gf,583.169017,0.39303314505,-866.120250,-282.951233,-2.424512,1,-866.120347,blocked
1048576,2097152,0.106,222298,32,12,408,gf,584.516294,0.39303314505,-868.211391,-283.695097,-2.424512,1,-868.211488,blocked
1048576,2097152,0.106,222298,32,12,409,gf,585.863571,0.39303314505,-870.302551,-284.438980,-2.424512,1,-870.302649,blocked
1048576,2097152,0.106,222298,32,12,410,gf,587.210848,0.39303314505,-872.393730,-285.182882,-2.424512,1,-872.393828,blocked
1048576,2097152,0.106,222298,32,12,411,gf,588.558125,0.39303314505,-874.484928,-285.926802,-2.424512,1,-874.485026,blocked
1048576,2097152,0.106,222298,32,12,412,gf,589.905403,0.39303314505,-876.576144,-286.670741,-2.424512,1,-876.576243,blocked
1048576,2097152,0.106,222298,32,12,413,gf,591.252680,0.39303314505,-878.667379,-287.414699,-2.424512,1,-878.667478,blocked
1048576,2097152,0.106,222298,32,12,414,gf,592.599957,0.39303314505,-880.758633,-288.158676,-2.424512,1,-880.758733,blocked
1048576,2097152,0.106,222298,32,12,415,gf,593.947234,0.39303314505,-882.849905,-288.902671,-2.424512,1,-882.850005,blocked
1048576,2097152,0.106,222298,32,12,416,gf,595.294511,0.39303314505,-884.941196,-289.646685,-2.424512,1,-884.941297,blocked
1048576,2097152,0.106,222298,32,12,417,gf,596.641788,0.39303314505,-887.032505,-290.390717,-2.424512,1,-887.032606,blocked
1048576,2097152,0.106,222298,32,12,418,gf,597.989065,0.39303314505,-889.123832,-291.134767,-2.424512,1,-889.123934,blocked
1048576,2097152,0.106,222298,32,12,419,gf,599.336342,0.39303314505,-891.215178,-291.878835,-2.424512,1,-891.215280,blocked
1048576,2097152,0.106,222298,32,12,420,gf,600.683620,0.39303314505,-893.306542,-292.622922,-2.424512,1,-893.306644,blocked
1048576,2097152,0.106,222298,32,12,421,gf,602.030897,0.39303314505,-895.397923,-293.367027,-2.424512,1,-895.398027,blocked
1048576,2097152,0.106,222298,32,12,422,gf,603.378174,0.39303314505,-897.489323,-294.111149,-2.424512,1,-897.489427,blocked
1048576,2097152,0.106,222298,32,12,423,gf,604.725451,0.39303314505,-899.580741,-294.855290,-2.424512,1,-899.580845,blocked
1048576,2097152,0.106,222298,32,12,424,gf,606.072728,0.39303314505,-901.672176,-295.599448,-2.424512,1,-901.672281,blocked
1048576,2097152,0.106,222298,32,12,425,gf,607.420005,0.39303314505,-903.763629,-296.343624,-2.424512,1,-903.763735,blocked
1048576,2097152,0.106,222298,32,12,426,gf,608.767282,0.39303314505,-905.855100,-297.087818,-2.424512,1,-905.855206,blocked
1048576,2097152,0.106,222298,32,12,427,gf,610.114559,0.39303314505,-907.946589,-297.832030,-2.424512,1,-907.946695,blocked
1048576,2097152,0.106,222298,32,12,428,gf,611.461836,0.39303314505,-910.038095,-298.576259,-2.424512,1,-910.038202,blocked
1048576,2097152,0.106,222298,32,12,429,gf,612.809114,0.39303314505,-912.129619,-299.320505,-2.424512,1,-912.129726,blocked
1048576,2097152,0.106,222298,32,12,430,gf,614.156391,0.39303314505,-914.221159,-300.064769,-2.424512,1,-914.221267,blocked
1048576,2097152,0.106,222298,32,12,431,gf,615.503668,0.39303314505,-916.312718,-300.809050,-2.424512,1,-916.312826,blocked
1048576,2097152,0.106,222298,32,12,432,gf,616.850945,0.39303314505,-918.404293,-301.553348,-2.424512,1,-918.404402,blocked
1048576,2097152,0.106,222298,32,12,433,gf,618.198222,0.39303314505,-920.495886,-302.297664,-2.424512,1,-920.495995,blocked
1048576,2097152,0.106,222298,32,12,434,gf,619.545499,0.39303314505,-922.587496,-303.041997,-2.424512,1,-922.587606,blocked
1048576,2097152,0.106,222298,32,12,435,gf,620.892776,0.39303314505,-924.679122,-303.786346,-2.424512,1,-924.679233,blocked
1048576,2097152,0.106,222298,32,12,436,gf,622.240053,0.39303314505,-926.770766,-304.530713,-2.424512,1,-926.770877,blocked
1048576,2097152,0.106,222298,32,12,437,gf,623.587330,0.39303314505,-928.862427,-305.275096,-2.424512,1,-928.862538,blocked
1048576,2097152,0.106,222298,32,12,438,gf,624.934608,0.39303314505,-930.954104,-306.019497,-2.424512,1,-930.954216,blocked
1048576,2097152,0.106,222298,32,12,439,gf,626.281885,0.39303314505,-933.045799,-306.763914,-2.424512,1,-933.045911,blocked
1048576,2097152,0.106,222298,32,12,440,gf,627.629162,0.39303314505,-935.137509,-307.508348,-2.424512,1,-935.137623,blocked
1048576,2097152,0.106,222298,32,12,441,gf,628.976439,0.39303314505,-937.229237,-308.252798,-2.424512,1,-937.229351,blocked
1048576,2097152,0.106,222298,32,12,442,gf,630.323716,0.39303314505,-939.320981,-308.997265,-2.424512,1,-939.321095,blocked
1048576,2097152,0.106,222298,32,12,443,gf,631.670993,0.39303314505,-941.412742,-309.741749,-2.424512,1,-941.412856,blocked
1048576,2097152,0.106,222298,32,12,444,gf,633.018270,0.39303314505,-943.504519,-310.486249,-2.424512,1,-943.504634,blocked
1048576,2097152,0.106,222298,32,12,445,gf,634.365547,0.39303314505,-945.596312,-311.230765,-2.424512,1,-945.596428,blocked
1048576,2097152,0.106,222298,32,12,446,gf,635.712824,0.39303314505,-947.688122,-311.975298,-2.424512,1,-947.688238,blocked
1048576,2097152,0.106,222298,32,12,447,gf,637.060102,0.39303314505,-949.779948,-312.719846,-2.424512,1,-949.780065,blocked
1048576,2097152,0.106,222298,32,12,448,gf,638.407379,0.39303314505,-951.871790,-313.464411,-2.424512,1,-951.871907,blocked
1048576,2097152,0.106,222298,32,12,449,gf,639.754656,0.39303314505,-953.963648,-314.208993,-2.424512,1,-953.963766,blocked
1048576,2097152,0.106,222298,32,12,450,gf,641.101933,0.39303314505,-956.055523,-314.953590,-2.424512,1,-956.055641,blocked
1048576,2097152,0.106,222298,32,12,451,gf,642.449210,0.39303314505,-958.147413,-315.698203,-2.424512,1,-958.147532,blocked
1048576,2097152,0.106,222298,32,12,452,gf,643.796487,0.39303314505,-960.239319,-316.442832,-2.424512,1,-960.239439,blocked
1048576,2097152,0.106,222298,32,12,453,gf,645.143764,0.39303314505,-962.331241,-317.187477,-2.424512,1,-962.331361,blocked
1048576,2097152,0.106,222298,32,12,454,gf,646.491041,0.39303314505,-964.423179,-317.932138,-2.424512,1,-964.423300,blocked
1048576,2097152,0.106,222298,32,12,455,gf,647.838318,0.39303314505,-966.515133,-318.676814,-2.424512,1,-966.515254,blocked
1048576,2097152,0.106,222298,32,12,456,gf,649.185596,0.39303314505,-968.607102,-319.421506,-2.424512,1,-968.607223,blocked
1048576,2097152,0.106,222298,32,12,457,gf,650.532873,0.39303314505,-970.699087,-320.166214,-2.424512,1,-970.699209,blocked
1048576,2097152,0.106,222298,32,12,458,gf,651.880150,0.39303314505,-972.791087,-320.910937,-2.424512,1,-972.791210,blocked
1048576,2097152,0.106,222298,32,12,459,gf,653.227427,0.39303314505,-974.883103,-321.655676,-2.424512,1,-974.883226,blocked
1048576,2097152,0.106,222298,32,12,460,gf,654.574704,0.39303314505,-976.975135,-322.400431,-2.424512,1,-976.975258,blocked
1048576,2097152,0.106,222298,32,12,461,gf,655.921981,0.39303314505,-979.067181,-323.145200,-2.424512,1,-979.067306,blocked
1048576,2097152,0.106,222298,32,12,462,gf,657.269258,0.39303314505,-981.159243,-323.889985,-2.424512,1,-981.159368,blocked
1048576,2097152,0.106,222298,32,12,463,gf,658.616535,0.39303314505,-983.251321,-324.634785,-2.424512,1,-983.251446,blocked
1048576,2097152,0.106,222298,32,12,464,gf,659.963812,0.39303314505,-985.343413,-325.379601,-2.424512,1,-985.343539,blocked
1048576,2097152,0.106,222298,32,12,465,gf,661.311090,0.39303314505,-987.435521,-326.124432,-2.424512,1,-987.435648,blocked
1048576,2097152,0.106,222298,32,12,466,gf,662.658367,0.39303314505,-989.527644,-326.869277,-2.424512,1,-989.527771,blocked
1048576,2097152,0.106,222298,32,12,467,gf,664.005644,0.39303314505,-991.619782,-327.614138,-2.424512,1,-991.619910,blocked
1048576,2097152,0.106,222298,32,12,468,gf,665.352921,0.39303314505,-993.711935,-328.359014,-2.424512,1,-993.712063,blocked
1048576,2097152,0.106,222298,32,12,469,gf,666.700198,0.39303314505,-995.804103,-329.103905,-2.424512,1,-995.804232,blocked
1048576,2097152,0.106,222298,32,12,470,gf,668.047475,0.39303314505,-997.896285,-329.848810,-2.424512,1,-997.896415,blocked
1048576,2097152,0.106,222298,32,12,471,gf,669.394752,0.39303314505,-999.988483,-330.593731,-2.424512,1,-999.988613,blocked
1048576,2097152,0.106,222298,32,12,472,gf,670.742029,0.39303314505,-1002.080695,-331.338666,-2.424512,1,-1002.080826,blocked
1048576,2097152,0.106,222298,32,12,473,gf,672.089306,0.39303314505,-1004.172922,-332.083616,-2.424512,1,-1004.173053,blocked
1048576,2097152,0.106,222298,32,12,474,gf,673.436584,0.39303314505,-1006.265164,-332.828580,-2.424512,1,-1006.265296,blocked
1048576,2097152,0.106,222298,32,12,475,gf,674.783861,0.39303314505,-1008.357420,-333.573560,-2.424512,1,-1008.357553,blocked
1048576,2097152,0.106,222298,32,12,476,gf,676.131138,0.39303314505,-1010.449691,-334.318553,-2.424512,1,-1010.449824,blocked
1048576,2097152,0.106,222298,32,12,477,gf,677.478415,0.39303314505,-1012.541977,-335.063562,-2.424512,1,-1012.542110,blocked
1048576,2097152,0.106,222298,32,12,478,gf,678.825692,0.39303314505,-1014.634276,-335.808584,-2.424512,1,-1014.634410,blocked
1048576,2097152,0.106,222298,32,12,479,gf,680.172969,0.39303314505,-1016.726591,-336.553622,-2.424512,1,-1016.726725,blocked
1048576,2097152,0.106,222298,32,12,480,gf,681.520246,0.39303314505,-1018.818919,-337.298673,-2.424512,1,-1018.819054,blocked
1048576,2097152,0.106,222298,32,12,481,gf,682.867523,0.39303314505,-1020.911262,-338.043739,-2.424512,1,-1020.911398,blocked
1048576,2097152,0.106,222298,32,12,482,gf,684.214801,0.39303314505,-1023.003619,-338.788819,-2.424512,1,-1023.003756,blocked
1048576,2097152,0.106,222298,32,12,483,gf,685.562078,0.39303314505,-1025.095991,-339.533913,-2.424512,1,-1025.096127,blocked
1048576,2097152,0.106,222298,32,12,484,gf,686.909355,0.39303314505,-1027.188376,-340.279021,-2.424512,1,-1027.188514,blocked
1048576,2097152,0.106,222298,32,12,485,gf,688.256632,0.39303314505,-1029.280776,-341.024144,-2.424512,1,-1029.280914,blocked
1048576,2097152,0.106,222298,32,12,486,gf,689.603909,0.39303314505,-1031.373189,-341.769281,-2.424512,1,-1031.373328,blocked
1048576,2097152,0.106,222298,32,12,487,gf,690.951186,0.39303314505,-1033.465617,-342.514431,-2.424512,1,-1033.465756,blocked
1048576,2097152,0.106,222298,32,12,488,gf,692.298463,0.39303314505,-1035.558059,-343.259596,-2.424512,1,-1035.558198,blocked
1048576,2097152,0.106,222298,32,12,489,gf,693.645740,0.39303314505,-1037.650514,-344.004774,-2.424512,1,-1037.650655,blocked
1048576,2097152,0.106,222298,32,12,490,gf,694.993017,0.39303314505,-1039.742984,-344.749966,-2.424512,1,-1039.743125,blocked
1048576,2097152,0.106,222298,32,12,491,gf,696.340295,0.39303314505,-1041.835467,-345.495172,-2.424512,1,-1041.835608,blocked
1048576,2097152,0.106,222298,32,12,492,gf,697.687572,0.39303314505,-1043.927964,-346.240392,-2.424512,1,-1043.928106,blocked
1048576,2097152,0.106,222298,32,12,493,gf,699.034849,0.39303314505,-1046.020475,-346.985626,-2.424512,1,-1046.020617,blocked
1048576,2097152,0.106,222298,32,12,494,gf,700.382126,0.39303314505,-1048.112999,-347.730873,-2.424512,1,-1048.113142,blocked
1048576,2097152,0.106,222298,32,12,495,gf,701.729403,0.39303314505,-1050.205537,-348.476134,-2.424512,1,-1050.205681,blocked
1048576,2097152,0.106,222298,32,12,496,gf,703.076680,0.39303314505,-1052.298088,-349.221408,-2.424512,1,-1052.298233,blocked
1048576,2097152,0.106,222298,32,12,497,gf,704.423957,0.39303314505,-1054.390654,-349.966696,-2.424512,1,-1054.390799,blocked
1048576,2097152,0.106,222298,32,12,498,gf,705.771234,0.39303314505,-1056.483232,-350.711998,-2.424512,1,-1056.483378,blocked
1048576,2097152,0.106,222298,32,12,499,gf,707.118511,0.39303314505,-1058.575824,-351.457313,-2.424512,1,-1058.575970,blocked
1048576,2097152,0.106,222298,32,12,500,gf,708.465789,0.39303314505,-1060.668430,-352.202641,-2.424512,1,-1060.668576,blocked
