k,N,parity_n,parity_extra,delta,d,sigma,offset,h,outer_source,outer_log2,outer_z,inner_log2,term_log2,cum_log2,best_r,best_piece_log2,survivor_only_sum
1048576,2097184,1048608,32,0.106,222301,32,12,1,gf,-18.413263,0.005,-2.237845,-20.651108,-20.651108,0,-2.237845,exact
1048576,2097184,1048608,32,0.106,222301,32,12,2,exact,-11.000000,,-4.475690,-15.475690,-15.436309,0,-4.475690,exact
1048576,2097184,1048608,32,0.106,222301,32,12,3,exact,-6.000000,,-6.713533,-12.713533,-12.510041,0,-6.713533,exact
1048576,2097184,1048608,32,0.106,222301,32,12,4,exact,-2.037103,,-8.951376,-10.988480,-10.557329,0,-8.951376,exact
1048576,2097184,1048608,32,0.106,222301,32,12,5,exact,1.304926,,-11.189219,-9.884293,-9.181914,0,-11.189219,exact
1048576,2097184,1048608,32,0.106,222301,32,12,6,exact,4.198041,,-13.427060,-9.229019,-8.205274,0,-13.427060,exact
1048576,2097184,1048608,32,0.106,222301,32,12,7,exact,6.738555,,-15.664901,-8.926346,-7.521222,0,-15.664901,exact
1048576,2097184,1048608,32,0.106,222301,32,12,8,exact,8.990210,,-17.902741,-8.912531,-7.055280,0,-17.902741,exact
1048576,2097184,1048608,32,0.106,222301,32,12,9,exact,11.000774,,-20.140580,-9.139807,-6.749866,0,-20.140581,exact
1048576,2097184,1048608,32,0.106,222301,32,12,10,exact,12.810201,,-22.378419,-9.568218,-6.558591,0,-22.378420,exact
1048576,2097184,1048608,32,0.106,222301,32,12,11,exact,14.455439,,-24.616257,-10.160818,-6.444434,0,-24.616258,exact
1048576,2097184,1048608,32,0.106,222301,32,12,12,exact,15.973600,,-26.854094,-10.880494,-6.379280,0,-26.854095,exact
1048576,2097184,1048608,32,0.106,222301,32,12,13,exact,17.403935,,-29.091931,-11.687996,-6.343332,0,-29.091932,exact
1048576,2097184,1048608,32,0.106,222301,32,12,14,exact,18.788230,,-31.329766,-12.541536,-6.323816,0,-31.329768,exact
1048576,2097184,1048608,32,0.106,222301,32,12,15,exact,20.168545,,-33.567601,-13.399056,-6.313157,0,-33.567603,exact
1048576,2097184,1048608,32,0.106,222301,32,12,16,exact,21.581184,,-35.805435,-14.224251,-6.307176,0,-35.805437,exact
1048576,2097184,1048608,32,0.106,222301,32,12,17,exact,23.048205,,-38.043268,-14.995064,-6.303682,0,-38.043271,exact
1048576,2097184,1048608,32,0.106,222301,32,12,18,exact,24.571941,,-40.281101,-15.709160,-6.301556,0,-40.281104,exact
1048576,2097184,1048608,32,0.106,222301,32,12,19,exact,26.137965,,-42.518932,-16.380967,-6.300223,0,-42.518937,exact
1048576,2097184,1048608,32,0.106,222301,32,12,20,exact,27.724618,,-44.756763,-17.032146,-6.299375,0,-44.756768,exact
1048576,2097184,1048608,32,0.106,222301,32,12,21,exact,29.312092,,-46.994593,-17.682501,-6.298835,0,-46.994599,exact
1048576,2097184,1048608,32,0.106,222301,32,12,22,exact,30.886908,,-49.232422,-18.345514,-6.298494,0,-49.232429,exact
1048576,2097184,1048608,32,0.106,222301,32,12,23,exact,32.442390,,-51.470250,-19.027860,-6.298282,0,-51.470259,exact
1048576,2097184,1048608,32,0.106,222301,32,12,24,exact,33.977285,,-53.708077,-19.730792,-6.298151,0,-53.708088,exact
1048576,2097184,1048608,32,0.106,222301,32,12,25,exact,35.493988,,-55.945903,-20.451915,-6.298072,0,-55.945916,exact
1048576,2097184,1048608,32,0.106,222301,32,12,26,exact,36.996931,,-58.183728,-21.186797,-6.298025,0,-58.183743,exact
1048576,2097184,1048608,32,0.106,222301,32,12,27,exact,38.491256,,-60.421552,-21.930296,-6.297996,0,-60.421570,exact
1048576,2097184,1048608,32,0.106,222301,32,12,28,exact,39.981773,,-62.659374,-22.677601,-6.297979,0,-62.659396,exact
1048576,2097184,1048608,32,0.106,222301,32,12,29,exact,41.472222,,-64.897196,-23.424973,-6.297969,0,-64.897221,exact
1048576,2097184,1048608,32,0.106,222301,32,12,30,exact,42.964885,,-67.135015,-24.170131,-6.297963,0,-67.135046,exact
1048576,2097184,1048608,32,0.106,222301,32,12,31,exact,44.460559,,-68.343543,-23.882984,-6.297956,0,-68.343561,blocked
1048576,2097184,1048608,32,0.106,222301,32,12,32,exact,45.958839,,-70.548499,-24.589659,-6.297952,0,-70.548519,blocked
1048576,2097184,1048608,32,0.106,222301,32,12,33,exact,47.458571,,-72.753503,-25.294932,-6.297949,0,-72.753526,blocked
1048576,2097184,1048608,32,0.106,222301,32,12,34,exact,48.958323,,-74.958555,-26.000232,-6.297947,0,-74.958581,blocked
1048576,2097184,1048608,32,0.106,222301,32,12,35,exact,50.456770,,-77.163655,-26.706885,-6.297946,0,-77.163685,blocked
1048576,2097184,1048608,32,0.106,222301,32,12,36,exact,51.952926,,-79.368803,-27.415877,-6.297945,0,-79.368837,blocked
1048576,2097184,1048608,32,0.106,222301,32,12,37,exact,53.446227,,-81.574000,-28.127772,-6.297945,0,-81.574039,blocked
1048576,2097184,1048608,32,0.106,222301,32,12,38,exact,54.936512,,-83.779244,-28.842732,-6.297945,0,-83.779288,blocked
1048576,2097184,1048608,32,0.106,222301,32,12,39,exact,56.423925,,-85.984536,-29.560610,-6.297945,0,-85.984586,blocked
1048576,2097184,1048608,32,0.106,222301,32,12,40,exact,57.908805,,-88.189875,-30.281070,-6.297945,0,-88.189932,blocked
1048576,2097184,1048608,32,0.106,222301,32,12,41,exact,59.391564,,-90.395262,-31.003698,-6.297945,0,-90.395326,blocked
1048576,2097184,1048608,32,0.106,222301,32,12,42,exact,60.872598,,-92.600696,-31.728098,-6.297944,0,-92.600768,blocked
1048576,2097184,1048608,32,0.106,222301,32,12,43,exact,62.352228,,-94.806177,-32.453949,-6.297944,0,-94.806259,blocked
1048576,2097184,1048608,32,0.106,222301,32,12,44,exact,63.830672,,-97.011705,-33.181033,-6.297944,0,-97.011797,blocked
1048576,2097184,1048608,32,0.106,222301,32,12,45,exact,65.308041,,-99.217280,-33.909239,-6.297944,0,-99.217384,blocked
1048576,2097184,1048608,32,0.106,222301,32,12,46,exact,66.784363,,-101.422901,-34.638538,-6.297944,0,-101.423018,blocked
1048576,2097184,1048608,32,0.106,222301,32,12,47,exact,68.259608,,-103.628568,-35.368960,-6.297944,0,-103.628700,blocked
1048576,2097184,1048608,32,0.106,222301,32,12,48,exact,69.733717,,-105.834282,-36.100564,-6.297944,0,-105.834429,blocked
1048576,2097184,1048608,32,0.106,222301,32,12,49,exact,71.206628,,-108.040041,-36.833412,-6.297944,0,-108.040207,blocked
1048576,2097184,1048608,32,0.106,222301,32,12,50,exact,72.678293,,-110.245845,-37.567552,-6.297944,0,-110.246031,blocked
1048576,2097184,1048608,32,0.106,222301,32,12,51,exact,74.148685,,-112.326155,-38.177470,-6.297944,0,-112.326346,blocked
1048576,2097184,1048608,32,0.106,222301,32,12,52,exact,75.617801,,-114.657589,-39.039788,-6.297944,0,-114.657823,blocked
1048576,2097184,1048608,32,0.106,222301,32,12,53,exact,77.085661,,-116.729768,-39.644107,-6.297944,0,-116.730006,blocked
1048576,2097184,1048608,32,0.106,222301,32,12,54,exact,78.552297,,-119.069511,-40.517214,-6.297944,0,-119.069804,blocked
1048576,2097184,1048608,32,0.106,222301,32,12,55,exact,80.017752,,-121.133373,-41.115621,-6.297944,0,-121.133669,blocked
1048576,2097184,1048608,32,0.106,222301,32,12,56,exact,81.482069,,-123.481607,-41.999539,-6.297944,0,-123.481972,blocked
1048576,2097184,1048608,32,0.106,222301,32,12,57,exact,82.945287,,-125.536973,-42.591686,-6.297944,0,-125.537341,blocked
1048576,2097184,1048608,32,0.106,222301,32,12,58,exact,84.407444,,-127.893874,-43.486431,-6.297944,0,-127.894329,blocked
1048576,2097184,1048608,32,0.106,222301,32,12,59,exact,85.868566,,-129.940571,-44.072005,-6.297944,0,-129.941025,blocked
1048576,2097184,1048608,32,0.106,222301,32,12,60,exact,87.328677,,-132.306307,-44.977630,-6.297944,0,-132.306872,blocked
1048576,2097184,1048608,32,0.106,222301,32,12,61,exact,88.787796,,-134.344168,-45.556372,-6.297944,0,-134.344728,blocked
1048576,2097184,1048608,32,0.106,222301,32,12,62,exact,90.245936,,-136.718901,-46.472964,-6.297944,0,-136.719601,blocked
1048576,2097184,1048608,32,0.106,222301,32,12,63,exact,91.703112,,-138.747765,-47.044653,-6.297944,0,-138.748454,blocked
1048576,2097184,1048608,32,0.106,222301,32,12,64,exact,93.159335,,-141.131648,-47.972314,-6.297944,0,-141.132516,blocked
1048576,2097184,1048608,32,0.106,222301,32,12,65,exact,94.614617,,-143.151360,-48.536743,-6.297944,0,-143.152208,blocked
1048576,2097184,1048608,32,0.106,222301,32,12,66,exact,96.068973,,-145.544543,-49.475570,-6.297944,0,-145.545615,blocked
1048576,2097184,1048608,32,0.106,222301,32,12,67,exact,97.522416,,-147.554954,-50.032537,-6.297944,0,-147.555993,blocked
1048576,2097184,1048608,32,0.106,222301,32,12,68,exact,98.974962,,-149.957575,-50.982614,-6.297944,0,-149.958897,blocked
1048576,2097184,1048608,32,0.106,222301,32,12,69,exact,100.426624,,-151.958542,-51.531918,-6.297944,0,-151.959814,blocked
1048576,2097184,1048608,32,0.106,222301,32,12,70,exact,101.877418,,-154.370735,-52.493316,-6.297944,0,-154.372362,blocked
1048576,2097184,1048608,32,0.106,222301,32,12,71,exact,103.327359,,-156.362121,-53.034762,-6.297944,0,-156.363676,blocked
1048576,2097184,1048608,32,0.106,222301,32,12,72,exact,104.776461,,-158.784008,-54.007547,-6.297944,0,-158.786009,blocked
1048576,2097184,1048608,32,0.106,222301,32,12,73,exact,106.224737,,-160.765684,-54.540947,-6.297944,0,-160.767582,blocked
1048576,2097184,1048608,32,0.106,222301,32,12,74,exact,107.672202,,-163.197380,-55.525178,-6.297944,0,-163.199836,blocked
1048576,2097184,1048608,32,0.106,222301,32,12,75,exact,109.118867,,-165.169223,-56.050357,-6.297944,0,-165.171535,blocked
1048576,2097184,1048608,32,0.106,222301,32,12,76,exact,110.564744,,-167.610832,-57.046088,-6.297944,0,-167.613844,blocked
1048576,2097184,1048608,32,0.106,222301,32,12,77,exact,112.009846,,-169.572727,-57.562881,-6.297944,0,-169.575540,blocked
1048576,2097184,1048608,32,0.106,222301,32,12,78,exact,113.454182,,-172.024342,-58.570160,-6.297944,0,-172.028031,blocked
1048576,2097184,1048608,32,0.106,222301,32,12,79,exact,114.897765,,-173.976182,-59.078416,-6.297944,0,-173.979600,blocked
1048576,2097184,1048608,32,0.106,222301,32,12,80,exact,116.340605,,-176.437884,-60.097279,-6.297944,0,-176.442395,blocked
1048576,2097184,1048608,32,0.106,222301,32,12,81,gf,124.554005,0.36769766217,-178.379569,-53.825564,-6.297944,0,-178.383718,blocked
1048576,2097184,1048608,32,0.106,222301,32,12,82,gf,125.997413,0.36769766217,-180.851426,-54.854013,-6.297944,0,-180.856937,blocked
1048576,2097184,1048608,32,0.106,222301,32,12,83,gf,127.440822,0.36769766217,-182.782868,-55.342047,-6.297944,0,-182.787897,blocked
1048576,2097184,1048608,32,0.106,222301,32,12,84,gf,128.884230,0.36769766217,-185.264931,-56.380701,-6.297944,0,-185.271655,blocked
1048576,2097184,1048608,32,0.106,222301,32,12,85,gf,130.327638,0.36769766217,-187.186052,-56.858414,-6.297944,0,-187.192141,blocked
1048576,2097184,1048608,32,0.106,222301,32,12,86,gf,131.771046,0.36769766217,-189.678351,-57.907306,-6.297944,0,-189.686548,blocked
1048576,2097184,1048608,32,0.106,222301,32,12,87,gf,133.214454,0.36769766217,-191.589087,-58.374633,-6.297944,0,-191.596452,blocked
1048576,2097184,1048608,32,0.106,222301,32,12,88,gf,134.657862,0.36769766217,-194.091635,-59.433773,-6.297944,0,-194.101616,blocked
1048576,2097184,1048608,32,0.106,222301,32,12,89,gf,136.101270,0.36769766217,-195.991935,-59.890665,-6.297944,0,-196.000833,blocked
1048576,2097184,1048608,32,0.106,222301,32,12,90,gf,137.544678,0.36769766217,-198.504715,-60.960037,-6.297944,0,-198.516856,blocked
1048576,2097184,1048608,32,0.106,222301,32,12,91,gf,138.988086,0.36769766217,-200.394548,-61.406462,-6.297944,0,-200.405286,blocked
1048576,2097184,1048608,32,0.106,222301,32,12,92,gf,140.431494,0.36769766217,-202.917515,-62.486020,-6.297944,0,-202.932268,blocked
1048576,2097184,1048608,32,0.106,222301,32,12,93,gf,141.874902,0.36769766217,-204.796868,-62.921966,-6.297944,0,-204.809815,blocked
1048576,2097184,1048608,32,0.106,222301,32,12,94,gf,143.318311,0.36769766217,-207.329941,-64.011630,-6.297944,0,-207.347852,blocked
1048576,2097184,1048608,32,0.106,222301,32,12,95,gf,144.761719,0.36769766217,-209.198827,-64.437109,-6.297944,0,-209.214421,blocked
1048576,2097184,1048608,32,0.106,222301,32,12,96,gf,146.205127,0.36769766217,-211.741883,-65.536757,-6.297944,0,-211.763605,blocked
1048576,2097184,1048608,32,0.106,222301,32,12,97,gf,147.648535,0.36769766217,-213.600344,-65.951809,-6.297944,0,-213.619107,blocked
1048576,2097184,1048608,32,0.106,222301,32,12,98,gf,149.091943,0.36769766217,-216.153210,-67.061267,-6.297944,0,-216.179527,blocked
1048576,2097184,1048608,32,0.106,222301,32,12,99,gf,150.535351,0.36769766217,-218.001320,-67.465969,-6.297944,0,-218.023875,blocked
1048576,2097184,1048608,32,0.106,222301,32,12,100,gf,151.978759,0.36769766217,-220.563765,-68.585006,-6.297944,0,-220.595617,blocked
1048576,2097184,1048608,32,0.106,222301,32,12,101,gf,153.422167,0.36769766217,-222.401641,-68.979474,-6.297944,0,-222.428726,blocked
1048576,2097184,1048608,32,0.106,222301,32,12,102,gf,154.865575,0.36769766217,-225.504031,-70.638456,-6.297944,0,-225.559999,blocked
1048576,2097184,1048608,32,0.106,222301,32,12,103,gf,156.308983,0.36769766217,-227.177737,-70.868754,-6.297944,0,-227.220065,blocked
1048576,2097184,1048608,32,0.106,222301,32,12,104,gf,157.752391,0.36769766217,-229.000589,-71.248198,-6.297944,0,-229.036165,blocked
1048576,2097184,1048608,32,0.106,222301,32,12,105,gf,159.195800,0.36769766217,-232.125901,-72.930101,-6.297944,0,-232.200817,blocked
1048576,2097184,1048608,32,0.106,222301,32,12,106,gf,160.639208,0.36769766217,-233.788779,-73.149571,-6.297944,0,-233.844883,blocked
1048576,2097184,1048608,32,0.106,222301,32,12,107,gf,162.082616,0.36769766217,-235.597186,-73.514570,-6.297944,0,-235.643802,blocked
1048576,2097184,1048608,32,0.106,222301,32,12,108,gf,163.526024,0.36769766217,-238.742072,-75.216048,-6.297944,0,-238.842004,blocked
1048576,2097184,1048608,32,0.106,222301,32,12,109,gf,164.969432,0.36769766217,-240.395913,-75.426481,-6.297944,0,-240.470069,blocked
1048576,2097184,1048608,32,0.106,222301,32,12,110,gf,166.412840,0.36769766217,-242.190715,-75.777875,-6.297944,0,-242.251644,blocked
1048576,2097184,1048608,32,0.106,222301,32,12,111,gf,167.856248,0.36769766217,-245.350791,-77.494543,-6.297944,0,-245.483555,blocked
1048576,2097184,1048608,32,0.106,222301,32,12,112,gf,169.299656,0.36769766217,-246.997911,-77.698255,-6.297944,0,-247.095619,blocked
1048576,2097184,1048608,32,0.106,222301,32,12,113,gf,170.743064,0.36769766217,-248.780279,-78.037215,-6.297944,0,-248.859695,blocked
1048576,2097184,1048608,32,0.106,222301,32,12,114,gf,172.186472,0.36769766217,-251.949917,-79.763444,-6.297944,0,-252.125468,blocked
1048576,2097184,1048608,32,0.106,222301,32,12,115,gf,173.629880,0.36769766217,-253.593257,-79.963377,-6.297944,0,-253.721529,blocked
1048576,2097184,1048608,32,0.106,222301,32,12,116,gf,175.073289,0.36769766217,-255.364768,-80.291480,-6.297944,0,-255.467960,blocked
1048576,2097184,1048608,32,0.106,222301,32,12,117,gf,176.516697,0.36769766217,-258.536911,-82.020214,-6.297944,0,-258.767739,blocked
1048576,2097184,1048608,32,0.106,222301,32,12,118,gf,177.960105,0.36769766217,-260.180112,-82.220007,-6.297944,0,-260.347795,blocked
1048576,2097184,1048608,32,0.106,222301,32,12,119,gf,179.403513,0.36769766217,-261.942827,-82.539315,-6.297944,0,-262.076442,blocked
1048576,2097184,1048608,32,0.106,222301,32,12,120,gf,180.846921,0.36769766217,-265.108872,-84.261951,-6.297944,0,-265.410363,blocked
1048576,2097184,1048608,32,0.106,222301,32,12,121,gf,182.290329,0.36769766217,-266.756301,-84.465972,-6.297944,0,-266.974413,blocked
1048576,2097184,1048608,32,0.106,222301,32,12,122,gf,183.733737,0.36769766217,-268.512837,-84.779100,-6.297944,0,-268.685146,blocked
1048576,2097184,1048608,32,0.106,222301,32,12,123,gf,185.177145,0.36769766217,-271.662644,-86.485499,-6.297944,0,-272.053336,blocked
1048576,2097184,1048608,32,0.106,222301,32,12,124,gf,186.620553,0.36769766217,-273.319337,-86.698784,-6.297944,0,-273.601379,blocked
1048576,2097184,1048608,32,0.106,222301,32,12,125,gf,188.063961,0.36769766217,-275.072905,-87.008944,-6.297944,0,-275.294074,blocked
1048576,2097184,1048608,32,0.106,222301,32,12,126,gf,189.507369,0.36769766217,-278.195008,-88.687638,-6.297944,0,-278.696656,blocked
1048576,2097184,1048608,32,0.106,222301,32,12,127,gf,190.950778,0.36769766217,-279.866494,-88.915716,-6.297944,0,-280.228689,blocked
1048576,2097184,1048608,32,0.106,222301,32,12,128,gf,192.394186,0.36769766217,-281.620894,-89.226708,-6.297944,0,-281.903229,blocked
1048576,2097184,1048608,32,0.106,222301,32,12,129,gf,193.837594,0.36769766217,-284.702965,-90.865372,-6.297944,0,-285.340316,blocked
1048576,2097184,1048608,32,0.106,222301,32,12,130,gf,195.281002,0.36769766217,-286.394945,-91.113943,-6.297944,0,-286.856340,blocked
1048576,2097184,1048608,32,0.106,222301,32,12,131,gf,196.724410,0.36769766217,-288.154474,-91.430064,-6.297944,0,-288.512614,blocked
1048576,2097184,1048608,32,0.106,222301,32,12,132,gf,198.167818,0.36769766217,-291.184072,-93.016254,-6.297944,0,-291.984315,blocked
1048576,2097184,1048608,32,0.106,222301,32,12,133,gf,199.611226,0.36769766217,-292.901968,-93.290742,-6.297944,0,-293.484327,blocked
1048576,2097184,1048608,32,0.106,222301,32,12,134,gf,201.054634,0.36769766217,-294.671239,-93.616605,-6.297944,0,-295.122230,blocked
1048576,2097184,1048608,32,0.106,222301,32,12,135,gf,202.498042,0.36769766217,-297.636765,-95.138723,-6.297944,0,-298.628647,blocked
1048576,2097184,1048608,32,0.106,222301,32,12,136,gf,203.941450,0.36769766217,-299.385210,-95.443759,-6.297944,0,-300.112646,blocked
1048576,2097184,1048608,32,0.106,222301,32,12,137,gf,205.384858,0.36769766217,-301.168863,-95.784004,-6.297944,0,-301.732079,blocked
1048576,2097184,1048608,32,0.106,222301,32,12,138,gf,206.828267,0.36769766217,-304.060595,-97.232328,-6.297944,1,-304.875262,blocked
1048576,2097184,1048608,32,0.106,222301,32,12,139,gf,208.271675,0.36769766217,-305.842954,-97.571279,-6.297944,0,-306.741293,blocked
1048576,2097184,1048608,32,0.106,222301,32,12,140,gf,209.715083,0.36769766217,-307.645298,-97.930215,-6.297944,0,-308.342164,blocked
1048576,2097184,1048608,32,0.106,222301,32,12,141,gf,211.158491,0.36769766217,-310.456299,-99.297808,-6.297944,1,-311.106922,blocked
1048576,2097184,1048608,32,0.106,222301,32,12,142,gf,212.561604,0.380154400988,-312.274351,-99.712747,-6.297944,1,-313.184429,blocked
1048576,2097184,1048608,32,0.106,222301,32,12,143,gf,213.956947,0.380154400988,-314.098987,-100.142040,-6.297944,0,-314.952484,blocked
1048576,2097184,1048608,32,0.106,222301,32,12,144,gf,215.352289,0.380154400988,-316.825687,-101.473398,-6.297944,1,-317.339863,blocked
1048576,2097184,1048608,32,0.106,222301,32,12,145,gf,216.747632,0.380154400988,-318.679536,-101.931904,-6.297944,1,-319.417787,blocked
1048576,2097184,1048608,32,0.106,222301,32,12,146,gf,218.142974,0.380154400988,-320.529046,-102.386071,-6.297944,1,-321.495845,blocked
1048576,2097184,1048608,32,0.106,222301,32,12,147,gf,219.538317,0.380154400988,-323.171385,-103.633068,-6.297944,1,-323.574036,blocked
1048576,2097184,1048608,32,0.106,222301,32,12,148,gf,220.933660,0.380154400988,-325.059615,-104.125956,-6.297944,1,-325.652359,blocked
1048576,2097184,1048608,32,0.106,222301,32,12,149,gf,222.329002,0.380154400988,-326.935377,-104.606375,-6.297944,1,-327.730811,blocked
1048576,2097184,1048608,32,0.106,222301,32,12,150,gf,223.724345,0.380154400988,-329.496495,-105.772150,-6.297944,1,-329.809392,blocked
1048576,2097184,1048608,32,0.106,222301,32,12,151,gf,225.119687,0.380154400988,-331.416510,-106.296823,-6.297944,1,-331.888099,blocked
1048576,2097184,1048608,32,0.106,222301,32,12,152,gf,226.515030,0.380154400988,-333.318684,-106.803654,-6.297944,1,-333.966930,blocked
1048576,2097184,1048608,32,0.106,222301,32,12,153,gf,227.910373,0.380154400988,-335.874407,-107.964035,-6.297944,1,-336.045885,blocked
1048576,2097184,1048608,32,0.106,222301,32,12,154,gf,229.305715,0.380154400988,-337.903554,-108.597839,-6.297944,1,-338.124962,blocked
1048576,2097184,1048608,32,0.106,222301,32,12,155,gf,230.701058,0.380154400988,-339.860663,-109.159605,-6.297944,1,-340.204158,blocked
1048576,2097184,1048608,32,0.106,222301,32,12,156,gf,232.096400,0.380154400988,-341.796476,-109.700076,-6.297944,1,-342.283474,blocked
1048576,2097184,1048608,32,0.106,222301,32,12,157,gf,233.491743,0.380154400988,-344.241288,-110.749545,-6.297944,1,-344.362906,blocked
1048576,2097184,1048608,32,0.106,222301,32,12,158,gf,234.887086,0.380154400988,-346.287085,-111.400000,-6.297944,1,-346.442455,blocked
1048576,2097184,1048608,32,0.106,222301,32,12,159,gf,236.282428,0.380154400988,-348.274685,-111.992257,-6.297944,1,-348.522117,blocked
1048576,2097184,1048608,32,0.106,222301,32,12,160,gf,237.677771,0.380154400988,-350.240687,-112.562916,-6.297944,1,-350.601893,blocked
1048576,2097184,1048608,32,0.106,222301,32,12,161,gf,239.073113,0.380154400988,-352.595756,-113.522643,-6.297944,1,-352.681781,blocked
1048576,2097184,1048608,32,0.106,222301,32,12,162,gf,240.468456,0.380154400988,-354.653395,-114.184940,-6.297944,1,-354.761778,blocked
1048576,2097184,1048608,32,0.106,222301,32,12,163,gf,241.863799,0.380154400988,-356.665147,-114.801348,-6.297944,1,-356.841885,blocked
1048576,2097184,1048608,32,0.106,222301,32,12,164,gf,243.259141,0.380154400988,-358.656935,-115.397794,-6.297944,1,-358.922100,blocked
1048576,2097184,1048608,32,0.106,222301,32,12,165,gf,244.654484,0.380154400988,-360.941654,-116.287170,-6.297944,1,-361.002421,blocked
1048576,2097184,1048608,32,0.106,222301,32,12,166,gf,246.049826,0.380154400988,-363.007549,-116.957722,-6.297944,1,-363.082847,blocked
1048576,2097184,1048608,32,0.106,222301,32,12,167,gf,247.445169,0.380154400988,-365.037913,-117.592744,-6.297944,1,-365.163378,blocked
1048576,2097184,1048608,32,0.106,222301,32,12,168,gf,248.840512,0.380154400988,-367.050895,-118.210383,-6.297944,1,-367.244011,blocked
1048576,2097184,1048608,32,0.106,222301,32,12,169,gf,250.235854,0.380154400988,-369.281836,-119.045982,-6.297944,1,-369.324746,blocked
1048576,2097184,1048608,32,0.106,222301,32,12,170,gf,251.631197,0.380154400988,-371.353409,-119.722212,-6.297944,1,-371.405582,blocked
1048576,2097184,1048608,32,0.106,222301,32,12,171,gf,253.026539,0.380154400988,-373.397838,-120.371299,-6.297944,1,-373.486517,blocked
1048576,2097184,1048608,32,0.106,222301,32,12,172,gf,254.421882,0.380154400988,-375.427741,-121.005859,-6.297944,1,-375.567551,blocked
1048576,2097184,1048608,32,0.106,222301,32,12,173,gf,255.817225,0.380154400988,-377.618370,-121.801145,-6.297944,1,-377.648682,blocked
1048576,2097184,1048608,32,0.106,222301,32,12,174,gf,257.212567,0.380154400988,-379.693819,-122.481252,-6.297944,1,-379.729909,blocked
1048576,2097184,1048608,32,0.106,222301,32,12,175,gf,258.607910,0.380154400988,-381.748740,-123.140830,-6.297944,1,-381.811231,blocked
1048576,2097184,1048608,32,0.106,222301,32,12,176,gf,260.003252,0.380154400988,-383.791865,-123.788613,-6.297944,1,-383.892648,blocked
1048576,2097184,1048608,32,0.106,222301,32,12,177,gf,261.398595,0.380154400988,-385.952727,-124.554132,-6.297944,1,-385.974158,blocked
1048576,2097184,1048608,32,0.106,222301,32,12,178,gf,262.793938,0.380154400988,-388.030818,-125.236880,-6.297944,1,-388.055759,blocked
1048576,2097184,1048608,32,0.106,222301,32,12,179,gf,264.189280,0.380154400988,-390.093500,-125.904220,-6.297944,1,-390.137452,blocked
1048576,2097184,1048608,32,0.106,222301,32,12,180,gf,265.584623,0.380154400988,-392.146805,-126.562182,-6.297944,1,-392.219235,blocked
1048576,2097184,1048608,32,0.106,222301,32,12,181,gf,266.979965,0.380154400988,-394.285939,-127.305974,-6.297944,1,-394.301108,blocked
1048576,2097184,1048608,32,0.106,222301,32,12,182,gf,268.375308,0.380154400988,-396.365839,-127.990531,-6.297944,1,-396.383069,blocked
1048576,2097184,1048608,32,0.106,222301,32,12,183,gf,269.770651,0.380154400988,-398.434240,-128.663590,-6.297944,1,-398.465117,blocked
1048576,2097184,1048608,32,0.106,222301,32,12,184,gf,271.165993,0.380154400988,-400.495302,-129.329309,-6.297944,1,-400.547251,blocked
1048576,2097184,1048608,32,0.106,222301,32,12,185,gf,272.561336,0.380154400988,-402.618719,-130.057384,-6.297944,1,-402.629472,blocked
1048576,2097184,1048608,32,0.106,222301,32,12,186,gf,273.956678,0.380154400988,-404.699874,-130.743196,-6.297944,1,-404.711777,blocked
1048576,2097184,1048608,32,0.106,222301,32,12,187,gf,275.352021,0.380154400988,-406.772488,-131.420467,-6.297944,1,-406.794166,blocked
1048576,2097184,1048608,32,0.106,222301,32,12,188,gf,276.747364,0.380154400988,-408.839427,-132.092063,-6.297944,1,-408.876638,blocked
1048576,2097184,1048608,32,0.106,222301,32,12,189,gf,278.142706,0.380154400988,-410.951558,-132.808852,-6.297944,1,-410.959192,blocked
1048576,2097184,1048608,32,0.106,222301,32,12,190,gf,279.538049,0.380154400988,-413.033602,-133.495553,-6.297944,1,-413.041828,blocked
1048576,2097184,1048608,32,0.106,222301,32,12,191,gf,280.933391,0.380154400988,-415.109328,-134.175937,-6.297944,1,-415.124544,blocked
1048576,2097184,1048608,32,0.106,222301,32,12,192,gf,282.328734,0.380154400988,-417.180705,-134.851971,-6.297944,1,-417.207340,blocked
1048576,2097184,1048608,32,0.106,222301,32,12,193,gf,283.724077,0.380154400988,-419.284785,-135.560708,-6.297944,1,-419.290215,blocked
1048576,2097184,1048608,32,0.106,222301,32,12,194,gf,285.119419,0.380154400988,-421.367480,-136.248061,-6.297944,1,-421.373168,blocked
1048576,2097184,1048608,32,0.106,222301,32,12,195,gf,286.514762,0.380154400988,-423.445517,-136.930755,-6.297944,1,-423.456198,blocked
1048576,2097184,1048608,32,0.106,222301,32,12,196,gf,287.910104,0.380154400988,-425.520248,-137.610144,-6.297944,1,-425.539306,blocked
1048576,2097184,1048608,32,0.106,222301,32,12,197,gf,289.305447,0.380154400988,-427.618619,-138.313172,-6.297944,1,-427.622489,blocked
1048576,2097184,1048608,32,0.106,222301,32,12,198,gf,290.700790,0.380154400988,-429.701812,-139.001022,-6.297944,1,-429.705748,blocked
1048576,2097184,1048608,32,0.106,222301,32,12,199,gf,292.096132,0.380154400988,-431.781580,-139.685448,-6.297944,1,-431.789081,blocked
1048576,2097184,1048608,32,0.106,222301,32,12,200,gf,293.491475,0.380154400988,-433.858852,-140.367377,-6.297944,1,-433.872488,blocked
1048576,2097184,1048608,32,0.106,222301,32,12,201,gf,294.886817,0.380154400988,-435.953204,-141.066387,-6.297944,1,-435.955968,blocked
1048576,2097184,1048608,32,0.106,222301,32,12,202,gf,296.282160,0.380154400988,-438.036793,-141.754633,-6.297944,1,-438.039521,blocked
1048576,2097184,1048608,32,0.106,222301,32,12,203,gf,297.677503,0.380154400988,-440.117874,-142.440372,-6.297944,1,-440.123145,blocked
1048576,2097184,1048608,32,0.106,222301,32,12,204,gf,299.072845,0.380154400988,-442.200016,-143.127171,-6.297944,1,-442.206841,blocked
1048576,2097184,1048608,32,0.106,222301,32,12,205,gf,300.468188,0.380154400988,-444.281630,-143.813442,-6.297944,1,-444.290607,blocked
1048576,2097184,1048608,32,0.106,222301,32,12,206,gf,301.863530,0.380154400988,-446.372621,-144.509090,-6.297944,1,-446.374443,blocked
1048576,2097184,1048608,32,0.106,222301,32,12,207,gf,303.258873,0.380154400988,-448.456619,-145.197746,-6.297944,1,-448.458348,blocked
1048576,2097184,1048608,32,0.106,222301,32,12,208,gf,304.654216,0.380154400988,-450.538925,-145.884710,-6.297944,1,-450.542321,blocked
1048576,2097184,1048608,32,0.106,222301,32,12,209,gf,306.049558,0.380154400988,-452.621929,-146.572371,-6.297944,1,-452.626363,blocked
1048576,2097184,1048608,32,0.106,222301,32,12,210,gf,307.444901,0.380154400988,-454.704557,-147.259656,-6.297944,1,-454.710472,blocked
1048576,2097184,1048608,32,0.106,222301,32,12,211,gf,308.840243,0.380154400988,-456.793440,-147.953197,-6.297944,1,-456.794647,blocked
1048576,2097184,1048608,32,0.106,222301,32,12,212,gf,310.235586,0.380154400988,-458.877788,-148.642202,-6.297944,1,-458.878889,blocked
1048576,2097184,1048608,32,0.106,222301,32,12,213,gf,311.630929,0.380154400988,-460.961003,-149.330074,-6.297944,1,-460.963196,blocked
1048576,2097184,1048608,32,0.106,222301,32,12,214,gf,313.026271,0.380154400988,-463.044683,-150.018412,-6.297944,1,-463.047568,blocked
1048576,2097184,1048608,32,0.106,222301,32,12,215,gf,314.421614,0.380154400988,-465.128103,-150.706489,-6.297944,1,-465.132004,blocked
1048576,2097184,1048608,32,0.106,222301,32,12,216,gf,315.816956,0.380154400988,-467.215700,-151.398744,-6.297944,1,-467.216505,blocked
1048576,2097184,1048608,32,0.106,222301,32,12,217,gf,317.212299,0.380154400988,-469.300363,-152.088064,-6.297944,1,-469.301068,blocked
1048576,2097184,1048608,32,0.106,222301,32,12,218,gf,318.607642,0.380154400988,-471.384274,-152.776632,-6.297944,1,-471.385695,blocked
1048576,2097184,1048608,32,0.106,222301,32,12,219,gf,320.002984,0.380154400988,-473.468501,-153.465517,-6.297944,1,-473.470383,blocked
1048576,2097184,1048608,32,0.106,222301,32,12,220,gf,321.398327,0.380154400988,-475.552554,-154.154227,-6.297944,1,-475.555133,blocked
1048576,2097184,1048608,32,0.106,222301,32,12,221,gf,322.793669,0.380154400988,-477.639403,-154.845734,-6.297944,1,-477.639944,blocked
1048576,2097184,1048608,32,0.106,222301,32,12,222,gf,324.189012,0.380154400988,-479.724360,-155.535348,-6.297944,1,-479.724816,blocked
1048576,2097184,1048608,32,0.106,222301,32,12,223,gf,325.584355,0.380154400988,-481.808823,-156.224468,-6.297944,1,-481.809748,blocked
1048576,2097184,1048608,32,0.106,222301,32,12,224,gf,326.979697,0.380154400988,-483.893507,-156.913809,-6.297944,1,-483.894739,blocked
1048576,2097184,1048608,32,0.106,222301,32,12,225,gf,328.375040,0.380154400988,-485.978080,-157.603040,-6.297944,1,-485.979790,blocked
1048576,2097184,1048608,32,0.106,222301,32,12,226,gf,329.770382,0.380154400988,-488.064530,-158.294148,-6.297944,1,-488.064899,blocked
1048576,2097184,1048608,32,0.106,222301,32,12,227,gf,331.165725,0.380154400988,-490.149766,-158.984041,-6.297944,1,-490.150066,blocked
1048576,2097184,1048608,32,0.106,222301,32,12,228,gf,332.561068,0.380154400988,-492.234683,-159.673616,-6.297944,1,-492.235290,blocked
1048576,2097184,1048608,32,0.106,222301,32,12,229,gf,333.956410,0.380154400988,-494.319760,-160.363350,-6.297944,1,-494.320572,blocked
1048576,2097184,1048608,32,0.106,222301,32,12,230,gf,335.351753,0.380154400988,-496.404773,-161.053020,-6.297944,1,-496.405911,blocked
1048576,2097184,1048608,32,0.106,222301,32,12,231,gf,336.747095,0.380154400988,-498.491050,-161.743955,-6.297944,1,-498.491305,blocked
1048576,2097184,1048608,32,0.106,222301,32,12,232,gf,338.142438,0.380154400988,-500.576554,-162.434116,-6.297944,1,-500.576756,blocked
1048576,2097184,1048608,32,0.106,222301,32,12,233,gf,339.537781,0.380154400988,-502.661858,-163.124078,-6.297944,1,-502.662261,blocked
1048576,2097184,1048608,32,0.106,222301,32,12,234,gf,340.933123,0.380154400988,-504.747282,-163.814159,-6.297944,1,-504.747821,blocked
1048576,2097184,1048608,32,0.106,222301,32,12,235,gf,342.328466,0.380154400988,-506.832674,-164.504209,-6.297944,1,-506.833436,blocked
1048576,2097184,1048608,32,0.106,222301,32,12,236,gf,343.723809,0.380154400988,-508.918924,-165.195116,-6.297944,1,-508.919105,blocked
1048576,2097184,1048608,32,0.106,222301,32,12,237,gf,345.119151,0.380154400988,-511.004687,-165.885536,-6.297944,1,-511.004827,blocked
1048576,2097184,1048608,32,0.106,222301,32,12,238,gf,346.514494,0.380154400988,-513.090330,-166.575837,-6.297944,1,-513.090602,blocked
1048576,2097184,1048608,32,0.106,222301,32,12,239,gf,347.909836,0.380154400988,-515.176067,-167.266231,-6.297944,1,-515.176430,blocked
1048576,2097184,1048608,32,0.106,222301,32,12,240,gf,349.305179,0.380154400988,-517.261796,-167.956617,-6.297944,1,-517.262311,blocked
1048576,2097184,1048608,32,0.106,222301,32,12,241,gf,350.700522,0.380154400988,-519.348111,-168.647589,-6.297944,1,-519.348243,blocked
1048576,2097184,1048608,32,0.106,222301,32,12,242,gf,352.095864,0.380154400988,-521.434124,-169.338260,-6.297944,1,-521.434226,blocked
1048576,2097184,1048608,32,0.106,222301,32,12,243,gf,353.491207,0.380154400988,-523.520072,-170.028866,-6.297944,1,-523.520261,blocked
1048576,2097184,1048608,32,0.106,222301,32,12,244,gf,354.886549,0.380154400988,-525.606097,-170.719547,-6.297944,1,-525.606346,blocked
1048576,2097184,1048608,32,0.106,222301,32,12,245,gf,356.281892,0.380154400988,-527.692129,-171.410237,-6.297944,1,-527.692481,blocked
1048576,2097184,1048608,32,0.106,222301,32,12,246,gf,357.677235,0.380154400988,-529.778566,-172.101331,-6.297944,1,-529.778666,blocked
1048576,2097184,1048608,32,0.106,222301,32,12,247,gf,359.072577,0.380154400988,-531.864823,-172.792245,-6.297944,1,-531.864901,blocked
1048576,2097184,1048608,32,0.106,222301,32,12,248,gf,360.467920,0.380154400988,-533.951050,-173.483130,-6.297944,1,-533.951184,blocked
1048576,2097184,1048608,32,0.106,222301,32,12,249,gf,361.863262,0.380154400988,-536.037342,-174.174079,-6.297944,1,-536.037517,blocked
1048576,2097184,1048608,32,0.106,222301,32,12,250,gf,363.258605,0.380154400988,-538.123652,-174.865047,-6.297944,1,-538.123898,blocked
1048576,2097184,1048608,32,0.106,222301,32,12,251,gf,364.653948,0.380154400988,-540.210246,-175.556299,-6.297944,1,-540.210326,blocked
1048576,2097184,1048608,32,0.106,222301,32,12,252,gf,366.049290,0.380154400988,-542.296739,-176.247449,-6.297944,1,-542.296803,blocked
1048576,2097184,1048608,32,0.106,222301,32,12,253,gf,367.444633,0.380154400988,-544.383225,-176.938592,-6.297944,1,-544.383326,blocked
1048576,2097184,1048608,32,0.106,222301,32,12,254,gf,368.839975,0.380154400988,-546.469769,-177.629793,-6.297944,1,-546.469897,blocked
1048576,2097184,1048608,32,0.106,222301,32,12,255,gf,370.235318,0.380154400988,-548.556339,-178.321021,-6.297944,1,-548.556514,blocked
1048576,2097184,1048608,32,0.106,222301,32,12,256,gf,371.630661,0.380154400988,-550.643012,-179.012351,-6.297944,1,-550.643177,blocked
1048576,2097184,1048608,32,0.106,222301,32,12,257,gf,373.026003,0.380154400988,-552.729821,-179.703818,-6.297944,1,-552.729886,blocked
1048576,2097184,1048608,32,0.106,222301,32,12,258,gf,374.421346,0.380154400988,-554.816586,-180.395241,-6.297944,1,-554.816640,blocked
1048576,2097184,1048608,32,0.106,222301,32,12,259,gf,375.816688,0.380154400988,-556.903364,-181.086675,-6.297944,1,-556.903440,blocked
1048576,2097184,1048608,32,0.106,222301,32,12,260,gf,377.212031,0.380154400988,-558.990191,-181.778161,-6.297944,1,-558.990285,blocked
1048576,2097184,1048608,32,0.106,222301,32,12,261,gf,378.607374,0.380154400988,-561.077051,-182.469678,-6.297944,1,-561.077174,blocked
1048576,2097184,1048608,32,0.106,222301,32,12,262,gf,380.002716,0.380154400988,-563.163990,-183.161274,-6.297944,1,-563.164107,blocked
1048576,2097184,1048608,32,0.106,222301,32,12,263,gf,381.398059,0.380154400988,-565.251028,-183.852969,-6.297944,1,-565.251084,blocked
1048576,2097184,1048608,32,0.106,222301,32,12,264,gf,382.793401,0.380154400988,-567.338056,-184.544654,-6.297944,1,-567.338105,blocked
1048576,2097184,1048608,32,0.106,222301,32,12,265,gf,384.188744,0.380154400988,-569.425106,-185.236362,-6.297944,1,-569.425169,blocked
1048576,2097184,1048608,32,0.106,222301,32,12,266,gf,385.584087,0.380154400988,-571.512203,-185.928116,-6.297944,1,-571.512276,blocked
1048576,2097184,1048608,32,0.106,222301,32,12,267,gf,386.979429,0.380154400988,-573.599334,-186.619905,-6.297944,1,-573.599425,blocked
1048576,2097184,1048608,32,0.106,222301,32,12,268,gf,388.374772,0.380154400988,-575.686529,-187.311757,-6.297944,1,-575.686617,blocked
1048576,2097184,1048608,32,0.106,222301,32,12,269,gf,389.770114,0.380154400988,-577.773799,-188.003685,-6.297944,1,-577.773851,blocked
1048576,2097184,1048608,32,0.106,222301,32,12,270,gf,391.165457,0.380154400988,-579.861079,-188.695622,-6.297944,1,-579.861127,blocked
1048576,2097184,1048608,32,0.106,222301,32,12,271,gf,392.560800,0.380154400988,-581.948388,-189.387589,-6.297944,1,-581.948444,blocked
1048576,2097184,1048608,32,0.106,222301,32,12,272,gf,393.956142,0.380154400988,-584.035740,-190.079598,-6.297944,1,-584.035802,blocked
1048576,2097184,1048608,32,0.106,222301,32,12,273,gf,395.351485,0.380154400988,-586.123127,-190.771643,-6.297944,1,-586.123201,blocked
1048576,2097184,1048608,32,0.106,222301,32,12,274,gf,396.746827,0.380154400988,-588.210569,-191.463741,-6.297944,1,-588.210640,blocked
1048576,2097184,1048608,32,0.106,222301,32,12,275,gf,398.142170,0.380154400988,-590.298071,-192.155901,-6.297944,1,-590.298120,blocked
1048576,2097184,1048608,32,0.106,222301,32,12,276,gf,399.537513,0.380154400988,-592.385593,-192.848081,-6.297944,1,-592.385640,blocked
1048576,2097184,1048608,32,0.106,222301,32,12,277,gf,400.932855,0.380154400988,-594.473148,-193.540293,-6.297944,1,-594.473200,blocked
1048576,2097184,1048608,32,0.106,222301,32,12,278,gf,402.328198,0.380154400988,-596.560743,-194.232545,-6.297944,1,-596.560799,blocked
1048576,2097184,1048608,32,0.106,222301,32,12,279,gf,403.723540,0.380154400988,-598.648374,-194.924833,-6.297944,1,-598.648437,blocked
1048576,2097184,1048608,32,0.106,222301,32,12,280,gf,405.118883,0.380154400988,-600.736052,-195.617169,-6.297944,1,-600.736114,blocked
1048576,2097184,1048608,32,0.106,222301,32,12,281,gf,406.514226,0.380154400988,-602.823781,-196.309556,-6.297944,1,-602.823830,blocked
1048576,2097184,1048608,32,0.106,222301,32,12,282,gf,407.909568,0.380154400988,-604.911537,-197.001969,-6.297944,1,-604.911585,blocked
1048576,2097184,1048608,32,0.106,222301,32,12,283,gf,409.304911,0.380154400988,-606.999326,-197.694416,-6.297944,1,-606.999377,blocked
1048576,2097184,1048608,32,0.106,222301,32,12,284,gf,410.700253,0.380154400988,-609.087154,-198.386901,-6.297944,1,-609.087207,blocked
1048576,2097184,1048608,32,0.106,222301,32,12,285,gf,412.095596,0.380154400988,-611.175017,-199.079421,-6.297944,1,-611.175075,blocked
1048576,2097184,1048608,32,0.106,222301,32,12,286,gf,413.490939,0.380154400988,-613.262923,-199.771984,-6.297944,1,-613.262981,blocked
1048576,2097184,1048608,32,0.106,222301,32,12,287,gf,414.886281,0.380154400988,-615.350873,-200.464592,-6.297944,1,-615.350923,blocked
1048576,2097184,1048608,32,0.106,222301,32,12,288,gf,416.281624,0.380154400988,-617.438854,-201.157230,-6.297944,1,-617.438902,blocked
1048576,2097184,1048608,32,0.106,222301,32,12,289,gf,417.676966,0.380154400988,-619.526867,-201.849901,-6.297944,1,-619.526918,blocked
1048576,2097184,1048608,32,0.106,222301,32,12,290,gf,419.072309,0.380154400988,-621.614918,-202.542609,-6.297944,1,-621.614971,blocked
1048576,2097184,1048608,32,0.106,222301,32,12,291,gf,420.467652,0.380154400988,-623.703003,-203.235352,-6.297944,1,-623.703059,blocked
1048576,2097184,1048608,32,0.106,222301,32,12,292,gf,421.862994,0.380154400988,-625.791128,-203.928134,-6.297944,1,-625.791183,blocked
1048576,2097184,1048608,32,0.106,222301,32,12,293,gf,423.258337,0.380154400988,-627.879293,-204.620956,-6.297944,1,-627.879344,blocked
1048576,2097184,1048608,32,0.106,222301,32,12,294,gf,424.653679,0.380154400988,-629.967489,-205.313809,-6.297944,1,-629.967539,blocked
1048576,2097184,1048608,32,0.106,222301,32,12,295,gf,426.049022,0.380154400988,-632.055718,-206.006696,-6.297944,1,-632.055770,blocked
1048576,2097184,1048608,32,0.106,222301,32,12,296,gf,427.444365,0.380154400988,-634.143983,-206.699618,-6.297944,1,-634.144036,blocked
1048576,2097184,1048608,32,0.106,222301,32,12,297,gf,428.839707,0.380154400988,-636.232281,-207.392574,-6.297944,1,-636.232336,blocked
1048576,2097184,1048608,32,0.106,222301,32,12,298,gf,430.235050,0.380154400988,-638.320616,-208.085566,-6.297944,1,-638.320671,blocked
1048576,2097184,1048608,32,0.106,222301,32,12,299,gf,431.630392,0.380154400988,-640.408988,-208.778596,-6.297944,1,-640.409041,blocked
1048576,2097184,1048608,32,0.106,222301,32,12,300,gf,433.025735,0.380154400988,-642.497392,-209.471657,-6.297944,1,-642.497444,blocked
1048576,2097184,1048608,32,0.106,222301,32,12,301,gf,434.421078,0.380154400988,-644.585829,-210.164751,-6.297944,1,-644.585882,blocked
1048576,2097184,1048608,32,0.106,222301,32,12,302,gf,435.816420,0.380154400988,-646.674299,-210.857879,-6.297944,1,-646.674353,blocked
1048576,2097184,1048608,32,0.106,222301,32,12,303,gf,437.211763,0.380154400988,-648.762802,-211.551039,-6.297944,1,-648.762857,blocked
1048576,2097184,1048608,32,0.106,222301,32,12,304,gf,438.607105,0.380154400988,-650.851340,-212.244234,-6.297944,1,-650.851395,blocked
1048576,2097184,1048608,32,0.106,222301,32,12,305,gf,440.002448,0.380154400988,-652.939912,-212.937464,-6.297944,1,-652.939966,blocked
1048576,2097184,1048608,32,0.106,222301,32,12,306,gf,441.397791,0.380154400988,-655.028516,-213.630725,-6.297944,1,-655.028570,blocked
1048576,2097184,1048608,32,0.106,222301,32,12,307,gf,442.793133,0.380154400988,-657.117152,-214.324019,-6.297944,1,-657.117206,blocked
1048576,2097184,1048608,32,0.106,222301,32,12,308,gf,444.188476,0.380154400988,-659.205820,-215.017344,-6.297944,1,-659.205875,blocked
1048576,2097184,1048608,32,0.106,222301,32,12,309,gf,445.583818,0.380154400988,-661.294520,-215.710702,-6.297944,1,-661.294576,blocked
1048576,2097184,1048608,32,0.106,222301,32,12,310,gf,446.979161,0.380154400988,-663.383252,-216.404091,-6.297944,1,-663.383309,blocked
1048576,2097184,1048608,32,0.106,222301,32,12,311,gf,448.374504,0.380154400988,-665.472017,-217.097513,-6.297944,1,-665.472074,blocked
1048576,2097184,1048608,32,0.106,222301,32,12,312,gf,449.769846,0.380154400988,-667.560814,-217.790968,-6.297944,1,-667.560871,blocked
1048576,2097184,1048608,32,0.106,222301,32,12,313,gf,451.165189,0.380154400988,-669.649642,-218.484453,-6.297944,1,-669.649699,blocked
1048576,2097184,1048608,32,0.106,222301,32,12,314,gf,452.560531,0.380154400988,-671.738501,-219.177970,-6.297944,1,-671.738558,blocked
1048576,2097184,1048608,32,0.106,222301,32,12,315,gf,453.955874,0.380154400988,-673.827391,-219.871517,-6.297944,1,-673.827448,blocked
1048576,2097184,1048608,32,0.106,222301,32,12,316,gf,455.351217,0.380154400988,-675.916311,-220.565095,-6.297944,1,-675.916370,blocked
1048576,2097184,1048608,32,0.106,222301,32,12,317,gf,456.746559,0.380154400988,-678.005263,-221.258703,-6.297944,1,-678.005321,blocked
1048576,2097184,1048608,32,0.106,222301,32,12,318,gf,458.141902,0.380154400988,-680.094245,-221.952343,-6.297944,1,-680.094304,blocked
1048576,2097184,1048608,32,0.106,222301,32,12,319,gf,459.537244,0.380154400988,-682.183258,-222.646013,-6.297944,1,-682.183317,blocked
1048576,2097184,1048608,32,0.106,222301,32,12,320,gf,460.932587,0.380154400988,-684.272301,-223.339714,-6.297944,1,-684.272360,blocked
1048576,2097184,1048608,32,0.106,222301,32,12,321,gf,462.327930,0.380154400988,-686.361373,-224.033443,-6.297944,1,-686.361433,blocked
1048576,2097184,1048608,32,0.106,222301,32,12,322,gf,463.723272,0.380154400988,-688.450475,-224.727203,-6.297944,1,-688.450535,blocked
1048576,2097184,1048608,32,0.106,222301,32,12,323,gf,465.118615,0.380154400988,-690.539607,-225.420992,-6.297944,1,-690.539668,blocked
1048576,2097184,1048608,32,0.106,222301,32,12,324,gf,466.513957,0.380154400988,-692.628768,-226.114811,-6.297944,1,-692.628829,blocked
1048576,2097184,1048608,32,0.106,222301,32,12,325,gf,467.909300,0.380154400988,-694.717959,-226.808659,-6.297944,1,-694.718020,blocked
1048576,2097184,1048608,32,0.106,222301,32,12,326,gf,469.304643,0.380154400988,-696.807179,-227.502537,-6.297944,1,-696.807241,blocked
1048576,2097184,1048608,32,0.106,222301,32,12,327,gf,470.699985,0.380154400988,-698.896428,-228.196443,-6.297944,1,-698.896490,blocked
1048576,2097184,1048608,32,0.106,222301,32,12,328,gf,472.095328,0.380154400988,-700.985705,-228.890378,-6.297944,1,-700.985768,blocked
1048576,2097184,1048608,32,0.106,222301,32,12,329,gf,473.490670,0.380154400988,-703.075012,-229.584341,-6.297944,1,-703.075074,blocked
1048576,2097184,1048608,32,0.106,222301,32,12,330,gf,474.886013,0.380154400988,-705.164346,-230.278333,-6.297944,1,-705.164409,blocked
1048576,2097184,1048608,32,0.106,222301,32,12,331,gf,476.281356,0.380154400988,-707.253709,-230.972353,-6.297944,1,-707.253772,blocked
1048576,2097184,1048608,32,0.106,222301,32,12,332,gf,477.676698,0.380154400988,-709.343100,-231.666401,-6.297944,1,-709.343164,blocked
1048576,2097184,1048608,32,0.106,222301,32,12,333,gf,479.072041,0.380154400988,-711.432519,-232.360478,-6.297944,1,-711.432583,blocked
1048576,2097184,1048608,32,0.106,222301,32,12,334,gf,480.467383,0.380154400988,-713.521965,-233.054582,-6.297944,1,-713.522030,blocked
1048576,2097184,1048608,32,0.106,222301,32,12,335,gf,481.862726,0.380154400988,-715.611440,-233.748714,-6.297944,1,-715.611505,blocked
1048576,2097184,1048608,32,0.106,222301,32,12,336,gf,483.258069,0.380154400988,-717.700941,-234.442873,-6.297944,1,-717.701007,blocked
1048576,2097184,1048608,32,0.106,222301,32,12,337,gf,484.653411,0.380154400988,-719.790470,-235.137059,-6.297944,1,-719.790536,blocked
1048576,2097184,1048608,32,0.106,222301,32,12,338,gf,486.048754,0.380154400988,-721.880027,-235.831273,-6.297944,1,-721.880093,blocked
1048576,2097184,1048608,32,0.106,222301,32,12,339,gf,487.444096,0.380154400988,-723.969610,-236.525514,-6.297944,1,-723.969677,blocked
1048576,2097184,1048608,32,0.106,222301,32,12,340,gf,488.839439,0.380154400988,-726.059220,-237.219781,-6.297944,1,-726.059287,blocked
1048576,2097184,1048608,32,0.106,222301,32,12,341,gf,490.234782,0.380154400988,-728.148857,-237.914076,-6.297944,1,-728.148924,blocked
1048576,2097184,1048608,32,0.106,222301,32,12,342,gf,491.630124,0.380154400988,-730.238521,-238.608396,-6.297944,1,-730.238588,blocked
1048576,2097184,1048608,32,0.106,222301,32,12,343,gf,493.025467,0.380154400988,-732.328211,-239.302744,-6.297944,1,-732.328279,blocked
1048576,2097184,1048608,32,0.106,222301,32,12,344,gf,494.420810,0.380154400988,-734.417927,-239.997117,-6.297944,1,-734.417995,blocked
1048576,2097184,1048608,32,0.106,222301,32,12,345,gf,495.816152,0.380154400988,-736.507669,-240.691517,-6.297944,1,-736.507738,blocked
1048576,2097184,1048608,32,0.106,222301,32,12,346,gf,497.211495,0.380154400988,-738.597437,-241.385943,-6.297944,1,-738.597507,blocked
1048576,2097184,1048608,32,0.106,222301,32,12,347,gf,498.606837,0.380154400988,-740.687232,-242.080394,-6.297944,1,-740.687301,blocked
1048576,2097184,1048608,32,0.106,222301,32,12,348,gf,500.002180,0.380154400988,-742.777051,-242.774872,-6.297944,1,-742.777122,blocked
1048576,2097184,1048608,32,0.106,222301,32,12,349,gf,501.397523,0.380154400988,-744.866897,-243.469374,-6.297944,1,-744.866967,blocked
1048576,2097184,1048608,32,0.106,222301,32,12,350,gf,502.792865,0.380154400988,-746.956768,-244.163903,-6.297944,1,-746.956839,blocked
1048576,2097184,1048608,32,0.106,222301,32,12,351,gf,504.188208,0.380154400988,-749.046664,-244.858456,-6.297944,1,-749.046735,blocked
1048576,2097184,1048608,32,0.106,222301,32,12,352,gf,505.583550,0.380154400988,-751.136585,-245.553035,-6.297944,1,-751.136657,blocked
1048576,2097184,1048608,32,0.106,222301,32,12,353,gf,506.978893,0.380154400988,-753.226532,-246.247639,-6.297944,1,-753.226604,blocked
1048576,2097184,1048608,32,0.106,222301,32,12,354,gf,508.374236,0.380154400988,-755.316503,-246.942268,-6.297944,1,-755.316576,blocked
1048576,2097184,1048608,32,0.106,222301,32,12,355,gf,509.769578,0.380154400988,-757.406499,-247.636921,-6.297944,1,-757.406572,blocked
1048576,2097184,1048608,32,0.106,222301,32,12,356,gf,511.164921,0.380154400988,-759.496520,-248.331599,-6.297944,1,-759.496593,blocked
1048576,2097184,1048608,32,0.106,222301,32,12,357,gf,512.560263,0.380154400988,-761.586565,-249.026302,-6.297944,1,-761.586639,blocked
1048576,2097184,1048608,32,0.106,222301,32,12,358,gf,513.955606,0.380154400988,-763.676635,-249.721029,-6.297944,1,-763.676709,blocked
1048576,2097184,1048608,32,0.106,222301,32,12,359,gf,515.350949,0.380154400988,-765.766729,-250.415780,-6.297944,1,-765.766803,blocked
1048576,2097184,1048608,32,0.106,222301,32,12,360,gf,516.746291,0.380154400988,-767.856847,-251.110555,-6.297944,1,-767.856922,blocked
1048576,2097184,1048608,32,0.106,222301,32,12,361,gf,518.141634,0.380154400988,-769.946989,-251.805355,-6.297944,1,-769.947064,blocked
1048576,2097184,1048608,32,0.106,222301,32,12,362,gf,519.536976,0.380154400988,-772.037154,-252.500178,-6.297944,1,-772.037230,blocked
1048576,2097184,1048608,32,0.106,222301,32,12,363,gf,520.932319,0.380154400988,-774.127344,-253.195025,-6.297944,1,-774.127420,blocked
1048576,2097184,1048608,32,0.106,222301,32,12,364,gf,522.327662,0.380154400988,-776.217557,-253.889896,-6.297944,1,-776.217634,blocked
1048576,2097184,1048608,32,0.106,222301,32,12,365,gf,523.723004,0.380154400988,-778.307794,-254.584790,-6.297944,1,-778.307871,blocked
1048576,2097184,1048608,32,0.106,222301,32,12,366,gf,525.118347,0.380154400988,-780.398054,-255.279708,-6.297944,1,-780.398132,blocked
1048576,2097184,1048608,32,0.106,222301,32,12,367,gf,526.513689,0.380154400988,-782.488338,-255.974648,-6.297944,1,-782.488416,blocked
1048576,2097184,1048608,32,0.106,222301,32,12,368,gf,527.909032,0.380154400988,-784.578644,-256.669612,-6.297944,1,-784.578723,blocked
1048576,2097184,1048608,32,0.106,222301,32,12,369,gf,529.304375,0.380154400988,-786.668974,-257.364599,-6.297944,1,-786.669053,blocked
1048576,2097184,1048608,32,0.106,222301,32,12,370,gf,530.690380,0.39303314505,-788.759326,-258.068947,-6.297944,1,-788.759406,blocked
1048576,2097184,1048608,32,0.106,222301,32,12,371,gf,532.037657,0.39303314505,-790.849702,-258.812045,-6.297944,1,-790.849782,blocked
1048576,2097184,1048608,32,0.106,222301,32,12,372,gf,533.384934,0.39303314505,-792.940100,-259.555166,-6.297944,1,-792.940180,blocked
1048576,2097184,1048608,32,0.106,222301,32,12,373,gf,534.732211,0.39303314505,-795.030520,-260.298309,-6.297944,1,-795.030601,blocked
1048576,2097184,1048608,32,0.106,222301,32,12,374,gf,536.079488,0.39303314505,-797.120964,-261.041475,-6.297944,1,-797.121045,blocked
1048576,2097184,1048608,32,0.106,222301,32,12,375,gf,537.426765,0.39303314505,-799.211429,-261.784664,-6.297944,1,-799.211511,blocked
1048576,2097184,1048608,32,0.106,222301,32,12,376,gf,538.774043,0.39303314505,-801.301917,-262.527874,-6.297944,1,-801.301999,blocked
1048576,2097184,1048608,32,0.106,222301,32,12,377,gf,540.121320,0.39303314505,-803.392427,-263.271107,-6.297944,1,-803.392509,blocked
1048576,2097184,1048608,32,0.106,222301,32,12,378,gf,541.468597,0.39303314505,-805.482958,-264.014362,-6.297944,1,-805.483041,blocked
1048576,2097184,1048608,32,0.106,222301,32,12,379,gf,542.815874,0.39303314505,-807.573512,-264.757638,-6.297944,1,-807.573596,blocked
1048576,2097184,1048608,32,0.106,222301,32,12,380,gf,544.163151,0.39303314505,-809.664088,-265.500937,-6.297944,1,-809.664172,blocked
1048576,2097184,1048608,32,0.106,222301,32,12,381,gf,545.510428,0.39303314505,-811.754685,-266.244257,-6.297944,1,-811.754769,blocked
1048576,2097184,1048608,32,0.106,222301,32,12,382,gf,546.857705,0.39303314505,-813.845304,-266.987599,-6.297944,1,-813.845389,blocked
1048576,2097184,1048608,32,0.106,222301,32,12,383,gf,548.204982,0.39303314505,-815.935944,-267.730962,-6.297944,1,-815.936030,blocked
1048576,2097184,1048608,32,0.106,222301,32,12,384,gf,549.552259,0.39303314505,-818.026606,-268.474347,-6.297944,1,-818.026692,blocked
1048576,2097184,1048608,32,0.106,222301,32,12,385,gf,550.899537,0.39303314505,-820.117289,-269.217753,-6.297944,1,-820.117375,blocked
1048576,2097184,1048608,32,0.106,222301,32,12,386,gf,552.246814,0.39303314505,-822.207994,-269.961180,-6.297944,1,-822.208080,blocked
1048576,2097184,1048608,32,0.106,222301,32,12,387,gf,553.594091,0.39303314505,-824.298719,-270.704628,-6.297944,1,-824.298806,blocked
1048576,2097184,1048608,32,0.106,222301,32,12,388,gf,554.941368,0.39303314505,-826.389465,-271.448098,-6.297944,1,-826.389553,blocked
1048576,2097184,1048608,32,0.106,222301,32,12,389,gf,556.288645,0.39303314505,-828.480233,-272.191588,-6.297944,1,-828.480321,blocked
1048576,2097184,1048608,32,0.106,222301,32,12,390,gf,557.635922,0.39303314505,-830.571021,-272.935099,-6.297944,1,-830.571109,blocked
1048576,2097184,1048608,32,0.106,222301,32,12,391,gf,558.983199,0.39303314505,-832.661829,-273.678630,-6.297944,1,-832.661918,blocked
1048576,2097184,1048608,32,0.106,222301,32,12,392,gf,560.330476,0.39303314505,-834.752659,-274.422182,-6.297944,1,-834.752748,blocked
1048576,2097184,1048608,32,0.106,222301,32,12,393,gf,561.677753,0.39303314505,-836.843509,-275.165755,-6.297944,1,-836.843598,blocked
1048576,2097184,1048608,32,0.106,222301,32,12,394,gf,563.025031,0.39303314505,-838.934379,-275.909348,-6.297944,1,-838.934469,blocked
1048576,2097184,1048608,32,0.106,222301,32,12,395,gf,564.372308,0.39303314505,-841.025270,-276.652962,-6.297944,1,-841.025360,blocked
1048576,2097184,1048608,32,0.106,222301,32,12,396,gf,565.719585,0.39303314505,-843.116180,-277.396596,-6.297944,1,-843.116272,blocked
1048576,2097184,1048608,32,0.106,222301,32,12,397,gf,567.066862,0.39303314505,-845.207111,-278.140249,-6.297944,1,-845.207203,blocked
1048576,2097184,1048608,32,0.106,222301,32,12,398,gf,568.414139,0.39303314505,-847.298062,-278.883923,-6.297944,1,-847.298154,blocked
1048576,2097184,1048608,32,0.106,222301,32,12,399,gf,569.761416,0.39303314505,-849.389033,-279.627617,-6.297944,1,-849.389126,blocked
1048576,2097184,1048608,32,0.106,222301,32,12,400,gf,571.108693,0.39303314505,-851.480024,-280.371331,-6.297944,1,-851.480117,blocked
1048576,2097184,1048608,32,0.106,222301,32,12,401,gf,572.455970,0.39303314505,-853.571034,-281.115064,-6.297944,1,-853.571128,blocked
1048576,2097184,1048608,32,0.106,222301,32,12,402,gf,573.803247,0.39303314505,-855.662065,-281.858817,-6.297944,1,-855.662159,blocked
1048576,2097184,1048608,32,0.106,222301,32,12,403,gf,575.150525,0.39303314505,-857.753114,-282.602590,-6.297944,1,-857.753209,blocked
1048576,2097184,1048608,32,0.106,222301,32,12,404,gf,576.497802,0.39303314505,-859.844184,-283.346382,-6.297944,1,-859.844279,blocked
1048576,2097184,1048608,32,0.106,222301,32,12,405,gf,577.845079,0.39303314505,-861.935272,-284.090193,-6.297944,1,-861.935368,blocked
1048576,2097184,1048608,32,0.106,222301,32,12,406,gf,579.192356,0.39303314505,-864.026380,-284.834024,-6.297944,1,-864.026476,blocked
1048576,2097184,1048608,32,0.106,222301,32,12,407,gf,580.539633,0.39303314505,-866.117507,-285.577874,-6.297944,1,-866.117604,blocked
1048576,2097184,1048608,32,0.106,222301,32,12,408,gf,581.886910,0.39303314505,-868.208654,-286.321744,-6.297944,1,-868.208751,blocked
1048576,2097184,1048608,32,0.106,222301,32,12,409,gf,583.234187,0.39303314505,-870.299819,-287.065632,-6.297944,1,-870.299917,blocked
1048576,2097184,1048608,32,0.106,222301,32,12,410,gf,584.581464,0.39303314505,-872.391004,-287.809539,-6.297944,1,-872.391102,blocked
1048576,2097184,1048608,32,0.106,222301,32,12,411,gf,585.928741,0.39303314505,-874.482207,-288.553465,-6.297944,1,-874.482305,blocked
1048576,2097184,1048608,32,0.106,222301,32,12,412,gf,587.276019,0.39303314505,-876.573429,-289.297410,-6.297944,1,-876.573528,blocked
1048576,2097184,1048608,32,0.106,222301,32,12,413,gf,588.623296,0.39303314505,-878.664670,-290.041374,-6.297944,1,-878.664769,blocked
1048576,2097184,1048608,32,0.106,222301,32,12,414,gf,589.970573,0.39303314505,-880.755929,-290.785357,-6.297944,1,-880.756029,blocked
1048576,2097184,1048608,32,0.106,222301,32,12,415,gf,591.317850,0.39303314505,-882.847207,-291.529358,-6.297944,1,-882.847308,blocked
1048576,2097184,1048608,32,0.106,222301,32,12,416,gf,592.665127,0.39303314505,-884.938504,-292.273377,-6.297944,1,-884.938605,blocked
1048576,2097184,1048608,32,0.106,222301,32,12,417,gf,594.012404,0.39303314505,-887.029819,-293.017415,-6.297944,1,-887.029920,blocked
1048576,2097184,1048608,32,0.106,222301,32,12,418,gf,595.359681,0.39303314505,-889.121152,-293.761471,-6.297944,1,-889.121254,blocked
1048576,2097184,1048608,32,0.106,222301,32,12,419,gf,596.706958,0.39303314505,-891.212504,-294.505545,-6.297944,1,-891.212606,blocked
1048576,2097184,1048608,32,0.106,222301,32,12,420,gf,598.054235,0.39303314505,-893.303874,-295.249638,-6.297944,1,-893.303976,blocked
1048576,2097184,1048608,32,0.106,222301,32,12,421,gf,599.401513,0.39303314505,-895.395261,-295.993749,-6.297944,1,-895.395365,blocked
1048576,2097184,1048608,32,0.106,222301,32,12,422,gf,600.748790,0.39303314505,-897.486667,-296.737878,-6.297944,1,-897.486771,blocked
1048576,2097184,1048608,32,0.106,222301,32,12,423,gf,602.096067,0.39303314505,-899.578091,-297.482024,-6.297944,1,-899.578195,blocked
1048576,2097184,1048608,32,0.106,222301,32,12,424,gf,603.443344,0.39303314505,-901.669533,-298.226189,-6.297944,1,-901.669638,blocked
1048576,2097184,1048608,32,0.106,222301,32,12,425,gf,604.790621,0.39303314505,-903.760992,-298.970371,-6.297944,1,-903.761097,blocked
1048576,2097184,1048608,32,0.106,222301,32,12,426,gf,606.137898,0.39303314505,-905.852469,-299.714571,-6.297944,1,-905.852575,blocked
1048576,2097184,1048608,32,0.106,222301,32,12,427,gf,607.485175,0.39303314505,-907.943964,-300.458789,-6.297944,1,-907.944070,blocked
1048576,2097184,1048608,32,0.106,222301,32,12,428,gf,608.832452,0.39303314505,-910.035476,-301.203024,-6.297944,1,-910.035583,blocked
1048576,2097184,1048608,32,0.106,222301,32,12,429,gf,610.179729,0.39303314505,-912.127006,-301.947277,-6.297944,1,-912.127114,blocked
1048576,2097184,1048608,32,0.106,222301,32,12,430,gf,611.527007,0.39303314505,-914.218554,-302.691547,-6.297944,1,-914.218661,blocked
1048576,2097184,1048608,32,0.106,222301,32,12,431,gf,612.874284,0.39303314505,-916.310118,-303.435834,-6.297944,1,-916.310227,blocked
1048576,2097184,1048608,32,0.106,222301,32,12,432,gf,614.221561,0.39303314505,-918.401700,-304.180139,-6.297944,1,-918.401809,blocked
1048576,2097184,1048608,32,0.106,222301,32,12,433,gf,615.568838,0.39303314505,-920.493299,-304.924461,-6.297944,1,-920.493409,blocked
1048576,2097184,1048608,32,0.106,222301,32,12,434,gf,616.916115,0.39303314505,-922.584916,-305.668800,-6.297944,1,-922.585026,blocked
1048576,2097184,1048608,32,0.106,222301,32,12,435,gf,618.263392,0.39303314505,-924.676549,-306.413157,-6.297944,1,-924.676659,blocked
1048576,2097184,1048608,32,0.106,222301,32,12,436,gf,619.610669,0.39303314505,-926.768199,-307.157530,-6.297944,1,-926.768310,blocked
1048576,2097184,1048608,32,0.106,222301,32,12,437,gf,620.957946,0.39303314505,-928.859867,-307.901920,-6.297944,1,-928.859978,blocked
1048576,2097184,1048608,32,0.106,222301,32,12,438,gf,622.305224,0.39303314505,-930.951551,-308.646327,-6.297944,1,-930.951663,blocked
1048576,2097184,1048608,32,0.106,222301,32,12,439,gf,623.652501,0.39303314505,-933.043252,-309.390751,-6.297944,1,-933.043364,blocked
1048576,2097184,1048608,32,0.106,222301,32,12,440,gf,624.999778,0.39303314505,-935.134969,-310.135192,-6.297944,1,-935.135082,blocked
1048576,2097184,1048608,32,0.106,222301,32,12,441,gf,626.347055,0.39303314505,-937.226704,-310.879649,-6.297944,1,-937.226817,blocked
1048576,2097184,1048608,32,0.106,222301,32,12,442,gf,627.694332,0.39303314505,-939.318455,-311.624123,-6.297944,1,-939.318569,blocked
1048576,2097184,1048608,32,0.106,222301,32,12,443,gf,629.041609,0.39303314505,-941.410222,-312.368613,-6.297944,1,-941.410337,blocked
1048576,2097184,1048608,32,0.106,222301,32,12,444,gf,630.388886,0.39303314505,-943.502006,-313.113120,-6.297944,1,-943.502121,blocked
1048576,2097184,1048608,32,0.106,222301,32,12,445,gf,631.736163,0.39303314505,-945.593806,-313.857643,-6.297944,1,-945.593922,blocked
1048576,2097184,1048608,32,0.106,222301,32,12,446,gf,633.083440,0.39303314505,-947.685623,-314.602182,-6.297944,1,-947.685739,blocked
1048576,2097184,1048608,32,0.106,222301,32,12,447,gf,634.430718,0.39303314505,-949.777456,-315.346738,-6.297944,1,-949.777573,blocked
1048576,2097184,1048608,32,0.106,222301,32,12,448,gf,635.777995,0.39303314505,-951.869305,-316.091310,-6.297944,1,-951.869422,blocked
1048576,2097184,1048608,32,0.106,222301,32,12,449,gf,637.125272,0.39303314505,-953.961170,-316.835898,-6.297944,1,-953.961288,blocked
1048576,2097184,1048608,32,0.106,222301,32,12,450,gf,638.472549,0.39303314505,-956.053052,-317.580503,-6.297944,1,-956.053170,blocked
1048576,2097184,1048608,32,0.106,222301,32,12,451,gf,639.819826,0.39303314505,-958.144949,-318.325123,-6.297944,1,-958.145068,blocked
1048576,2097184,1048608,32,0.106,222301,32,12,452,gf,641.167103,0.39303314505,-960.236862,-319.069759,-6.297944,1,-960.236982,blocked
1048576,2097184,1048608,32,0.106,222301,32,12,453,gf,642.514380,0.39303314505,-962.328791,-319.814411,-6.297944,1,-962.328911,blocked
1048576,2097184,1048608,32,0.106,222301,32,12,454,gf,643.861657,0.39303314505,-964.420736,-320.559079,-6.297944,1,-964.420857,blocked
1048576,2097184,1048608,32,0.106,222301,32,12,455,gf,645.208934,0.39303314505,-966.512697,-321.303763,-6.297944,1,-966.512818,blocked
1048576,2097184,1048608,32,0.106,222301,32,12,456,gf,646.556212,0.39303314505,-968.604674,-322.048462,-6.297944,1,-968.604796,blocked
1048576,2097184,1048608,32,0.106,222301,32,12,457,gf,647.903489,0.39303314505,-970.696666,-322.793177,-6.297944,1,-970.696788,blocked
1048576,2097184,1048608,32,0.106,222301,32,12,458,gf,649.250766,0.39303314505,-972.788674,-323.537908,-6.297944,1,-972.788797,blocked
1048576,2097184,1048608,32,0.106,222301,32,12,459,gf,650.598043,0.39303314505,-974.880697,-324.282654,-6.297944,1,-974.880820,blocked
1048576,2097184,1048608,32,0.106,222301,32,12,460,gf,651.945320,0.39303314505,-976.972736,-325.027416,-6.297944,1,-976.972860,blocked
1048576,2097184,1048608,32,0.106,222301,32,12,461,gf,653.292597,0.39303314505,-979.064790,-325.772193,-6.297944,1,-979.064915,blocked
1048576,2097184,1048608,32,0.106,222301,32,12,462,gf,654.639874,0.39303314505,-981.156860,-326.516986,-6.297944,1,-981.156985,blocked
1048576,2097184,1048608,32,0.106,222301,32,12,463,gf,655.987151,0.39303314505,-983.248945,-327.261793,-6.297944,1,-983.249070,blocked
1048576,2097184,1048608,32,0.106,222301,32,12,464,gf,657.334428,0.39303314505,-985.341045,-328.006616,-6.297944,1,-985.341171,blocked
1048576,2097184,1048608,32,0.106,222301,32,12,465,gf,658.681706,0.39303314505,-987.433160,-328.751455,-6.297944,1,-987.433287,blocked
1048576,2097184,1048608,32,0.106,222301,32,12,466,gf,660.028983,0.39303314505,-989.525291,-329.496308,-6.297944,1,-989.525418,blocked
1048576,2097184,1048608,32,0.106,222301,32,12,467,gf,661.376260,0.39303314505,-991.617436,-330.241176,-6.297944,1,-991.617564,blocked
1048576,2097184,1048608,32,0.106,222301,32,12,468,gf,662.723537,0.39303314505,-993.709597,-330.986060,-6.297944,1,-993.709725,blocked
1048576,2097184,1048608,32,0.106,222301,32,12,469,gf,664.070814,0.39303314505,-995.801772,-331.730958,-6.297944,1,-995.801901,blocked
1048576,2097184,1048608,32,0.106,222301,32,12,470,gf,665.418091,0.39303314505,-997.893963,-332.475872,-6.297944,1,-997.894092,blocked
1048576,2097184,1048608,32,0.106,222301,32,12,471,gf,666.765368,0.39303314505,-999.986168,-333.220800,-6.297944,1,-999.986298,blocked
1048576,2097184,1048608,32,0.106,222301,32,12,472,gf,668.112645,0.39303314505,-1002.078388,-333.965743,-6.297944,1,-1002.078519,blocked
1048576,2097184,1048608,32,0.106,222301,32,12,473,gf,669.459922,0.39303314505,-1004.170623,-334.710700,-6.297944,1,-1004.170754,blocked
1048576,2097184,1048608,32,0.106,222301,32,12,474,gf,670.807200,0.39303314505,-1006.262872,-335.455673,-6.297944,1,-1006.263004,blocked
1048576,2097184,1048608,32,0.106,222301,32,12,475,gf,672.154477,0.39303314505,-1008.355137,-336.200660,-6.297944,1,-1008.355269,blocked
1048576,2097184,1048608,32,0.106,222301,32,12,476,gf,673.501754,0.39303314505,-1010.447415,-336.945662,-6.297944,1,-1010.447548,blocked
1048576,2097184,1048608,32,0.106,222301,32,12,477,gf,674.849031,0.39303314505,-1012.539709,-337.690678,-6.297944,1,-1012.539842,blocked
1048576,2097184,1048608,32,0.106,222301,32,12,478,gf,676.196308,0.39303314505,-1014.632016,-338.435708,-6.297944,1,-1014.632150,blocked
1048576,2097184,1048608,32,0.106,222301,32,12,479,gf,677.543585,0.39303314505,-1016.724339,-339.180754,-6.297944,1,-1016.724473,blocked
1048576,2097184,1048608,32,0.106,222301,32,12,480,gf,678.890862,0.39303314505,-1018.816675,-339.925813,-6.297944,1,-1018.816810,blocked
1048576,2097184,1048608,32,0.106,222301,32,12,481,gf,680.238139,0.39303314505,-1020.909026,-340.670887,-6.297944,1,-1020.909162,blocked
1048576,2097184,1048608,32,0.106,222301,32,12,482,gf,681.585416,0.39303314505,-1023.001392,-341.415975,-6.297944,1,-1023.001528,blocked
1048576,2097184,1048608,32,0.106,222301,32,12,483,gf,682.932694,0.39303314505,-1025.093771,-342.161077,-6.297944,1,-1025.093908,blocked
1048576,2097184,1048608,32,0.106,222301,32,12,484,gf,684.279971,0.39303314505,-1027.186165,-342.906194,-6.297944,1,-1027.186302,blocked
1048576,2097184,1048608,32,0.106,222301,32,12,485,gf,685.627248,0.39303314505,-1029.278572,-343.651325,-6.297944,1,-1029.278710,blocked
1048576,2097184,1048608,32,0.106,222301,32,12,486,gf,686.974525,0.39303314505,-1031.370994,-344.396469,-6.297944,1,-1031.371133,blocked
1048576,2097184,1048608,32,0.106,222301,32,12,487,gf,688.321802,0.39303314505,-1033.463430,-345.141628,-6.297944,1,-1033.463569,blocked
1048576,2097184,1048608,32,0.106,222301,32,12,488,gf,689.669079,0.39303314505,-1035.555880,-345.886801,-6.297944,1,-1035.556020,blocked
1048576,2097184,1048608,32,0.106,222301,32,12,489,gf,691.016356,0.39303314505,-1037.648344,-346.631988,-6.297944,1,-1037.648484,blocked
1048576,2097184,1048608,32,0.106,222301,32,12,490,gf,692.363633,0.39303314505,-1039.740822,-347.377188,-6.297944,1,-1039.740962,blocked
1048576,2097184,1048608,32,0.106,222301,32,12,491,gf,693.710910,0.39303314505,-1041.833313,-348.122403,-6.297944,1,-1041.833455,blocked
1048576,2097184,1048608,32,0.106,222301,32,12,492,gf,695.058188,0.39303314505,-1043.925818,-348.867631,-6.297944,1,-1043.925960,blocked
1048576,2097184,1048608,32,0.106,222301,32,12,493,gf,696.405465,0.39303314505,-1046.018338,-349.612873,-6.297944,1,-1046.018480,blocked
1048576,2097184,1048608,32,0.106,222301,32,12,494,gf,697.752742,0.39303314505,-1048.110870,-350.358129,-6.297944,1,-1048.111014,blocked
1048576,2097184,1048608,32,0.106,222301,32,12,495,gf,699.100019,0.39303314505,-1050.203417,-351.103398,-6.297944,1,-1050.203561,blocked
1048576,2097184,1048608,32,0.106,222301,32,12,496,gf,700.447296,0.39303314505,-1052.295977,-351.848681,-6.297944,1,-1052.296121,blocked
1048576,2097184,1048608,32,0.106,222301,32,12,497,gf,701.794573,0.39303314505,-1054.388550,-352.593977,-6.297944,1,-1054.388695,blocked
1048576,2097184,1048608,32,0.106,222301,32,12,498,gf,703.141850,0.39303314505,-1056.481138,-353.339287,-6.297944,1,-1056.481283,blocked
1048576,2097184,1048608,32,0.106,222301,32,12,499,gf,704.489127,0.39303314505,-1058.573738,-354.084611,-6.297944,1,-1058.573884,blocked
1048576,2097184,1048608,32,0.106,222301,32,12,500,gf,705.836404,0.39303314505,-1060.666352,-354.829948,-6.297944,1,-1060.666499,blocked
