file,n,cut,delta,q1,s,pairs,q_s,late_base,corr,beta_nat,beta_bits,pred_beta_nat,pred_beta_bits
enum_WC12_WC120.120.12.txt,120,10,0.08333333333333333,0.1666260069925079,2,1.0,0.025702832864358666,0.02435550491382994,1.0553192370798958,0.053843315544108115,0.07767948432050442,0.06496961693663872,0.09373134416294429
enum_WC12_WC120.120.12.txt,120,10,0.08333333333333333,0.1666260069925079,3,3.0,0.003655919079994879,0.0030571415726295915,1.1958618837695012,0.05962238902060928,0.08601692496598559,0.06496961693663872,0.09373134416294429
enum_WC12_WC120.120.12.txt,120,10,0.08333333333333333,0.1666260069925079,4,6.0,0.00048025210531207717,0.00032102707081007405,1.4959863169801146,0.06713095551779837,0.0968494966156653,0.06496961693663872,0.09373134416294429
enum_WC12_WC120.120.12.txt,120,10,0.08333333333333333,0.1666260069925079,5,10.0,5.915762653865964e-05,2.7233704991938124e-05,2.172221023770795,0.07757501573782337,0.11191709050184107,0.06496961693663872,0.09373134416294429
enum_WC12_WC120.120.12.txt,120,10,0.08333333333333333,0.1666260069925079,6,15.0,7.1145045031959045e-06,1.7787780287527153e-06,3.999658410546378,0.09241393067399484,0.1333251194924288,0.06496961693663872,0.09373134416294429
enum_WC12_WC120.120.12.txt,120,11,0.09166666666666666,0.1832886076917587,2,1.0,0.03140351713076208,0.02991026919242273,1.0499242560718123,0.04871802449296361,0.07028525233790567,0.05890870563899525,0.08498729749056616
enum_WC12_WC120.120.12.txt,120,11,0.09166666666666666,0.1832886076917587,3,3.0,0.005014558482533817,0.004271006608820752,1.1740928876526284,0.053498612978048914,0.0771821836378691,0.05890870563899525,0.08498729749056616
enum_WC12_WC120.120.12.txt,120,11,0.09166666666666666,0.1832886076917587,4,6.0,0.0007469649492253584,0.0005228155153192634,1.428735237073474,0.059464933886087756,0.08578976522424889,0.05890870563899525,0.08498729749056616
enum_WC12_WC120.120.12.txt,120,11,0.09166666666666666,0.1832886076917587,5,10.0,0.00010481378482004798,5.341995979187863e-05,1.9620715782714366,0.06740008427771155,0.09723776734295264,0.05890870563899525,0.08498729749056616
enum_WC12_WC120.120.12.txt,120,11,0.09166666666666666,0.1832886076917587,6,15.0,1.4224350463451042e-05,4.3984329438248964e-06,3.2339586950895938,0.07824713259948077,0.11288675016505205,0.05890870563899525,0.08498729749056616
enum_WC12_WC120.120.12.txt,120,12,0.1,0.19995120839100947,2,1.0,0.03767336410442601,0.03603475288420453,1.0454730805421937,0.04446949162794539,0.06415591504249009,0.052847794341351784,0.07624325081818804
enum_WC12_WC120.120.12.txt,120,12,0.1,0.19995120839100947,3,3.0,0.006673372010203467,0.0057696054189332975,1.1566427035554991,0.04850719589629119,0.06998109096700877,0.052847794341351784,0.07624325081818804
enum_WC12_WC120.120.12.txt,120,12,0.1,0.19995120839100947,4,6.0,0.0011120166193143313,0.0008072886633606274,1.3774708722963667,0.053374852747162645,0.07700363536651021,0.052847794341351784,0.07624325081818804
enum_WC12_WC120.120.12.txt,120,12,0.1,0.19995120839100947,5,10.0,0.00017548000710927069,9.666468914720895e-05,1.8153475551143115,0.05962769398059718,0.08602457840545225,0.052847794341351784,0.07624325081818804
enum_WC12_WC120.120.12.txt,120,12,0.1,0.19995120839100947,6,15.0,2.6692922222726978e-05,9.642718376846887e-06,2.76819473301422,0.0678796924535566,0.0979296956798141,0.052847794341351784,0.07624325081818804
enum_WC12_WC120.120.12.txt,120,13,0.10833333333333334,0.21661380909026026,2,1.0,0.04451235989207766,0.04272895598917533,1.041737596007591,0.04089008436937607,0.05899192194123018,0.0467868830437083,0.0674992041458099
enum_WC12_WC120.120.12.txt,120,13,0.10833333333333334,0.21661380909026026,3,3.0,0.008662276368643425,0.007582909979169477,1.142341975895666,0.044360173301800115,0.06399820203548202,0.0467868830437083,0.0674992041458099
enum_WC12_WC120.120.12.txt,120,13,0.10833333333333334,0.21661380909026026,4,6.0,0.0015970836384491822,0.0011944095428668932,1.3371323496091354,0.04842121386750257,0.06985704512046986,0.0467868830437083,0.0674992041458099
enum_WC12_WC120.120.12.txt,120,13,0.10833333333333334,0.21661380909026026,5,10.0,0.00028030182975140533,0.00016418781759562696,1.7072023604196502,0.05348559841907141,0.0771634075981729,0.0467868830437083,0.0674992041458099
enum_WC12_WC120.120.12.txt,120,13,0.10833333333333334,0.21661380909026026,6,15.0,4.7411770454884764e-05,1.9285436753693774e-05,2.458423475724702,0.05996801873179467,0.08651556323629664,0.0467868830437083,0.0674992041458099
enum_WC12_WC120.120.12.txt,120,14,0.11666666666666667,0.23327640978951109,2,1.0,0.051920528613919215,0.04999287850733514,1.0385584940123271,0.03783368822910678,0.0545824743866715,0.04072597174606482,0.058755157473431754
enum_WC12_WC120.120.12.txt,120,14,0.11666666666666667,0.23327640978951109,3,3.0,0.011011182236129437,0.00974089226573154,1.1304079683610482,0.04085953383833528,0.0589478468416011,0.04072597174606482,0.058755157473431754
enum_WC12_WC120.120.12.txt,120,14,0.11666666666666667,0.23327640978951109,4,6.0,0.0022259393620462815,0.0017062993469527045,1.3045421168457967,0.044308685148094905,0.06392392033146699,0.04072597174606482,0.058755157473431754
enum_WC12_WC120.120.12.txt,120,14,0.11666666666666667,0.23327640978951109,5,10.0,0.00043042937770626527,0.0002650048985753979,1.62423177843183,0.04850349522651097,0.06997575202906889,0.04072597174606482,0.058755157473431754
enum_WC12_WC120.120.12.txt,120,14,0.11666666666666667,0.23327640978951109,6,15.0,8.032641519324357e-05,3.587658454915092e-05,2.2389649461530094,0.05373424543106184,0.07752212940930336,0.04072597174606482,0.058755157473431754
enum_WC16_WC128.128.16.txt,128,12,0.09375,0.18749714078968063,2,1.0,0.03302167202743221,0.031621047369078864,1.0442940628121942,0.043341119159419364,0.06252801767787196,0.05737787943364493,0.08277878211564439
enum_WC16_WC128.128.16.txt,128,12,0.09375,0.18749714078968063,3,3.0,0.005435394844502238,0.004731182795698925,1.148844819406155,0.046252310885940395,0.06672797954480082,0.05737787943364493,0.08277878211564439
enum_WC16_WC128.128.16.txt,128,12,0.09375,0.18749714078968063,4,6.0,0.0008318635281422444,0.0006175594278417665,1.347017777786056,0.04964884923342768,0.07162814857490993,0.05737787943364493,0.08277878211564439
enum_WC16_WC128.128.16.txt,128,12,0.09375,0.18749714078968063,5,10.0,0.00011785248415746554,6.886075215341749e-05,1.7114608898679688,0.053734732734983345,0.07752283244025432,0.05737787943364493,0.08277878211564439
enum_WC16_WC128.128.16.txt,128,12,0.09375,0.18749714078968063,6,15.0,1.5423342339215327e-05,6.384895264474404e-06,2.415598330176361,0.05879646747898357,0.08482537205371882,0.05737787943364493,0.08277878211564439
enum_WC16_WC128.128.16.txt,128,13,0.1015625,0.20312190252215404,2,1.0,0.03902289528858652,0.03749531308586427,1.0407406173466023,0.03993259177160104,0.057610552118732256,0.05169447522702589,0.07457936305138763
enum_WC16_WC128.128.16.txt,128,13,0.1015625,0.20312190252215404,3,3.0,0.0070624280306720464,0.006218125960061444,1.1357807924820904,0.04244011243819475,0.06122813974935359,0.05169447522702589,0.07457936305138763
enum_WC16_WC128.128.16.txt,128,13,0.1015625,0.20312190252215404,4,6.0,0.0011992474017262446,0.0009136990365144265,1.3125190613105233,0.045324706380240214,0.06538972912452092,0.05169447522702589,0.07457936305138763
enum_WC16_WC128.128.16.txt,128,13,0.1015625,0.20312190252215404,5,10.0,0.00019041556995509133,0.00011696201284881942,1.6280120811636094,0.0487359688414982,0.07031114056054849,0.05169447522702589,0.07457936305138763
enum_WC16_WC128.128.16.txt,128,13,0.1015625,0.20312190252215404,6,15.0,2.8212538509975778e-05,1.2769790528948808e-05,2.2093188174088394,0.05284561604006755,0.07624010819372772,0.05169447522702589,0.07457936305138763
enum_WC16_WC128.128.16.txt,128,14,0.109375,0.2187466642546274,2,1.0,0.04552400445683041,0.043869516310461196,1.0377138451826213,0.037020067722436406,0.05340866811653259,0.046011071020406843,0.06637994398713085
enum_WC16_WC128.128.16.txt,128,14,0.109375,0.2187466642546274,3,3.0,0.008984758082146316,0.007987711213517665,1.12482259836101,0.03920844429206161,0.056565828141128476,0.046011071020406843,0.06637994398713085
enum_WC16_WC128.128.16.txt,128,14,0.109375,0.2187466642546274,4,6.0,0.0016763066853370003,0.0013052843378777521,1.284246379652796,0.04169534522084911,0.06015366777827236,0.046011071020406843,0.06637994398713085
enum_WC16_WC128.128.16.txt,128,14,0.109375,0.2187466642546274,5,10.0,0.0002948794084616109,0.00018878079266826994,1.562020183800054,0.0445979973101009,0.0643413095528619,0.046011071020406843,0.06637994398713085
enum_WC16_WC128.128.16.txt,128,14,0.109375,0.2187466642546274,6,15.0,4.8819125692852124e-05,2.375556620458859e-05,2.0550604970814077,0.048020352432262325,0.06927872431576514,0.046011071020406843,0.06637994398713085
enum_WC16_WC128.128.16.txt,128,15,0.1171875,0.2343714259871008,2,1.0,0.05252503098222012,0.05074365704286964,1.0351053519427171,0.03450321085378634,0.04977761119350381,0.0403276668137878,0.05818052492287408
enum_WC16_WC128.128.16.txt,128,15,0.1171875,0.2343714259871008,3,3.0,0.01122697951179881,0.010064516129032258,1.1155011694415484,0.036434594415428824,0.052564008679939885,0.0403276668137878,0.05818052492287408
enum_WC16_WC128.128.16.txt,128,15,0.1171875,0.2343714259871008,4,6.0,0.00228293823804707,0.0018108885478066838,1.2606729667665768,0.03860761316513619,0.05569901205390144,0.0403276668137878,0.05818052492287408
enum_WC16_WC128.128.16.txt,128,15,0.1171875,0.2343714259871008,5,10.0,0.0004407244777141098,0.0002921607505580368,1.508499950360585,0.041111574671050484,0.05931146490106085,0.0403276668137878,0.05818052492287408
enum_WC16_WC128.128.16.txt,128,15,0.1171875,0.2343714259871008,6,15.0,8.065812885970428e-05,4.167643193787472e-05,1.9353415133986975,0.04401892024141626,0.06350587793757805,0.0403276668137878,0.05818052492287408
enum_WC16_WC128.128.16.txt,128,16,0.125,0.2499961877195742,2,1.0,0.0600259626561384,0.05811773528308961,1.0328338219607816,0.03230630784599253,0.046608150118845636,0.034644262607168755,0.049981105858617314
enum_WC16_WC128.128.16.txt,128,16,0.125,0.2499961877195742,3,3.0,0.013813655091991265,0.012473118279569893,1.107474072030334,0.03402727046793791,0.0490909743590815,0.034644262607168755,0.049981105858617314
enum_WC16_WC128.128.16.txt,128,16,0.125,0.2499961877195742,4,6.0,0.003040650178952011,0.002450735834698379,1.2407090702724535,0.03594717450814323,0.0518608103968684,0.034644262607168755,0.049981105858617314
enum_WC16_WC128.128.16.txt,128,16,0.125,0.2499961877195742,5,10.0,0.0006391728162203678,0.0004365089474740629,1.4642834240146865,0.03813659924403495,0.055019482605739016,0.034644262607168755,0.049981105858617314
enum_WC16_WC128.128.16.txt,128,16,0.125,0.2499961877195742,6,15.0,0.0001281624898518129,6.965917909616203e-05,1.8398507061774172,0.040645628692131806,0.05863924694795272,0.034644262607168755,0.049981105858617314
