mode,status,local_outer,local_length,local_dimension,local_distance_floor,blocks,spectrum_model,sensitivity_bits,source,N,K,delta,d,projected_total_log2,margin_bits,dominant_h,dominant_component,dominant_first_active_regime,dominant_first_r,dominant_gap_min,dominant_gap_max,dominant_bucket_T,dominant_term_log2,h_lt32_log2,h_32_500_log2,h_501_2000_log2,h_gt2000_log2,h_gt2000_status,local_min_positive,local_support_le_hmax,cost_blocks,cost_local_length,cost_n_log2n
rm512_exact,proved,"RM(4,9) [512,256,32]",512,256,32,4096,exact_csv,0,rm512_256_spectrum.csv,2097152,1048576,0.09,188743,-37.278528,37.278528,32,window_e_le8,window_e_le8; r=1; gap=1..4000,1,1,4000,5949,-37.385767,-inf,-37.278528,-198.980892,-586.597103,covered by existing RM theorem; not recomputed by this projection driver,32,106,4096,512,18874368
bch256_heuristic_plus0,heuristic,"BCH-like [256,128,38]",256,128,38,8192,random_like_floor,0,random-like hard-floor envelope; CodeTables construction record,2097152,1048576,0.09,188743,-37.089134,37.089134,59,window_e_le8,window_e_le8; r=1; gap=1..4000,1,1,4000,5949,-41.179257,-inf,-37.089134,-150.500081,NA,not recomputed for heuristic projection,38,219,8192,256,16777216
bch256_heuristic_plus10,heuristic,"BCH-like [256,128,38]",256,128,38,8192,random_like_floor,10,random-like hard-floor envelope; CodeTables construction record,2097152,1048576,0.09,188743,-27.167072,27.167072,59,window_e_le8,window_e_le8; r=1; gap=1..4000,1,1,4000,5949,-31.179257,-inf,-27.167072,-77.587763,NA,not recomputed for heuristic projection,38,219,8192,256,16777216
bch256_heuristic_plus20,heuristic,"BCH-like [256,128,38]",256,128,38,8192,random_like_floor,20,random-like hard-floor envelope; CodeTables construction record,2097152,1048576,0.09,188743,114.398766,-114.398766,1221,postprefix_501_2000_eall_projection,postprefix_501_2000_eall_projection; r=NA; gap=NA,,,,,112.142219,-inf,-10.267532,114.398766,NA,not recomputed for heuristic projection,38,219,8192,256,16777216
bch256_heuristic_plus40,heuristic,"BCH-like [256,128,38]",256,128,38,8192,random_like_floor,40,random-like hard-floor envelope; CodeTables construction record,2097152,1048576,0.09,188743,689.136974,-689.136974,2000,postprefix_501_2000_eall_projection,postprefix_501_2000_eall_projection; r=NA; gap=NA,,,,,686.797712,-inf,168.452668,689.136974,NA,not recomputed for heuristic projection,38,219,8192,256,16777216
bch512_heuristic_plus0,heuristic,"extended BCH-like [512,256,>=62]",512,256,62,4096,random_like_floor,0,random-like hard-floor envelope; primitive BCH designed-distance projection,2097152,1048576,0.09,188743,-68.171304,68.171304,119,window_e_le8,window_e_le8; r=1; gap=1..4000,1,1,4000,5949,-72.763603,-inf,-68.171304,-199.854825,NA,not recomputed for heuristic projection,62,451,4096,512,18874368
bch512_heuristic_plus10,heuristic,"extended BCH-like [512,256,>=62]",512,256,62,4096,random_like_floor,10,random-like hard-floor envelope; primitive BCH designed-distance projection,2097152,1048576,0.09,188743,-65.802609,65.802609,94,window_e_le8,window_e_le8; r=1; gap=1..4000,1,1,4000,5949,-67.939304,-inf,-65.802609,-199.692248,NA,not recomputed for heuristic projection,62,451,4096,512,18874368
bch512_heuristic_plus20,heuristic,"extended BCH-like [512,256,>=62]",512,256,62,4096,random_like_floor,20,random-like hard-floor envelope; primitive BCH designed-distance projection,2097152,1048576,0.09,188743,-56.111333,56.111333,94,window_e_le8,window_e_le8; r=1; gap=1..4000,1,1,4000,5949,-57.939304,-inf,-56.111333,-192.785463,NA,not recomputed for heuristic projection,62,451,4096,512,18874368
bch512_heuristic_plus40,heuristic,"extended BCH-like [512,256,>=62]",512,256,62,4096,random_like_floor,40,random-like hard-floor envelope; primitive BCH designed-distance projection,2097152,1048576,0.09,188743,-36.111659,36.111659,94,window_e_le8,window_e_le8; r=1; gap=1..4000,1,1,4000,5949,-37.939304,-inf,-36.111659,-106.295714,NA,not recomputed for heuristic projection,62,451,4096,512,18874368
